Country ID,Country,1990,1991,1992,1993,1994,1995,1996,1997,1998,1999,2000,2001,2002,2003,2004,2005,2006,2007,2008,2009,2010,2011,2012,2013,2014,2015,2016,2017,Footnotes 1990,Footnotes 1991,Footnotes 1992,Footnotes 1993,Footnotes 1994,Footnotes 1995,Footnotes 1996,Footnotes 1997,Footnotes 1998,Footnotes 1999,Footnotes 2000,Footnotes 2001,Footnotes 2002,Footnotes 2003,Footnotes 2004,Footnotes 2005,Footnotes 2006,Footnotes 2007,Footnotes 2008,Footnotes 2009,Footnotes 2010,Footnotes 2011,Footnotes 2012,Footnotes 2013,Footnotes 2014,Footnotes 2015,Footnotes 2016,Footnotes 2017,Basel Convention,CITES,Convention on Biological Diversity,Convention on Migratory Species,Kyoto Protocol,Montreal Protocol,Paris Agreement,Ramsar Convention,Rotterdam Convention,Stockholm Convention,UN Convention on the Law of the Sea,UN Convention to Combat Desertification,UN Framework Convention on Climate Change,World Heritage Convention,2000 Percent Change,2001 Percent Change,2002 Percent Change,2003 Percent Change,2004 Percent Change,2005 Percent Change,2006 Percent Change,2007 Percent Change,2008 Percent Change,2009 Percent Change,2010 Percent Change,2011 Percent Change,2012 Percent Change,2013 Percent Change,2014 Percent Change,2015 Percent Change,2016 Percent Change
8.0,Albania,,,,,,,,,,,,,,,,,,,,,,,,13164.0,16727.0,13412.0,16964.0,13856.0,,,,,,,,,,,,,,,,,,,,,,,,1.0,1.0,1.0,1.0,1.0,1999.0,2003,1994.0,2001,2005,1999.0,2016,1996,2010 ,2004,2003,2000.0,1994.0,1989,,,,,,,,,,,,,,27.06624126405348,-19.818257906378907,26.483745899194748,-18.32115067201132
20.0,Andorra,187.960907,184.34049759537447,185.25375993462512,186.01596345606958,186.62710815976607,182.6981201,182.1261597,193.1883698,179.806839,185.8106537,191.2939911,185.5326385,190.5882568,190.9530182,176.4890594,173.422287,196.2562256,180.0543213,171.0600281,197.2431183,163.604538,192.645401,154.4371796,169.2293854,221.3279724,223.6974792,,,2.0,,,,,2.0,2.0,2.0,2.0,2.0,2.0,2.0,2.0,2.0,2.0,2.0,3.0,3.0,3.0,3.0,3.0,3.0,3.0,4.0,4.0,4.0,,,1999.0,…,2015.0,,,2009.0,2017,2012,,,,2002.0,2011.0,1997,-0.030117791818082933,0.027249212542191172,0.0019138713272495386,-0.07574616487523003,-0.017376558130152236,0.13166669056786215,-0.08255485526875432,-0.04995322042293015,0.15306375481648818,-0.1705437461642483,0.17750646378769763,-0.198334459071774,0.09578137750451385,0.307857804227421,0.010705862319642389,,
51.0,Armenia,10426,10500.11305614654,10490.275374447927,10484.503195337951,10482.796518816613,10526,10980,11346,10366,10400,9032.0,9750.0,10930.0,10997.0,10531.0,11320.0,11081.0,11367.0,9840.0,10674.0,12549.0,11066.0,10816.0,10773.0,11432.0,12827.0,12928.0,10382.0,,,,,,,,,,,,,,,,,,,,,,,,,,,,,1999.0,2008,1993.0,2011,2003,1999.0,2017,1993,2003,2003,2002,1997.0,1993.0,1993,0.07949512843224092,0.12102564102564102,0.006129917657822507,-0.04237519323451851,0.07492165986136169,-0.021113074204946996,0.025809944950816715,-0.1343362364740037,0.08475609756097562,0.17566048341765036,-0.11817674715116742,-0.022591722392915237,-0.003975591715976332,0.061171447136359414,0.1220258922323303,0.007874015748031496,-0.1969368811881188
31.0,Azerbaijan,33183.60156,28568.23058141768,28429.265150919557,28324.5959187001,28254.22288478911,26356.80078,22900.09961,24455.59961,28315.692731887102,28517.09961,29122.0,23592.59961,33748.19922,36591.0,34287.30078,25427.90039,28831.90039,31082.0,28108.0,32163.0,32642.0,40163.0,28747.0,29580.0,23891.0,32942.0,33175.0,25473.0,,,,,,,,,,,,,,,,,,,,,,,,,,,,,2001.0,1998,2000.0,,2000,1996.0,2017,2001,,2004,2016,1998.0,1995.0,1993,-0.18987021461438083,0.43045699829091455,0.08423562873586704,-0.06295808313519724,-0.2583872217543512,0.13386870122154038,0.07804201525267551,-0.09568238852068721,0.14426497794222284,0.01489288934489942,0.23040867593897432,-0.28424171501132883,0.02897693672383205,-0.19232589587559162,0.3788455903896865,0.007073037459777791,-0.2321627731725697
50.0,Bangladesh,68255,69702.77902847528,71119.34828823805,72395.19169306755,73530.30924296379,74524.70093774796,75378.36677753925,76091.3067625165,76663.52089232206,77095.00916713476,77385.7715869546,77535.80815190077,77545.11886179447,77413.7037166357,73365.0,82125.0,77015.0,71540.0,69715.0,81030.0,74095.0,70445.0,68255.0,68255.0,64970.0,74095.0,,,5.0,,,,,,,,,,,,,,5.0,5.0,5.0,5.0,5.0,5.0,5.0,5.0,5.0,5.0,5.0,5.0,,,1993.0,1981,1994.0,2005,2001,1990.0,2016,1992,,2007,2001,1996.0,1994.0,1983,0.0019388133227771192,0.00012008270908149696,-0.0016946926781166408,-0.05229957387719797,0.11940298507462686,-0.06222222222222222,-0.07109004739336493,-0.025510204081632654,0.16230366492146597,-0.08558558558558559,-0.04926108374384237,-0.031088082901554404,0.0,-0.0481283422459893,0.1404494382022472,,
112.0,Belarus,91344,93498.48118036985,91003.44138371944,88746.86061549187,86728.73887580633,98194.79688,72244.79688,92382,86456,73387,79807.0,83720.0,64247.0,76848.0,87763.0,74835.0,80553.0,87078.0,76584.0,91697.0,86869.2189168334,88904.90066158772,91179.04143494368,93691.64123678207,,,,,,,,,,,,,,,,,,,,,,,,,,,,,,,,,1999.0,1995,1993.0,2003,2005,1988.0,2016,1991,,2004,2006,2001.0,2000.0,1988,0.04903078677309008,-0.23259675107501193,0.1961336716111258,0.1420336248178222,-0.14730581224433986,0.07640809781519342,0.08100256973669509,-0.12051264383656032,0.19733886973780423,-0.05264928059987349,0.023433867256285906,0.025579476006754337,0.027556769212485527,,,,
56.0,Belgium,17201,14729.5,16161,15789.2002,16506.19922,16707,13813.2998,15498.2998,16667.90039,16939.19922,16585.0,16735.0,17253.0,17451.0,17176.0,18033.0,16823.0,17303.0,16849.58340958506,16796.576567593962,16729.836872704327,16649.364324901253,17577.0,14755.0,17579.0,14187.0,15804.0,14181.0,,,,,,,,,,,,,,,,,,,,,,,1.0,1.0,1.0,1.0,1.0,1.0,1993.0,1983,1997.0,1990,2002,1988.0,2017,1986,2002,2006,1998,1997.0,1996.0,1996,0.00904431715405487,0.030953092321481922,0.011476264997391758,-0.015758409260214313,0.04989520260829064,-0.0670992070093717,0.02853236640313856,-0.026204507334851836,-0.0031458844235248717,-0.003973410570961069,-0.004810121486263242,0.055715981523171386,-0.16055071969050463,0.19139274822094204,-0.19295750611525114,0.11397758511313175,-0.10269552012148823
84.0,Belize,25127.0571282804,26707.285701811314,28167.799989432096,29508.599991232157,30729.685707122087,31831.05713713169,32812.71428129077,33674.65713956952,34416.885711967945,35039.399998515844,35542.199999153614,36045.0,36045.0,36045.0,36883.0,36045.0,36044.99999973178,35709.79999926686,35254.88571292162,34680.25714072585,33985.914282649755,33171.85713869333,32238.085708856583,31184.599993139505,,,,,,,,,,,,,,,,,,,,,,,,,,,,,,,,,1997.0,1986,1994.0,,2003,1998.0,2016,1998,2005,2010,1983,1998.0,1994.0,1990,0.014146563827178943,0.0,0.0,0.023248716881675683,-0.022720494536778463,-7.441278998176108e-12,-0.00929948676563769,-0.012739200061456044,-0.01629926067197987,-0.020021271908642,-0.023952780472114868,-0.02814950715398903,-0.032678296262102786,,,,
204.0,Benin,3766.899902,3848.044826976955,3676.07052500546,3518.1320158094168,3374.229299392551,2802.800049,3669.100098,3169.199951,3474.600098,2637.699951,1658.699951,2666.899902,4128.799805,4088.199951,2915.300049,2533.899902,2528.199951,1659.400024,1600.800049,2125.100098,3670.100098,2531.300049,3909.100098,3934.399902,4859.899902,4349.399902,3376.100098,4224.0,,,,,,,,,,,,,,,,,,,,,,,,,,,,,1997.0,1984,1994.0,1986,2002,1993.0,2016,2000,2004,2004,1997,1996.0,1994.0,1982,0.6078253938526824,0.5481645193746006,-0.009833330729872867,-0.2868988591698166,-0.13082706431224014,-0.002249477572299166,-0.3436436768604304,-0.03531395332798916,0.32752375871522726,0.7270245770794747,-0.3102912777830181,0.5443053064943073,0.006472027670241618,0.23523282407808477,-0.10504331576662995,-0.22377795234520612,0.25114773774103905
60.0,Bermuda,409.5877106473781,374.0891530700028,340.40880000870675,308.54665146349,278.5027074338868,250.27696792036295,223.86943292152137,199.28010243922472,176.50897647300735,155.55605502286926,136.42133808834478,119.10482566989958,103.606517767068,89.92641437891871,78.06451550778002,68.0208211527206,57.05095673,53.0710907,52.39526749,52.55483627,43.44996262,38.08000183,46.24679947,57.92919922,64.04920197,53.28480148,67.19080353,49.36800003,,,,,,,,,,,,,,,,,,,,,,,,,,,,,,,,,,,,,,,,,,,-0.12693404610377915,-0.13012325752262402,-0.13203902305553214,-0.13190672566079156,-0.1286588956548183,-0.16127215515512547,-0.06975984730344072,-0.012734300371181126,0.0030454807780198,-0.17324521007398433,-0.1235895376243249,0.21446421343304853,0.25260990779650166,0.10564625150017735,-0.1680645528580034,0.26097501846224386,-0.26525659113515887
70.0,Bosnia and Herzegovina,55421.91429042816,50977.78461968899,46826.86511361599,42969.155772566795,39404.65659618378,36133.36758494377,33155.28873836994,30470.420056819916,28078.761539816856,25980.31318807602,26411.0,22373.0,20338.0,15690.0,22004.0,22773.0,17967.0,19464.0,17888.0,21761.0,26930.0,22587.0,25399.0,26000.0,26883.0,24974.0,25617.0,25247.0,,,,,,,,,,,,,,,,,,,,,,,,,,,,,2001.0,2009,2002.0,2017,2007,1993.0,2017,1992,2007,2010,1994,2002.0,2000.0,1993,-0.15289084093748817,-0.09095785098109328,-0.22853771265611172,0.4024219247928617,0.034948191237956734,-0.21103938874983533,0.08331941893471365,-0.08096999588984792,0.21651386404293382,0.2375350397500115,-0.16126995915336056,0.12449639172975606,0.023662348911374465,0.03396153846153846,-0.07101141985641483,0.02574677664771362,-0.014443533590974743
76.0,Brazil,11762551,11696666.832363129,11702567.09234947,11708561.332763433,11714649.55360505,11684281,11675114,11650138,11822547,11658542,11604933.0,11786480.0,11895190.0,11897731.0,11762859.0,11823228.0,11779750.0,11963445.0,11769852.0,11617902.0,11948611.0,11628461.0,12064854.0,11754489.0,11799024.0,11760121.0,11719974.0,11719974.0,,,,,,,,,,,,,,,,,,,,,,,,,,,,,1992.0,1975,1994.0,2015,2002,1990.0,2016,1993,2004,2004,1988,1997.0,1994.0,1977,0.015643950723369104,0.009223279554201085,0.0002136157556121424,-0.011335942962569921,0.0051321706738132284,-0.003677337525758617,0.015594134001146034,-0.016182044553220247,-0.012910102862805752,0.028465466484396237,-0.02679390935063498,0.03752800994043838,-0.025724720746724328,0.0037887652963901706,-0.0032971371191379897,-0.0034138254189731553,0.0
100.0,Bulgaria,,,,,,,,,,,,,,,,,,,,,,,58179.0,54681.0,90476.0,52052.0,56314.0,70207.0,,,,,,,,,,,,,,,,,,,,,,,,,,,,,1996.0,1991,1996.0,1999,2002,1990.0,2016,1976,2000,2004,1996,2001.0,1995.0,1974,,,,,,,,,,,,,-6.012478729438457,65.46149485195954,-42.46872098678102,8.187965880273572,24.670597009624604
344.0,China Hong Kong Special Administrative Region,1005.200012,906.8037889067782,931.8868783152429,956.5030470379861,980.6522950754734,1027.800049,997.9000244,1133.800049,849.7000122,896.5,1135.699951,1125.5,1067.900024,1055.0,1319.099976,1176.400024,1210.5,1535.599976,1422.699951,1506.300049,1333.099976,1349.099976,1301.0,1032.199951,1114.300049,1038.699951,,,,,,,,,,,,,,,,,,,,,,,,,,,,,,,,,,,,,,,,,,,,,-0.008981202289406505,-0.05117723322967567,-0.01207980495372667,0.25033173080568716,-0.1081797851537524,0.02898671821176363,0.2685666881453944,-0.07352176788520601,0.05876158071224948,-0.11498377970244625,0.012002100583639947,-0.03565338140662747,-0.206610337432744,0.07953894777892688,-0.06784536899899202,,
188.0,Costa Rica,3964.3952519893646,9550.289956688881,14782.943324446678,19662.355355024338,24188.526048898697,28361.455405950546,32181.14342570305,35647.59010887146,38760.79545509815,41520.759464263916,43927.48213660717,47675.19141,47312.46094,49445.35156,50786.51953,48524.07031,45114.94141,51622.73047,52729.17969,46182.98828,58963.05078,47794.46875,41555.19922,41638.07031,48685.25,46365.71094,45513.67188,47608.69141,,,,,,,,,,,,6.0,6.0,6.0,6.0,6.0,6.0,6.0,6.0,6.0,6.0,6.0,6.0,6.0,6.0,6.0,6.0,,1995.0,1975,1994.0,2007,2002,1991.0,2016,1992,2009,2007,1992,1998.0,1994.0,1977,0.08531582260367385,-0.007608369453214582,0.04508094860474205,0.02712424783495654,-0.04454822344467902,-0.0702564495974988,0.14424908592605445,0.02143337266212596,-0.1241474160699199,0.2767266254517041,-0.1894166241782783,-0.130543757325475,0.001994241191367354,0.1692484699106604,-0.047643568842719364,-0.018376490788690483,0.046030553973400876
191.0,Croatia,38028,38667.87620228529,39305.10903482139,39884.30050526559,40405.4506136328,41709,41273.626744017005,41620.65276604891,41909.63742598891,42140.58072382212,40943.0,40918.0,45384.0,38782.0,42136.0,42670.0,44034.0,44046.0,41607.20910988748,41257.73878671229,40850.2271014452,39600.0,39600.0,38990.0,54586.0,39770.0,45751.0,41879.0,,,,,,,,,,,,,,,,,,,,,,,,,,,,,1994.0,2000,1997.0,2000,2007,1992.0,2017,1991,2007,2007,1995,2000.0,1996.0,1992,-0.0006106049874215373,0.10914511950730729,-0.14546976908161466,0.08648342014336548,0.01267324852857414,0.031966252636512774,0.0002725166916473634,-0.05536917972375515,-0.00839927336275348,-0.009877218123217563,-0.030605144454655127,0.0,-0.015404040404040404,0.4,-0.27142490748543585,0.15038974101081218,-0.08463202990098577
192.0,Cuba,6385.634775519371,15071.60144996643,23294.999942302704,31055.830252051353,38354.09237968922,45189.7863253355,51562.912088394165,57473.46966958046,62921.45906817913,67906.88028478622,72429.7333189249,76490.01817083359,80087.73484063148,83222.88332808018,77410.0,95635.0,91159.0,99316.0,93871.0,81639.0,89461.0,89445.0,94395.0,90566.0,89448.0,85505.0,87921.0,96617.0,,,,,,,,,,,,,,,7.0,7.0,7.0,7.0,7.0,7.0,7.0,7.0,7.0,7.0,7.0,7.0,7.0,7.0,1994.0,1990,1994.0,2008,2002,1992.0,2016,2001,2008,2007,1984,1997.0,1994.0,1981,0.0560582604112362,0.04703511328449054,0.039146424776370564,-0.0698471753876239,0.2354346983593851,-0.046802948711245886,0.08948101668513257,-0.054825003020661324,-0.13030648443076137,0.09581205061306483,-0.0001788488838711841,0.05534127117222874,-0.040563589173155355,-0.012344588476911866,-0.04408147750648422,0.028255657563885154,0.09890697330558115
196.0,Cyprus,2518.175896620378,2930,2398,1572,3199,2377.4639078639448,2239,2058,1986,1546,2810.0,2892.0,2557.0,2892.0,2904.0,2073.0,2094.0,2490.0,1483.0,3370.0,2313.0,3013.0,4263.0,1593.0,2122.0,2614.0,2322.0,1760.0,,,,,,,,,,,,,,,,,,,,,,,,,,,,,1992.0,1974,1996.0,2001,1999,1992.0,2017,2001,2004,2005,1988,2000.0,1997.0,1975,0.029181494661921707,-0.11583679114799447,0.13101290574892452,0.004149377593360996,-0.28615702479338845,0.010130246020260492,0.18911174785100288,-0.40441767068273093,1.27242076871207,-0.3136498516320475,0.30263726761781234,0.414868901427149,-0.6263194933145672,0.33207784055241685,0.23185673892554196,-0.1117061973986228,-0.24203273040482343
203.0,Czechia,36470,37603,36159,43792,37683,43950,37461,39859,42750,35381,40353.0,48393.0,48533.0,29319.0,41473.0,42872.0,37617.0,46194.0,38689.0,47826.0,43988.0,35500.0,42239.0,38296.0,43297.0,32021.0,38700.0,39230.0,,,,,,,,,,,,,,,,,,,,,,1.0,1.0,1.0,1.0,1.0,1.0,1.0,1993.0,1993,1994.0,1994,2001,1993.0,2017,1993,2000,2002,1996,2000.0,1993.0,1993,0.19924169206750428,0.0028929803897257867,-0.39589557620588056,0.41454347010471027,0.03373279000795698,-0.12257417428624744,0.22800861312704362,-0.16246698705459584,0.23616531830752927,-0.08024923681679422,-0.19296171683186322,0.18983098591549297,-0.09334974786334904,0.13058805097138082,-0.2604337482966487,0.2085818681490272,0.013695090439276485
208.0,Denmark,24220,20391,24960,32609,37858,23831,20735,21897,20649,24521,16558.88333082199,12596.207572698593,8034.14545083046,2872.696965932846,-2888.1378829479218,-9248.359095573425,-16207.966671466827,-23766.960611343384,-31925.340914726257,-40683.10758137703,-50040.260612010956,-59996.80000638962,-70552.7257642746,-81708.03788542747,,,,,,,,,,,,,,,,,,,,,,,,,,,,,,,,,1994.0,1977,1994.0,1983,2002,1988.0,2016,1978,2004,2003,2004,1995.0,1993.0,1979,-0.23930815133816688,-0.36217743281367376,-0.6424390143900237,-2.0053750594643946,2.2021875237250192,0.752523502166401,0.4663752149233945,0.3432656129992945,0.27432022386364124,0.23000094110109787,0.19897057434566667,0.1759414794915859,0.1581131274562539,,,,
218.0,Ecuador,251828.8438,251126.72698307037,259388.47292661667,266464.4511504173,272354.66165590286,202481.2031,209688.1875,339232.5938,482117.8438,260509.6719,248217.3906,248493.3594,252780.5469,254329.9219,258519.875,256856.4688,255365.7188,248785.6094,239879.4219,218415.6928935051,205333.619887352,191065.77916145325,175612.1707162857,158972.79455137253,,,,,,,,,,,,,,,,,,,,,,,,,,,,,,,,,1993.0,1975,1993.0,2004,2000,1990.0,2017,1991,2004,2004,2012,1995.0,1993.0,1975,0.0011118028407795745,0.017252724621501497,0.006129328459016797,0.01647447956063723,-0.006434345521790143,-0.005803825019337025,-0.02576739521232877,-0.035798644147783255,-0.08947715830098427,-0.05989529796529616,-0.0694861403297045,-0.08088108981624086,-0.09475070034750215,,,,
818.0,Egypt,,,,,,,,,,,,,,2100.0,,,,,,,,,,,,,,,,,,,,,,,,,,,,,,,,,,,,,,,,,,,1993.0,1978,1994.0,1983,2005,1988.0,2017,1988,,2003,1983,1995.0,1994.0,1974,,,,,,,,,,,,,,,,,
222.0,El Salvador,23833.67383,23322.081725001335,23021.86243454367,22751.522379763424,22511.061560682952,21278.1582,22628.13477,22142.94336,20963.9043,22831.58398,21763.52148,21505.36719,21174.15234,21981.55469,22248.37891,22131.33984,22947.25977,22175.81836,21598.43555,21759.23242,22205.90039,22295.25781,22915.50391,25034.05664,24564.94336,22147.01758,23480.31836,21426.56641,8.0,,,,,8.0,8.0,8.0,8.0,8.0,8.0,8.0,8.0,8.0,8.0,8.0,8.0,8.0,8.0,8.0,8.0,8.0,8.0,8.0,8.0,8.0,8.0,8.0,1991.0,1987,1994.0,,1998,1992.0,2017,1999,1999,2008,,1997.0,1995.0,1991,-0.011861788554634154,-0.015401497080878268,0.03813150755861617,0.012138550878814049,-0.005260566195561926,0.036867172792011134,-0.03361801878447116,-0.026036595386327053,0.00744483875361065,0.02052774479257107,0.004024039486380866,0.027819642422874515,0.092450628112764,-0.01873900369988129,-0.09842993507313348,0.060202272165261965,-0.08746695502641394
233.0,Estonia,14500,14895.185490988195,15303.34598134458,15681.398605555296,16029.343363597989,13632,16919,18396,20129,16340,17484.746722601354,17621.936417542398,17729.018246345222,17805.992208980024,17852.858305446804,17869.616535782814,15879.0,17812.80939795822,17739.244029805064,17635.57079550624,17501.78969503939,17337.900728411973,18532.0,16362.0,,,,,,,,,,,,,,,,,,,,,,,,,,,1.0,1.0,,,,,1992.0,1992,1994.0,2008,2002,1996.0,2016,1994,2006,2008,2005,2012.0,1994.0,1995,0.00784625005541018,0.0060766209947407095,0.004341693463521016,0.0026320407150994887,0.0009386861223727753,-0.11139671250341193,0.12178407947340633,-0.004129913845122445,-0.005844287057815762,-0.0075858673369923755,-0.009364126154131012,0.06887219452302161,-0.11709475501834664,,,,
246.0,Finland,113000,108000,108000,130000,124000,118000,95000,115000,125000,114000,123000.0,130000.0,101000.0,123000.0,143000.0,112000.0,98266.0,89000.0,108133.0,104616.0,112561.0,131351.0,120016.0,114369.0,117270.0,119804.0,128476.0,124282.0,,,,,,,,,,,,,,,,,,,,,,,,,,,,,1991.0,1976,1994.0,1989,2002,1988.0,2016,1975,2004,2002,1996,1995.0,1994.0,1987,0.056910569105691054,-0.2230769230769231,0.21782178217821782,0.16260162601626016,-0.21678321678321677,-0.122625,-0.0942950766287424,0.21497752808988765,-0.032524761173739744,0.07594440620937525,0.16693170814047495,-0.08629549832129181,-0.04705205972536995,0.025365265063085278,0.021608254455529975,0.07238489532903743,-0.032644229272393285
250.0,France,304342,272183.5938,326965.4063,310289.9063,310150.5938,314146,301154.1875,335777.5,302495.6875,343863.1875,348536.0,330031.0,340452.0,343018.0,326188.0,325388.0,331272.22823596,329236.1235611439,358245.0,315833.0,301180.0,301912.0,316271.0,313246.0,332183.0,304244.0,292608.0,299398.0,,,,,,,,,,,,,,,,,,,,,,,,,,,,,1991.0,1978,1994.0,1990,2002,1988.0,2016,1986,2004,2004,1996,1997.0,1994.0,1975,-0.053093511143755594,0.03157582166523751,0.007537038995218122,-0.04906448058119399,-0.002452573362600709,0.018083728459439213,-0.006146318650550586,0.08810964035502854,-0.11838825384862314,-0.04639477192060361,0.002430440268278106,0.047560216221945464,-0.009564582272797696,0.06045408401064978,-0.08410725413401648,-0.03824561864819027,0.023205107174103238
270.0,Gambia,11714,11729.972844198346,12102.911276310682,12428.727474793792,12707.421439662576,12959,13123.442668452859,13260.76993238926,13350.974962681532,12650,12872.0,12983.0,13483.0,12331.0,11719.0,11982.0,15571.0,15927.40527,12828.75781,6566.040039,10757.901102721691,10235.517095759511,9666.010855153203,9049.382380902767,,,,,,,,,,,,,,,,,,,,,,,,,,,,,,,,,1997.0,1977,1994.0,2001,2001,1990.0,2016,1997,2002,2006,1984,1996.0,1994.0,1987,0.008623368551895588,0.038511900177154744,-0.08544092561002745,-0.04963101127240289,0.022442187899991466,0.299532632281756,0.022889041808490097,-0.1945481644669672,-0.48817803436262697,0.6384153978384978,-0.048558171521954206,-0.05564020217818303,-0.06379348042234972,,,,
268.0,Georgia,25209,23201.183777093887,24146.13680499792,25047.05141815543,25903.92761656642,23984,24663,27790,22693,34632,27099.0,27550.0,37138.0,37635.0,37816.0,38087.0,29609.0,21855.0,29690.0,38369.0,32120.0,36257.0,31060.0,35366.20313,29849.16602,29937.16211,37092.27734,33814.99219,,,,,,,,,,,,,,,,,,,,,,,,,,,,,1999.0,1996,1994.0,2000,1999,1996.0,2017,1997,2007,2006,1996,1999.0,1994.0,1992,0.016642680541717407,0.34802177858439204,0.013382519252517638,0.004809352995881493,0.007166278823778295,-0.22259563630635124,-0.26187983383430713,0.3584991992679021,0.29232064668238467,-0.16286585524772604,0.12879825653798258,-0.14333783821055243,0.13864144011590476,-0.1559974388463566,0.0029480250785244738,0.2390044588631851,-0.08835491873306486
276.0,Germany,169000,156000,167000,181000,174000,170000,167000,168000,180000,166000,172000.0,171000.0,181000.0,171000.0,178000.0,173000.0,171000.0,198000.0,172000.0,177000.0,182000.0,182000.0,178000.0,175000.0,190000.0,177000.0,,,,,,,,,,,,,,,,,,,,,,,,,,,,,,,1995.0,1976,1994.0,1984,2002,1988.0,2016,1976,2001,2002,1994,1996.0,1993.0,1976,-0.005813953488372093,0.05847953216374269,-0.055248618784530384,0.04093567251461988,-0.028089887640449437,-0.011560693641618497,0.15789473684210525,-0.13131313131313133,0.029069767441860465,0.02824858757062147,0.0,-0.02197802197802198,-0.016853932584269662,0.08571428571428572,-0.06842105263157895,,
348.0,Hungary,45756,50180,47709,47898,55800,52917,54600,46000,54100,56700,42873.0,50685.0,49569.0,43340.0,52088.0,53103.0,49290.0,53100.0,52008.0,52731.0,65100.0,41199.0,45942.0,53754.0,59532.0,50561.0,55970.0,52951.0,,,,,,,,,,,,,,,,,,,,,,,,,,,,,1990.0,1985,1994.0,1983,2002,1989.0,2016,1979,2000,2008,2002,1999.0,1994.0,1985,0.1822125813449024,-0.022018348623853212,-0.12566321692993604,0.20184586986617442,0.019486254031638766,-0.07180385288966724,0.0772976262933658,-0.02056497175141243,0.01390170742962621,0.2345679012345679,-0.36714285714285716,0.11512415349887133,0.1700404858299595,0.10748967518696283,-0.1506920647718874,0.10697968790174245,-0.05393961050562802
352.0,Iceland,-938.8073560893536,1265.651518046856,3339.3333358466625,5282.238097459078,7094.365802764893,8775.716451883316,10326.290044665337,11746.086581259966,13035.106061518192,14193.348485589027,15220.813853353262,16117.502164930105,16883.413420170546,17518.547619223595,18022.904761970043,18126.0,18567.0,19187.0,19136.0,18474.0,18310.0,17046.0,17494.0,16984.0,18256.0,,,,,,,,,,,,,,,,,,,,,,,,,,,,,,,,1995.0,2000,1994.0,,2002,1989.0,2016,1978,,2002,1985,1997.0,1993.0,1995,0.05891198198835445,0.04752046858147649,0.03761882643318186,0.02878989478517062,0.005720234301381711,0.02432969215491559,0.03339257823019336,-0.002658049721165372,-0.03459448160535117,-0.008877341128071885,-0.06903331512834517,0.026281825648245924,-0.029152852406539385,0.07489401789919925,,,
368.0,Iraq,12309432.012084961,11187350.011062622,10118928.010055542,9104166.009140015,8143064.008224487,7235622.007354736,6381840.006561279,5581718.00579834,4835256.005096436,4142454.004425049,3503312.0038146973,2917830.0032348633,2386008.0027160645,1907846.0022277832,1483344.001815796,1112502.0014038086,795320.001083374,531798.0007781982,321936.0005187988,165734.00032043457,63192.00015258789,14310.0,19088.0,77526.0,97129.0,52415.0,21130.0,43973.0,,,,,,,,,,,,,,,,,,,,,,,,,,,,,2011.0,2014,2009.0,2016,2009,2008.0,,2008,2017,2016,1985,2010.0,2009.0,1974,-0.16712242584797257,-0.182266273199327,-0.2004025132958377,-0.22250328376414985,-0.2500040448864397,-0.28510690310687,-0.3313408438693981,-0.3946272832020827,-0.4851958151515992,-0.6187143251812496,-0.7735472850131969,0.3338923829489867,3.0615046102263204,0.2528571060031473,-0.4603568450205397,-0.5968711246780501,1.0810695693327024
372.0,Ireland,38954,38189.5,39611.30859,39050.33984,39110.98047,36067,37335.12109,40686.85938,39242.94141,38324.62109,39575.0,37232.0,38798.0,39082.0,38912.0,37731.0,37369.0,41399.0,37601.0,39037.0,34044.0,37564.0,38690.0,37749.0,38163.0,37995.0,37942.0,38377.0,,,,,,,,,,,,,,,,,,,,,,,,,,,,,1994.0,2002,1996.0,1983,2002,1988.0,2016,1985,2005,2010,1996,1997.0,1994.0,1991,-0.05920404295641188,0.04206059303824667,0.007319964946646734,-0.004349828565580063,-0.030350534539473683,-0.009594232858922372,0.10784339960930182,-0.09174134640933355,0.03819047365761549,-0.12790429592437944,0.10339560568675832,0.029975508465552126,-0.02432153011113983,0.010967177938488436,-0.0044021696407515135,-0.001394920384261087,0.011464867429234095
380.0,Italy,132000,134982.55161434412,136733.07455182076,138375.17021510005,139908.8386042118,141334.07971915603,142650.8935599029,143859.28012651205,144959.23941889405,145950.77143713832,155108.0,131334.0,178474.0,129097.0,152075.0,148898.0,145160.0,146306.0,150448.0,148425.0,155688.0,149391.8282701373,148973.80572408438,148447.3559038341,,,,,,,,,,,,,,,,,,,,,,,,,,,,,,,,,1994.0,1979,1994.0,1983,2002,1988.0,2016,1977,2002,,1995,1997.0,1994.0,1978,-0.15327384789952808,0.3589321881614814,-0.2766621468673308,0.17799019342045128,-0.020891007726450764,-0.025104433907775794,0.007894736842105263,0.02831052725110385,-0.01344650643411677,0.04893380495199596,-0.040440957105638775,-0.0027981620607590717,-0.0035338415212759944,,,,
388.0,Jamaica,11945,,,,,,,,,,,,,,,10051.0,,,,,,,,,,,,,,,,,,,,,,,,,,,,,,,,,,,,,,,,,2003.0,1997,1995.0,,1999,1993.0,2017,1998,2002,2007,1983,1997.0,1995.0,1983,,,,,,,,,,,,,,,,,
400.0,Jordan,13182.458167359233,12525.48753349483,11902.575529962778,11313.722156837583,10758.927414059639,10238.19130165875,9751.513819634914,9298.894967958331,8880.334746658802,8495.833155721426,8145.390195146203,7062.0,7011.799805,9026.0,6550.5,8671.0,5813.0,7201.0,4869.399902,5902.930176,8092.290039,6072.819824,5534.700195,7689.0,6817.0,8154.0,8772.0,7636.0,,,,,,,,,,,,,,,,,,,,,,,,,,,,,1989.0,1978,1994.0,2001,2003,1989.0,2016,1977,2002,2004,1995,1996.0,1993.0,1975,-0.13300654347925406,-0.007108495468705798,0.2872586569804385,-0.27426323953024595,0.3237157468895504,-0.3296044285549533,0.23877515912609668,-0.3237883763366199,0.21225002973682644,0.37089374221322324,-0.24955484853698534,-0.08861116328090814,0.38923513995323095,-0.11340876576928079,0.19612732873698108,0.07579102281089035,-0.1295029639762882
398.0,Kazakhstan,880855.8175158501,860825.1247119904,842302.2127966881,825287.081767559,809779.7316274643,795780.162373066,783288.3740067482,772304.366528511,762828.139936924,754859.6942329407,748399.029417038,743446.1454877853,740001.0424470901,705623.0,806553.0,672334.0,805426.0,747269.0,644677.0,822104.0,800379.0,817553.0,656679.0,865263.0,683123.0,839692.0,990086.0,704872.0,,,,,,,,,,,,,,,,,,,,,,,,,,,,,2003.0,2000,1994.0,2006,2009,1998.0,2016,2007,2007,2007,,1997.0,1995.0,1994,-0.0066179721439653,-0.004633964493063328,-0.04645674867349686,0.14303672074181256,-0.1664106388544832,0.19795518298940706,-0.07220650935033138,-0.1372892492529464,0.2752184427240308,-0.026426096941506185,0.02145733458773906,-0.1967750103051423,0.31763464341025066,-0.2105024715028841,0.22919591347385462,0.179106148444906,-0.28806992523881764
414.0,Kuwait,14.41428487298981,14.385713577685237,14.337856557918712,14.270713813668408,14.184285344927048,14.078571151723736,13.95357123404392,13.809285591865773,13.645714225218398,13.462857134101796,13.260714318501414,13.0392857784027,12.79857151384931,12.538571524812141,12.25928581127664,11.960714373279188,11.642857210805232,11.0,11.0,11.42000008,9.619999886,10.43999958,7.849999905,9.649999619,9.659999847,6.980000019,6.0,6.900000095,,,,,,,,,,,,,,,,,,,,,,,,,,,,,1993.0,2002,2002.0,,2005,1992.0,2018,2015,2006,2006,1986,1997.0,1994.0,2002,-0.016698085395729815,-0.01846069398617604,-0.020314766281207527,-0.02227412532462984,-0.0243547171176002,-0.02657509848944009,-0.05521472944017764,0.0,0.038181825454545404,-0.15761822954383017,0.08523905444046279,-0.24808427003787298,0.229299329399164,0.001036293097909511,-0.27743269880405824,-0.14040114847168744,0.15000001583333336
428.0,Latvia,26987,23248,20121,28084,21982,26033,21285,24510,24187.5,25800,24259.0,30492.0,11949.0,10334.0,30315.0,30315.0,26061.0,26245.0,28162.0,26767.0,24075.0,27488.0,24208.0,20414.0,21239.0,20165.0,21308.0,27017.0,,,,,,,,,,,,,,,,,,,,,,,,,,,,,1992.0,1997,1996.0,1999,2002,1995.0,2017,1995,2003,2004,2004,2002.0,1995.0,1995,0.25693557030380476,-0.6081267217630854,-0.13515775378692776,1.933520418037546,0.0,-0.14032657100445325,0.007060358389931315,0.07304248428272052,-0.049534834173709255,-0.10057159935741772,0.14176531671858775,-0.11932479627473806,-0.15672504957038996,0.040413441755657885,-0.05056735251188851,0.05668237044383834,0.2679275389525061
422.0,Lebanon,8300.000006318092,7700.000005334616,7144.444448888302,6633.333336934447,6166.6666695177555,5744.444446593523,5366.6666682213545,5033.333334326744,4744.444444984198,4500,4300.0,4144.44444398582,4033.3333327025175,3966.6666659116745,3944.4444436579943,3966.6666658967733,4033.3333326876163,4144.4444439560175,4299.999999776483,4500.0,4744.444444924593,5033.333334267139,5366.666668146849,5744.444446519017,,,,,,,,,,,,,,,,,,,,,,,,,,,,,,,,,1994.0,2013,1995.0,2019,2006,1993.0,,1999,2006,2003,1995,1996.0,1994.0,1983,-0.036175710700972134,-0.026809651519045064,-0.016528925653207367,-0.005602240905355431,0.005633802822222196,0.01680672272364262,0.02754820940979905,0.037533512132685715,0.04651162796137525,0.05432098776102066,0.060889929831845255,0.06622516565917903,0.07039337483254166,,,,
440.0,Lithuania,32523,25202,26856,31828,25260,28594,23696,31401,34619,24914,23182.0,31894.0,23944.0,30123.0,31170.0,28100.0,29538.0,32759.0,29173.0,35433.0,37282.0,28123.0,31542.0,32959.0,24719.0,25075.0,27685.0,36034.0,,,,,,,,,,,,,,,,,,,,,,,,,,,,,1999.0,2001,1996.0,2002,2003,1995.0,2017,1993,2004,2006,2003,2003.0,1995.0,1992,0.37580881718574755,-0.24926318429798708,0.25806047444036084,0.03475749427347874,-0.0984921398780879,0.05117437722419929,0.10904597467668765,-0.10946610091883147,0.2145819764851061,0.052182993254875396,-0.24566815085027627,0.12157308964193009,0.0449242280134424,-0.2500075851815892,0.014401877098588131,0.10408773678963111,0.30157124796821383
442.0,Luxembourg,1329,979,1353,1338,1136,1273,1214.6577968108468,1214.1308037708513,1214.7652332908474,1153,1219.5183600168675,1223.637057222426,1228.9171769884415,1235.3587193172425,1242.9616842065006,1251.7260716585442,1261.6518816705793,1272.7391142453998,1374.0,1229.0,1312.9693473372608,1328.7022701581009,1345.596615539398,1363.6523834834807,,,,,,,,,,,,,,,,,,,,,,,,,,,,,,,,,1994.0,1983,1994.0,1983,2002,1988.0,2016,1998,2002,2003,2000,1997.0,1994.0,1983,0.0033773146355102453,0.004315102860648138,0.005241640730082815,0.006154459243595374,0.00705121289208422,0.007929698227730701,0.008787869883838072,0.07956138427837758,-0.10553129548762737,0.06832330946888596,0.011982703825300145,0.012714921740358681,0.013418410640728873,,,,
450.0,Madagascar,,,,,,,,,,,551000.0,,,,,,,551191.1875,,,,,,,,,,,,,,,,,,,,,,,,,,,,,,,,,,,,,,,1999.0,1975,1996.0,2007,2003,1996.0,2016,1999,2004,2005,2001,1997.0,1999.0,1983,,,,,,,,,,,,,,,,,
466.0,Mali,360786,362906.9825372696,365550.9761683941,367811.410782218,369688.28637862206,371181.60295784473,372291.3605196476,373017.55906426907,373360.1985914707,373319.27910125256,372894.800593853,372086.76306927204,370895.16652727127,369320.0109680891,360786.0,360786.0,360786.0,360786.0,360786.0,360786.0,360786.0,331925.0,331925.0,331925.0,331925.0,331925.0,333994.0,334865.0,,,,,,,,,,,,,,,9.0,9.0,9.0,9.0,9.0,9.0,9.0,9.0,9.0,9.0,9.0,9.0,9.0,9.0,2000.0,1994,1995.0,1987,2002,1994.0,2016,1987,2003,2003,1985,1995.0,1994.0,1977,-0.002166931593827848,-0.003202469585780263,-0.004246902363086872,-0.023107361406491674,0.0,0.0,0.0,0.0,0.0,0.0,-0.07999478915478982,0.0,0.0,0.0,0.0,0.00623333584394065,0.002607831278406199
470.0,Malta,92,84.94000244,75.23000336,72.51999664,101.5899963,107,95.59999847,137.1499939,52.66999817,110.1900024,67.0,50.0,67.0,134.0,67.0,73.0,78.0,89.0,72.0,98.0,71.0,82.0,83.0,77.0,81.0,87.0,51.0,69.0,,,,,,,,,,,,,,,,,,,,,,,,,,,,,2000.0,1989,2001.0,2001,2001,1988.0,2016,1989,2017,2017,1993,1998.0,1994.0,1978,-0.2537313432835821,0.34,1.0,-0.5,0.08955223880597014,0.0684931506849315,0.14102564102564102,-0.19101123595505617,0.3611111111111111,-0.2755102040816326,0.15492957746478872,0.012195121951219513,-0.07228915662650602,0.05194805194805195,0.07407407407407407,-0.41379310344827586,0.35294117647058826
480.0,Mauritius,961,955.3830181239173,981.3354921988212,1005.3903593816794,1027.5476196720265,1228,1034,1096,1158,601,1096.0,1034.0,1129.0,1285.0,1167.0,1440.0,1069.0,1105.0,1254.0,1264.0,1178.0,989.0,942.0,1107.0,1119.0,1431.0,1082.0,1212.0,10.0,,,,,,10.0,10.0,10.0,11.0,,,,,10.0,10.0,10.0,10.0,10.0,10.0,10.0,10.0,10.0,10.0,10.0,10.0,10.0,10.0,1992.0,1975,1993.0,2004,2001,1992.0,2016,2001,2005,2004,1994,1996.0,1992.0,1995,-0.05656934306569343,0.09187620889748549,0.13817537643932684,-0.09182879377431907,0.23393316195372751,-0.25763888888888886,0.03367633302151544,0.134841628959276,0.007974481658692184,-0.0680379746835443,-0.16044142614601017,-0.047522750252780584,0.1751592356687898,0.01084010840108401,0.27882037533512066,-0.24388539482879107,0.12014787430683918
504.0,Morocco,244243.38147687912,232492.61068320274,221275.2162501812,210591.19817781448,200440.5564661026,205370,181739.402125597,173188.88949632645,165171.75322771072,131175,150737.6097729206,144320.60258674622,138436.97176098824,133086.71729636192,128269.83919215202,123986.33744907379,120236.21206617355,117000.0,121000.0,126000.0,119000.0,122000.0,79500.0,108919.87248897552,,,,,,,,,,,,,,,,,,,,,,,,,,,,,,,,,1995.0,1975,1995.0,1993,2002,1995.0,2016,1980,2011,2004,2007,1996.0,1995.0,1975,-0.04257071075918826,-0.04076778173249055,-0.038647583781762716,-0.036193530068695856,-0.033394457887028446,-0.03024627922766544,-0.02691545259586573,0.03418803418803419,0.04132231404958678,-0.05555555555555555,0.025210084033613446,-0.3483606557377049,0.3700612891695035,,,,
520.0,Nauru,39.17340088,40.30385932378704,40.25545522314496,40.07529513107147,39.763379047537455,39.31970697263023,38.74427890620427,38.03709484831779,37.198154798999894,36.22745875825058,35.12500672615715,33.890798702515895,32.52483468741411,31.02711468085181,40.1609993,34.92720032,25.47719955,11.00459957,4.279799938,27.72120094,13.74120045,15.37679958,18.46500015,8.803335086035077,36.23759842,53.20980072,,,12.0,,,,,,,,,,,,,,12.0,12.0,12.0,12.0,12.0,12.0,12.0,12.0,12.0,,12.0,12.0,,,2001.0,,1994.0,,2001,2001.0,2016,,,2002,1996,1998.0,1993.0,,-0.03513758825054286,-0.04030486348497825,-0.046048504810444583,0.29438395136319623,-0.1303204370215958,-0.2705627901297528,-0.5680608636595619,-0.6110898982942276,5.477218875084716,-0.5043071734250775,0.11902883856118998,0.20083506674670473,-0.5232420788236454,3.1163488684515137,0.46835891560167026,,
528.0,Netherlands,21080,18292,19686,17578,20233.704366371036,22190,19970,21450,18810,22260,20660.0,21830.0,21940.0,24186.0,21849.0,22361.0,22681.0,21914.0,22053.0,17022.0,22228.0,22372.0,21828.0,21693.0,20028.0,22963.0,22800.0,22753.0,,,,,,,,,,,,,,,,,,,,,13.0,13.0,13.0,13.0,,13.0,13.0,13.0,1993.0,1984,1994.0,1983,2002,1988.0,2017,1980,2000,2002,1996,1995.0,1993.0,1992,0.05663117134559535,0.005038937242327073,0.10237010027347311,-0.09662614735797569,0.023433566753627167,0.014310630114932247,-0.03381685110885763,0.006342977092269782,-0.2281322269079037,0.3058395018211726,0.006478315637934137,-0.0243161094224924,-0.0061847168774051674,-0.07675286958926843,0.14654483722788098,-0.007098375647781213,-0.00206140350877193
578.0,Norway,-4627716.297782898,-4194040.097984314,-3780902.8981781006,-3388304.6983566284,-3016245.498527527,-2664725.298690796,-2333744.098854065,-2023301.8989944458,-1733398.6991271973,-1464034.4992523193,-1215209.299369812,-986923.0994720459,-779175.8995666504,-591967.6996536255,-425298.4997253418,-279168.2997970581,-153577.09985351562,-48524.899894714355,35988.300048828125,99962.50002288818,136507.0,186966.0,147979.0,157360.0,156542.0,167300.0,155639.0,,,,,,,,,,,,,,,,,,,,,,1.0,1.0,,,,,,,1990.0,1976,1993.0,1985,2002,1988.0,2016,1975,2001,2002,1996,1996.0,1993.0,1977,-0.18785751558694594,-0.21049988597544203,-0.24026436138122775,-0.2815511725146589,-0.34359444019354574,-0.44987629338589386,-0.6840355760006003,-1.7416460441322457,1.777638840602676,0.3655820929723077,0.3696440475580007,-0.2085245445696009,0.06339413024821089,-0.005198271479410269,0.06872277088576867,-0.06970113568439928,
591.0,Panama,82759,80302.8157581687,81812.76361316442,83171.5128120184,84379.063354671,84466,83014,87510,87697.27896338701,84436,87027.46094,87345.02344,85524.99219,88607.19531,88446.85938,89711.29688,87761.10938,88993.47656,88127.19531,86473.4375,98284.1875,76210.64844,74307.24219,73481.85938,74964.59375,58593.92969,75669.3125,78218.38281,,,,,,,,,,14.0,14.0,14.0,14.0,14.0,14.0,14.0,14.0,14.0,14.0,14.0,14.0,14.0,14.0,14.0,14.0,14.0,14.0,14.0,1991.0,1978,1995.0,1989,1999,1989.0,2016,1990,2000,2003,1996,1996.0,1995.0,1978,0.0036489918994527426,-0.02083726328438432,0.036038624980551326,-0.0018095136567527262,0.01429601354828796,-0.021738482976214446,0.014042292636296676,-0.009734210680217077,-0.018765578595604526,0.13658240427877058,-0.22458891528202332,-0.02497559447350111,-0.011107703444161558,0.02017823694869064,-0.2183786137038861,0.29141897292671587,0.033686975945499645
600.0,Paraguay,451164.6563,387889.9880825281,386790.4014594555,386136.1003379822,385927.0847181082,437656.9688,259292,295532,320098,386940.0938,438236.0938,460909.1875,434306.6563,464659.5938,405976.625,397611.875,463134.9063,445241.5938,405138.125,417980.0938,441791.1563,446881.1875,450795.3438,451220.0625,485203.6563,498159.5313,475446.2813,485511.6563,,,,,,,,,,,,,,,,,,,,,,,,,,,,,1995.0,1976,1994.0,1999,1999,1992.0,2016,1995,2003,2004,1986,1997.0,1994.0,1988,0.051737166383076294,-0.057717511217977246,0.06988826226746458,-0.12629238604564022,-0.02060401876585875,0.16479143461195664,-0.03863520597691559,-0.09007125425486243,0.03169775443868674,0.056966977263260284,0.01152135149700376,0.008758829884733005,0.0009421541412114886,0.07531489981122011,0.026701931924415303,-0.045594329874061375,0.021170372754790542
616.0,Poland,164997,149201.2031,131292.9063,146601.4063,144075.9063,151406,139495.2031,140415.4063,156600.2031,129388.2969,140985.0,175322.0,150569.0,110404.0,149701.0,130852.0,151063.0,175700.0,153849.0,164802.0,175385.0,148606.0,152301.0,152502.0,154215.0,119794.0,182180.0,194583.0,,,,,,,,,,,,,,,,,,,,,,,,,,,,,1992.0,1989,1996.0,1996,2002,1990.0,2016,1978,2005,2008,1998,2001.0,1994.0,1976,0.24355073234741284,-0.14118593217052053,-0.266754776879703,0.3559381906452665,-0.12591098255856675,0.15445694372267907,0.16309089585139974,-0.12436539556061468,0.07119318292611587,0.06421645368381451,-0.15268694586196083,0.024864406551552427,0.0013197549589300135,0.01123263957194004,-0.2232013747041468,0.5207773344240947,0.06808101877264244
620.0,Portugal,,,,,,,,,,,,,,,,,,,,,,,,,,,51825.0,51301.0,,,,,,,,,,,,,,,,,,,,,,,,,,,,,1994.0,1980,1994.0,1983,2002,1988.0,2016,1981,2005,2004,1997,1996.0,1993.0,1980,,,,,,,,,,,,,,,,,-1.0110950313555234
634.0,Qatar,348.6562975519337,375.05436218716204,399.9130362053402,423.2323196050711,445.0122123863548,465.25271454826,483.9538260931149,501.11554701952264,588,582.7000122,785.7000122,48.29999924,404.7000122,716.7000122,435.6000061,544.7999878,1326.400024,375.7999878,345.8999939,820.7999878,314.1000061,778.5,372.7000122,655.0,438.6000061,863.4000244,613.0,859.2000122,,,,,,,,,,,,,,,,,,,,,,,,,,,,,1995.0,2001,1996.0,,2005,1996.0,2017,,2004,2004,2002,1999.0,1996.0,1984,-0.9385261569428291,7.37888237200726,0.7709414148616621,-0.39221431744800517,0.25068865971257864,1.434655017809822,-0.7166767332627852,-0.07956358400924879,1.3729401626913413,-0.6173245482838201,1.478509980519227,-0.5212588154142582,0.7574456092276994,-0.3303816700763359,0.9685362799633579,-0.2900162350284965,0.4016313412724306
498.0,Republic of Moldova,28200,26929.35311460495,26481.80438709259,26104.675417661667,25797.966206341982,24000,25395.807058036327,25300.357120990753,25275.326942056417,25320.71652123332,26300.0,27100.0,23400.0,27900.0,26400.0,25600.0,27700.0,27800.0,24900.0,37000.0,27800.0,32000.0,37300.0,28300.0,30500.0,33600.0,30500.0,28500.0,,,,,,,,,,,,15.0,15.0,15.0,15.0,15.0,15.0,15.0,15.0,15.0,15.0,15.0,15.0,15.0,15.0,15.0,15.0,,1998.0,2001,1996.0,2001,2003,1996.0,2017,2000,2005,2004,2007,1999.0,1995.0,2002,0.030418250950570342,-0.13653136531365315,0.19230769230769232,-0.053763440860215055,-0.030303030303030304,0.08203125,0.0036101083032490976,-0.10431654676258993,0.4859437751004016,-0.24864864864864866,0.1510791366906475,0.165625,-0.24128686327077747,0.07773851590106007,0.10163934426229508,-0.09226190476190477,-0.06557377049180328
642.0,Romania,91351,127839,87314,103928,97154,112224,110133,122370,121276,120865,68770.0,134940.0,118000.0,102500.0,127300.0,142700.0,106555.0,136450.0,119153.0,121769.0,140465.0,88834.0,124501.0,127456.0,155230.0,117699.0,147192.0,128889.0,,,,,,,,,,,,,,,,,,,,,,,,,,,,,1991.0,1994,1994.0,1998,2001,1993.0,2017,1991,2003,2004,1996,1998.0,1994.0,1990,0.9621928166351607,-0.12553727582629318,-0.13135593220338984,0.24195121951219511,0.12097407698350353,-0.2532936229852838,0.28055933555440854,-0.12676438255771344,0.02195496546457076,0.1535366144092503,-0.367571993023173,0.40150167728572395,0.023734749118480974,0.21791049460205875,-0.2417767184178316,0.25057986898784185,-0.1243477906407957
643.0,Russian Federation,5871404.924747467,5802292.313110352,5740366.16926384,5685626.4932022095,5638073.284931183,5875812,5104002,5362136,5583250,5327921,5748090.0,5869876.0,5574727.0,5405429.0,6129908.0,5268281.0,5964690.0,5334976.0,5520626.0,5782551.0,5734498.0,5259391.0,6170729.0,6629392.0,5220269.0,7000426.0,5972354.0,5508700.0,,,,,,,,,,,,,,,,,,,,,,,,,,,,,1995.0,1992,1995.0,,2004,1988.0,2019,1977,2011,2011,1997,2003.0,1994.0,1988,0.021187211752077648,-0.050281982106606685,-0.030368841380035292,0.1340280299676492,-0.14056116339755834,0.132189038511803,-0.1055736341704263,0.0347986570136398,0.04744480064398494,-0.008310000205791528,-0.08285066975348147,0.17327823696697964,0.07432881917193253,-0.21255689812881784,0.3410086721584654,-0.14685849118325084,-0.07763337538263806
688.0,Serbia,31320,35915.797779649496,37094.20628383756,38202.561760634184,39240.86421018839,47950,49061,40260,42328,47038,20371.0,53043.0,42697.0,33537.0,48769.0,50655.78125,47887.20313,55215.71094,44263.0,52400.0,58040.0,25257.0,44228.0,50030.0,73681.57031,46169.79297,,,,,,,,,,,,,,,,,,,,,,,,,,,,,,,2000.0,2006,2002.0,2008,2007,2001.0,2017,1992,2009,2009,2001,2007.0,2001.0,2001,1.603848608315743,-0.1950492996248327,-0.21453497903833993,0.45418493007722816,0.03868812667883287,-0.05465473143798366,0.15303687271326333,-0.19836221889638858,0.18383299821521362,0.10763358778625955,-0.5648345968297726,0.7511185018014808,0.13118386542461788,0.4727477575454726,-0.37338750007973326,,
703.0,Slovakia,20889,23046,23046,22409,25950,27840,28286,24960,26060,25770,24420.0,28160.0,29000.0,21198.0,31618.0,33628.0,21374.0,30196.0,29903.0,30883.0,26593.0,24061.0,20982.0,22690.0,25499.0,23692.0,22399.0,22287.0,,,,,,,,,,,,,,,,,,,,,,,,,,,,,1993.0,1993,1994.0,1995,2002,1993.0,2016,1993,2007,2002,1996,2002.0,1994.0,1993,0.15315315315315314,0.029829545454545456,-0.2690344827586207,0.49155580715161806,0.06357138338920867,-0.36439871535625074,0.4127444558809769,-0.009703271956550536,0.03277263150854429,-0.1389113751902341,-0.09521302598428158,-0.12796641868584016,0.08140310742541226,0.1237990304098722,-0.0708655241382015,-0.05457538409589735,-0.005000223224251083
705.0,Slovenia,13007,14806.40039,16127.2002,15646.7002,15930.5,12806,12542.59961,13190,13291.09961,13109,13918.0,12363.0,14365.0,14074.0,11028.0,11814.0,11899.0,12943.0,13262.0,13065.0,14097.0,15371.0,12743.0,13418.0,14671.0,13483.0,12909.0,13187.0,,,,,,,,,,,,,,,,,,,,,,,,,,,,16.0,1993.0,2000,1996.0,1999,2002,1992.0,2016,1991,1999,2004,1995,2001.0,1995.0,1992,-0.1117258226756718,0.1619348054679285,-0.020257570483814828,-0.2164274548813415,0.07127312295973885,0.007194853563568648,0.08773846541726195,0.024646527080275052,-0.01485447142210828,0.07898966704936854,0.09037383840533447,-0.17097130960900397,0.0529702581809621,0.09338202414666866,-0.08097607525049418,-0.042572127864718534,0.021535362925091023
724.0,Spain,238334,208759,197754,199639,182589,188083,267786,252906,243964,208219,229784.0,239442.0,238521.0,252224.0,167743.0,229192.0,246070.0,232014.0,225420.0,254731.0,230507.0,166040.0,254207.0,199930.0,,181681.0,,,,,,,,,,,,,,,,,,,,,,,,,,,,,,,1994.0,1986,1994.0,1985,2002,1988.0,2017,1982,2004,2004,1997,1996.0,1993.0,1982,0.04203077672945026,-0.003846442979928333,0.057449868145781714,-0.33494433519411315,0.3663282521476306,0.07364131383294356,-0.057121957166659895,-0.028420698750937442,0.13002839144707656,-0.09509639580577157,-0.27967480380205373,0.530998554565165,-0.21351497008343595,,,,
144.0,Sri Lanka,73504,72540.17945486307,72543.27969299257,72488.61573037505,72376.18756698072,71001,72914,69205,69938,68332,74024.0,72772.0,69347.0,69914.0,69064.0,66371.0,64812.0,65658.07917408645,64736.95220007002,63758.061025336385,62721.40564981103,61626.98607355356,60474.80229651928,59264.854318752885,,,,,,,,,,,,,,,,,,,,,,,,,,,,,,,,,1992.0,1979,1994.0,1990,2002,1989.0,2016,1990,2006,2005,1994,1998.0,1993.0,1980,-0.016913433481033177,-0.04706480514483593,0.008176272946198106,-0.012157793861029265,-0.0389928182555311,-0.023489174488858084,0.013054359903821075,-0.014029148973032599,-0.015121057471293496,-0.016259204857459606,-0.01744890065710389,-0.01869609160602335,-0.02000747306016468,,,,
752.0,Sweden,169173,133000,138000,132000,135000,152822,138000,136000,145000,144000,184339.0,168815.0,168160.0,163953.0,165568.0,167611.0,174108.0,169929.0,165803.0,169605.0,163011.0,186217.0,170139.0,165201.0,177042.0,171115.0,162807.0,163216.0,,,,,,,,,,,,,,,,,,,,,,,,,,,,,1991.0,1974,1994.0,1983,2002,1988.0,2016,1975,2003,2002,1996,1995.0,1993.0,1985,-0.08421440932195574,-0.003879986967982703,-0.025017840152235966,0.009850383951498296,0.012339340935446462,0.038762372397992975,-0.02400234337307878,-0.02428072901035138,0.022930827548355577,-0.03887857079685151,0.14235849114476937,-0.08634013006331323,-0.0290233279847654,0.07167632157190332,-0.033477931790196674,-0.048552143295444584,0.002512176994846659
756.0,Switzerland,22421,22867,21670.69922,28289.19922,24445.40039,23900,18384.19922,21577.59961,23175,25046.90039,20748.0,25526.0,20732.0,18726.0,21552.0,19594.0,22325.0,24524.0,18729.0,17734.0,21690.0,18709.0,22632.0,19328.0,23163.0,20025.0,,,,,,,,,,,,,,,,,,,,,,,,,,,,,,,1990.0,1974,1995.0,1995,2003,1988.0,2017,1976,2002,2003,2009,1996.0,1993.0,1975,0.23028725660304608,-0.18780850897124501,-0.09675863399575535,0.15091316885613584,-0.09085003711952487,0.13937940185771155,0.09849944008958567,-0.23629913554069482,-0.05312616797479844,0.22307432051426637,-0.13743660673121255,0.2096851782564541,-0.14598798161894663,0.19841680463576158,-0.13547467944566766,,
760.0,Syrian Arab Republic,25386.412058591843,27023.39240589738,28561.43646889925,30000.544247597456,31340.715741991997,36385,33724.249877780676,34767.61251923442,35712.0388763845,35022,26463.0,33923.0,38209.0,46217.0,51337.0,42844.0,36112.0,33653.0,39714.80681082606,39570.93404057622,39328.12498602271,38986.37964716554,38545.6980240047,38006.08011651039,,,,,,,,,,,,,,,,,,,,,,,,,,,,,,,,,1992.0,2003,1996.0,2003,2006,1989.0,2017,1998,2003,2005,,1997.0,1996.0,1975,0.2819030344254242,0.12634495769831677,0.20958412939359836,0.11078174697622087,-0.1654362350741181,-0.15712818597703296,-0.06809370846256092,0.18012678842379767,-0.0036226481205147037,-0.006136045570835685,-0.008689591455952474,-0.011303476423025044,-0.013999432755329905,,,,
768.0,Togo,64878,63585.6700608097,62478.47993918881,61356.995238054544,60221.21595738828,60646,54793,54912,54943,63547,47635.0,51870.51276609674,50620.376849249005,49355.946352873,48077.22127697617,46784.20162155107,45476.88738660887,44155.2785721384,42819.37517815083,41469.17720463127,40104.68465159461,38725.89751902968,37332.81580694392,35925.4395153299,,,,,,,,,,,,,,,,,,,,,,,,,,,,,,,,,2004.0,1978,1996.0,1996,2004,1991.0,2017,1995,2004,2004,1985,1995.0,1995.0,1998,0.08891598123431807,-0.024101090391858267,-0.024978685957664233,-0.025908227283385786,-0.02689464201718162,-0.027943497796914112,-0.029061109728886834,-0.0302546702724351,-0.031532407184879256,-0.032903776853433056,-0.034379702634318304,-0.03597287090379769,-0.03769810182258615,,,,
780.0,Trinidad and Tobago,-8566.050890773535,-6573.96609711647,-4715.054021507502,-2989.3146638572216,-1396.7480241954327,62.645897567272186,1388.8671013116837,2581.915587067604,3641.7913549244404,5304.799805,4883.879883,5643.569824,4898.399902,8703.753906,7328.78418,8016.294922,6529.649902,7187.9009565413,6916.049544632435,6511.025414764881,5972.828566968441,5301.4590011537075,4496.916717350483,3559.2017155885696,,,,,,,,,,,,,,,,,,,,,,,,,,,,,,,,,1994.0,1984,1996.0,2018,1999,1989.0,2018,1993,2009,2002,1986,2000.0,1994.0,2005,0.1555504965722763,-0.1320387529947924,0.7768565409382534,-0.1579743339310357,0.09380965861652654,-0.18545288496310638,0.10080954789623263,-0.03782069529790452,-0.058562930651920225,-0.08265930686984961,-0.11240395706778049,-0.15175865429274082,-0.20852398670047,,,,
788.0,Tunisia,44137.60156,36203.7292098999,34580.4489133656,33066.66740736365,31662.384691864252,21432.19922,29182.315632492304,28106.529288619757,27140.241735249758,28965,22069.0,16764.0,16764.0,30239.0,33846.0,23342.0,27056.0,28011.0,19026.0,30701.0,19458.0,26376.0,29186.55664,16539.04883,,,,,,,,,,,,,,,,,,,,,,,,,,,,,,,,,1995.0,1974,1993.0,1987,2003,1989.0,2017,1981,2016,2004,1985,1995.0,1993.0,1975,-0.24038243690244235,0.0,0.8038057742782152,0.11928304507424187,-0.3103468652130237,0.15911232970610917,0.03529716144293318,-0.32076684159794366,0.6136339745611269,-0.366209569720856,0.3555349984582177,0.10655734910524715,-0.43333333102633514,,,,
826.0,United Kingdom of Great Britain and Northern Ireland,116026,98832.29688,127226.6016,112325.2969,107302.2031,98633,107524.6016,123600.2969,126697.6016,120442.5,117411.0,107453.0,125317.0,114774.0,135846.0,123325.0,139364.0,136312.0,136312.0,131620.0,120984.0,126192.0,139959.0,137209.73579453677,,,,,,,,,,,,,,,,,,,,,,,,,,,,,,,,,1994.0,1976,1994.0,1985,2002,1988.0,2016,1976,2004,2005,1997,1996.0,1993.0,1984,-0.08481317764093654,0.16624942998334155,-0.08413064468507864,0.183595587850907,-0.09217054605950856,0.13005473342793433,-0.02189948623747883,0.0,-0.0344210340982452,-0.0808083877830117,0.04304701448125372,0.10909566375047547,-0.019643354164171154,,,,
862.0,Venezuela (Bolivarian Republic of),980000,951202.649881959,941333.7846714258,931872.649076581,922819.2430975437,880000,860000,880000,980000,930000,820000.0,820000.0,860000.0,870000.0,980000.0,930000.0,650000.0,851538.4375,851538.4375,851538.4375,833415.9751940966,831293.9726852179,829579.6997920275,828273.1565146446,,,,,,,,,,,,,,,,,,,,,,17.0,17.0,17.0,,,,,,,,,1998.0,1977,1994.0,,2005,1989.0,2017,1988,2005,2005,,1998.0,1994.0,1990,0.0,0.04878048780487805,0.011627906976744186,0.12643678160919541,-0.05102040816326531,-0.3010752688172043,0.3100591346153846,0.0,0.0,-0.021282024988922985,-0.002546150508315501,-0.0020621740918594623,-0.0015749460572750226,,,,
887.0,Yemen,65500,,,,,,,,,,,,51000.0,,,,,,,,,,,,,,,,,,,,,,,,,,,,,,,,,,,,,,,,,,,,1996.0,1997,1996.0,2006,2004,1996.0,,2008,2006,2004,1987,1997.0,1996.0,1980,,,,,,,,,,,,,,,,,
894.0,Zambia,40.32500290070675,40.39807935467252,40.482694309677754,40.578847765726096,40.68653972280663,40.80577018091935,40.93653914007518,41.07884660027048,41.23269256150161,41.39807702376493,41.57499998706771,43.5,40.79999924,41.29999924,40.40000153,44.90000153,42.09999847,43.20000076,44.59999847,43.90000153,43.90000153,43.90000153,44.40000153,44.9250021044063,,,,,,,,,,,,,,,,,,,,,,,,,,,,,,,,,1994.0,1980,1993.0,,2006,1990.0,2016,1991,2011,2006,1983,1996.0,1993.0,1984,0.04630186442648409,-0.062068982988505786,0.012254902189061905,-0.021791712507547276,0.11138613439552511,-0.06236086780819303,0.026128321377109992,0.0324073538280188,-0.01569499919312453,0.0,0.0,0.01138952124314425,0.011824336853943032,,,,
716.0,Zimbabwe,213505.6094,209926.09784259647,211971.55658210814,213994.36560603976,215994.5249143541,143042.9531,239327.125,275531.875,183141.4375,266036.6875,301763.25,248856.4844,159078.9219,208177.3906,243289.1563,180682.25,285436.9688,204391.0938,271952.6875,250832.3438,242196.1875,254594.6094,227133.6406,262689.4375,257702.75,213983.7969,185224.9219,325945.3125,18.0,,,,,18.0,18.0,18.0,18.0,18.0,18.0,18.0,18.0,18.0,18.0,18.0,18.0,18.0,18.0,18.0,18.0,18.0,18.0,18.0,18.0,18.0,18.0,18.0,2012.0,1981,1995.0,2012,2009,1992.0,2017,2013,2012,2012,1993,1997.0,1992.0,1982,-0.17532541023467904,-0.36076039053776815,0.30864220170453666,0.16866272364545618,-0.2573353751237453,0.5797731586805012,-0.28393615354284124,0.33055057558481543,-0.07766183115951004,-0.03442999482907994,0.0511916476802509,-0.10786154846214892,0.1565413067217837,-0.018983205215474263,-0.1696487643224607,-0.1343974423140073,0.7597270883233128
,,,,,,,,,,,,,,,,,,,,,,,,,,,,,,,,,,,,,,,,,,,,,,,,,,,,,,,,,,,,,,,,,,,,,,,,,,,,,,,,,,,,,,,,
,,,,,,,,,,,,,,,,,,,,,,,,,,,,,,,,,,,,,,,,,,,,,,,,,,,,,,,,,,,,,,,,,,,,,,,,,,,,,,,,,,,,,,,,
