Country ID,Country,1990,1991,1992,1993,1994,1995,1996,1997,1998,1999,2000,2001,2002,2003,2004,2005,2006,2007,2008,2009,2010,2011,2012,2013,2014,2015,2016,2017,"Footnotes
1990","Footnotes
1991","Footnotes
1992","Footnotes
1993","Footnotes
1994","Footnotes
1995","Footnotes
1996","Footnotes
1997","Footnotes
1998","Footnotes
1999","Footnotes
2000","Footnotes
2001","Footnotes
2002","Footnotes
2003","Footnotes
2004","Footnotes
2005","Footnotes
2006","Footnotes
2007","Footnotes
2008","Footnotes
2009","Footnotes
2010","Footnotes
2011","Footnotes
2012","Footnotes
2013","Footnotes
2014","Footnotes
2015","Footnotes
2016","Footnotes
2017",Basel Convention,CITES,Convention on Biological Diversity,Convention on Migratory Species,Kyoto Protocol,Montreal Protocol,Paris Agreement,Ramsar Convention,Rotterdam Convention,Stockholm Convention,UN Convention on the Law of the Sea,UN Convention to Combat Desertification,UN Framework Convention on Climate Change,World Heritage Convention,2000 Percent Change,2001 Percent Change,2002 Percent Change,2003 Percent Change,2004 Percent Change,2005 Percent Change,2006 Percent Change,2007 Percent Change,2008 Percent Change,2009 Percent Change,2010 Percent Change,2011 Percent Change,2012 Percent Change,2013 Percent Change,2014 Percent Change,2015 Percent Change,2016 Percent Change
8.0,Albania,28385,32461.01449811645,32528.50800706912,32599.322789824568,32673.458846386522,40311,32831.69478092156,32915.79465889372,33003.21581067145,38284,30683.0,30491.0,35883.0,27893.0,32787.0,32840.0,32380.0,30964.0,29458.0,37218.0,51134.0,20569.0,43050.0,30615.0,37172.0,32711.0,38810.0,32224.0,,,,,,,,,,,,,,,,,,,1.0,1.0,,,2.0,2.0,2.0,2.0,2.0,2.0,1999.0,2003,1994.0,2001,2005,1999.0,2016,1996,2010 ,2004,2003,2000.0,1994.0,1989,-0.6257536746732718,17.683906726575056,-22.266811582086223,17.545620765066506,0.16164943422698022,-1.4007308160779537,-4.373069796170475,-4.86371269861775,26.342589449385567,37.39050996829491,-59.77431845738648,109.29554183479995,-28.88501742160279,21.41760574881594,-12.000968470892069,18.64510409342423,-16.969853130636434
12.0,Algeria,275681.3125,241354.09441888332,242417.5247988701,243853.91903483868,245663.27712726593,376971.5,194723.2969,217926,198905.2031,213387.9063,157558.5,166646.5,300693.3125,395470.6875,241837.2031,308914.0,332134.3125,282453.4063,544728.625,313696.5,373310.0938,291255.5,285533.0938,276258.9063,237403.0,238029.5,181922.0938,330957.4063,,,,,,,,,,,,,,,,,,,,,,,,,,,,,1998.0,1983,1995.0,2005,2005,1992.0,2016,1984,,2006,1996,1996.0,1993.0,1974,5.768016324095495,80.43782047627764,31.519615189313534,-38.84826088406362,27.73634330871071,7.516756281683576,-14.958076997841054,92.85610045765628,-42.41233421504148,19.003589074152874,-21.9802772983579,-1.9647375586040527,-3.2480254308090997,-14.06503298677541,0.2638972548788347,-23.571618727930783,81.92260180549877
20.0,Andorra,471.7792969,501.99436338664964,494.19006006303243,486.67971346504055,479.46332359232474,424.8518982,625.1678467,444.7502136,361.2449341,480.9143677,489.5657959,427.2323914,518.2606812,470.8120422,359.9552612,360.815033,353.0133057,306.4562378,466.674469,464.0131226,423.6300049,355.0338745,352.9525146,482.6208496,551.6988525,474.7380066,,,,,,,,,,,,,,,,,,,3.0,3.0,3.0,3.0,3,3.0,3.0,4.0,4.0,4.0,,,1999.0,…,2015.0,,,2009.0,2017,2012,,,,2002.0,2011.0,1997,-12.732385518356844,21.306504757682106,-9.155361523883245,-23.54586779088974,0.23885518359525307,-2.1622511775999196,-13.188473960685613,52.28094959012122,-0.5702789796285199,-8.70301199106647,-16.192462669444872,-0.5862426234486119,36.73818138027795,14.313099601323161,-13.949792636191868,,
660.0,Anguilla,93.09999847,92.23003525912645,91.17109856155002,90.23720990720904,89.42836929610348,100.7300034,88.18583220354049,87.75213572208304,87.44348728386103,87.25988688884536,68.19000244,70.73000336,68.19000244,108.7699966,84.25,124.4000015,99.55000305,86.29000092,96.88999939,71.08000183,93.49345339645515,94.81042952014832,96.25245368701871,97.81952589715365,,,,,,,,,,,,,,,,,,,,,,,,,,,,,,,,,,,,,,,,,,,,,,,3.72488756285781,-3.591122295119876,59.510181416558986,-22.54297818006919,47.655788130563806,-19.97588275752553,-13.319941460313197,12.284156167557963,-26.638453630400004,31.532711014921976,1.4086292417807942,1.5209552094307828,1.6280854670266809,,,,
28.0,Antigua and Barbuda,300.2999878,264.3999939,475.7999878,322.5,283.7999878,374.5,323.2999878,279.2000122,384.5,426.7999878,249.6000061,238.0,268.6000061,253.8999939,426.8999939,371.0,332.7999878,293.6000061,392.5,276.8999939,463.8999939,450.2000122,279.7000122,328.2000122,257.5,161.1000061,,,,,,,,,,,,,,,,,,,,,,,,,,,,,,,1993.0,1997,1993.0,2007,1998,1992.0,2016,2005,2010,2003,1989,1997.0,1993.0,1983,-4.647438227766934,12.857145420168056,-5.472826457988668,68.1370634723753,-13.094400257380753,-10.29649924528302,-11.778841086844542,33.68528332602103,-29.452230853503174,67.53340704930943,-2.953218771318467,-37.87205583731879,17.3400063941792,-21.54174575621786,-37.436890834951456,,
51.0,Armenia,15794,15467.066348906606,15438.142536144704,15423.21133139357,15422.27273465693,15407,16777,18595,13559,14393,11264.0,12516.0,17761.0,18595.0,15287.0,18714.0,16658.0,19221.0,13378.0,17713.0,19447.0,19579.0,15997.0,16310.0,16493.0,18506.0,19012.0,14335.0,,,,,,,,,,,,,,,,,,,,,,,,,,,,,1999.0,2008,1993.0,2011,2003,1999.0,2017,1993,2003,2003,2002,1997.0,1993.0,1993,11.115056818181818,41.90635985938,4.695681549462305,-17.789728421618715,22.417740563877807,-10.986427273698835,15.386000720374597,-30.39904271369856,32.40394677829272,9.789420199853215,0.6787679333573301,-18.295112109913685,1.9566168656623115,1.1220110361741265,12.205177954283636,2.7342483518858747,-24.600252472122868
40.0,Austria,100131.2856990099,101921.99998635054,103459.99998795986,104745.28570371866,105777.85713368654,106557.7142778039,107084.85713613033,107359.28570866585,107380.99999535084,107149.99999636412,106666.28571146727,105929.8571407795,104940.7142842412,103698.85714191198,102204.28571373224,100456.99999976158,98457.0,99493.0,85243.0,96576.0,88872.0,83256.0,81149.99999946356,77380.99999898672,,,,,,,,,,,,,,,,,,,,,,,,,,,,,,,,,1993.0,1982,1994.0,2005,2002,1989.0,2016,1983,2002,2002,1995,1997.0,1994.0,1992,-0.6904042507674947,-0.9337715382960792,-1.1833892601164655,-1.44126123408903,-1.7096012185484062,-1.9909015795477947,1.0522360015031942,-14.322615661403315,13.294933308306842,-7.9771371769383705,-6.319200648123144,-2.5295474206500934,-4.644485521259091,,,,
31.0,Azerbaijan,41998,36971.42239448428,37209.774956703186,37457.47211815044,37714.51387884468,36294.60156,30764,36381,38836.12691394612,37850,38368.5,32707.90039,46787.39844,50728.60156,47534.69922,35252.30078,40009.0,43126.80078,38372.5,44564.0,43282.0,52462.0,39654.0,39611.0,33575.0,40927.0,43967.0,34085.0,,,,,,,,,,,,,,,,,,,,,,,,,,,,,2001.0,1998,2000.0,,2000,1996.0,2017,2001,,2004,2016,1998.0,1995.0,1993,-14.753247090712437,43.04616891368734,8.423642372537962,-6.29605832169918,-25.83880542328591,13.493301471825244,7.792748581569141,-11.02400524502805,16.13525311095185,-2.876761511533974,21.209740769835037,-24.41386146162937,-0.10843798860140214,-15.23819141147661,21.897244973938943,7.4278593593471305,-22.475947869993405
48.0,Bahrain,31.20000076,37.18823514645919,41.72438619378954,45.83512616693042,49.52045506553259,52.78037288971245,55.61487963947002,58.02397531468887,60.00765991548542,61.565933441743255,62.69879589357879,63.40624727064278,63.6882875735173,63.54491680196952,42.40000153,55.79999924,157.1000061,35.5,12.0,56.40000153,15.39999962,75.90000153,24.60000038,59.90000153,41.0,50.59999847,48.29999924,,,,,,,,,,,,,,,,,,,,,,,,,,,,,,1992.0,2012,1996.0,,2006,1990.0,2016,1998,2012,2006,1985,1997.0,1994.0,1991,1.1283332749559905,0.44481469100459703,-0.2251132461086856,-33.27554167371914,31.603767043543318,181.54123340450425,-77.40292894870868,-66.19718309859155,370.00001274999994,-72.6950368754715,392.85716495361834,-67.58893295901098,143.49593741754242,-31.552589394399632,23.414630414634154,-4.545453161156992,
50.0,Bangladesh,382354,385118.1432663202,385751.48312449455,386093.4745903015,386144.1176632643,385903.4123439789,385371.3586322069,384547.95652770996,383433.20603096485,382027.10714173317,380329.6598597765,378340.86418557167,376060.72011852264,373489.2276593447,399177.0,369663.0,313734.0,404932.0,352987.0,328786.0,317128.0,367449.0,338821.0,338526.0,303847.0,410245.0,,,5.0,,,,,,,,,,,,,,5.0,5.0,5.0,5.0,5.0,5.0,5,5.0,5.0,5.0,5.0,5.0,,,1993.0,1981,1994.0,2005,2001,1990.0,2016,1992,,2007,2001,1996.0,1994.0,1983,-0.5229136415335249,-0.6026692548681823,-0.6837971427506485,6.877781322272796,-7.393712563599607,-15.129726264191982,29.068574014929844,-12.828079776357512,-6.8560598548955065,-3.5457714136246676,15.867725334880554,-7.791013174617429,-0.0870666221987421,-10.2441171431441,35.016965775538345,,
52.0,Barbados,705.6300049,606.1566775590181,543.1760133057833,516.6880126744509,526.6926756352186,573.1900024,656.1799927,775.6626462191343,931.6379636079073,1124.1059446185827,1353.0665892213583,1618.5198974311352,1920.4658692628145,2258.904504686594,2633.835803732276,3045.2597663998604,3493.176392644644,3977.5856825113297,4498.487635970116,5055.882253050804,5649.769533723593,6280.149478003383,6947.022085905075,7650.38735742867,,,,,,,,,,,,,,,,,,,,,,,,,,,,,,,,,1995.0,1992,1994.0,,2000,1992.0,2016,2006,,2004,1993,1997.0,1994.0,2002,19.61864333392016,18.655684882893233,17.622736276677063,16.597926041928933,15.620714172256914,14.708650841117418,13.867301144215771,13.095932936129836,12.390711327596753,11.746461862604237,11.157622280290175,10.61873782204477,10.124701819368964,,,,
112.0,Belarus,151963.2031,148941.88687968254,145214.38815152645,141936.72400212288,139108.8944312334,127258.7969,125805.6016,138054,172045,116286,135978.0,139294.0,115042.0,127894.0,145720.0,134732.0,133902.0,131826.0,142623.0,167877.0,155041.1239874363,159860.48225271702,165129.67509675026,170848.7025192976,,,,,,,,,,,,,,,,,,,,,,,,,,,,,,,,,1999.0,1995,1993.0,2003,2005,1988.0,2016,1991,,2004,2006,2001.0,2000.0,1988,2.438629778346497,-17.410656596838344,11.171572121486067,13.938104993197491,-7.540488608289871,-0.6160377638571386,-1.550387596899225,8.19034181420964,17.706821480406386,-7.6460003529749185,3.1084386782898057,3.2961196974893303,3.4633553413076936,,,,
56.0,Belgium,25963,23604.19922,29019.90039,28955.69922,28818.40039,28959,21763.40039,24767.30078,32805.30078,31153.80078,32397.0,34094.0,33599.0,23040.0,28408.0,26028.0,29326.0,31476.0,29485.0,26224.0,27567.0,24047.0,29689.0,24946.0,26383.0,24967.0,26895.0,24867.0,,,,,,,,,,,,,,,,,,,,,2,,2.0,,,,,,1993.0,1983,1997.0,1990,2002,1988.0,2017,1986,2002,2006,1998,1997.0,1996.0,1996,5.23813933388894,-1.4518683639350032,-31.426530551504513,23.29861111111111,-8.377921712193748,12.670969724911634,7.331378299120235,-6.3254543143982715,-11.059860946243854,5.121262965222697,-12.768890339899155,23.462386160435813,-15.97561386372057,5.760442555920789,-5.367092445893189,7.722193295149597,-7.540435025097601
84.0,Belize,407029.1718196869,351921.25748443604,301272.200296402,255082.00025177002,213350.65735816956,176078.17160606384,143264.54299926758,114909.77154159546,91013.85722732544,71576.80006027222,56598.60004043579,45796.0,40442.0,38847.0,40278.0,49017.0,60365.399980545044,76599.1999797821,97291.85713005066,122443.37142181396,152053.74286270142,186122.97144699097,224651.05717658997,267638.00005722046,,,,,,,,,,,,,,,,,,,,,,,,,,,,,,,,,1997.0,1986,1994.0,,2003,1998.0,2016,1998,2005,2010,1983,1998.0,1994.0,1990,-19.086337882417727,-11.690977377936939,-3.943919687453637,3.6836821376168047,21.696707880232385,23.151967644990602,26.892557664604222,27.014194868523767,25.8516129033729,24.182910922046204,22.406044036056866,20.70033882978923,19.13498357002613,,,,
204.0,Benin,6127.200195,6656.314122334123,6693.616253884509,6728.917590392288,6762.218131855596,7566.700195,7010.100098,7432.700195,7059.700195,8060.600098,5977.100098,4569.399902,6783.700195,7689.5,7639.299805,6294.5,5385.299805,7687.600098,7808.899902,7216.100098,8181.100098,6832.399902,7453.200195,5990.100098,7011.200195,5950.5,6417.799805,6593.0,,,,,,,,,,,,,,,,,,,,,,,,,,,,,1997.0,1984,1994.0,1986,2002,1993.0,2016,2000,2004,2004,1997,1996.0,1994.0,1982,-23.55155799500549,48.45932377314609,13.352591933051952,-0.652840821899998,-17.603705042703186,-14.444359281912785,42.751571432706896,1.5778630841055,-7.591335673904252,13.372874362807933,-16.485560375061432,9.086123498395898,-19.630495072190936,17.04646133277355,-15.128653661272331,7.853118309385761,2.7299105662894756
60.0,Bermuda,602.3348790016025,550.1311160558835,500.60118341445923,453.74508107826114,409.5628090444952,368.0543673168868,329.2197558907792,293.0589747708291,259.57202395331115,228.7589034391567,200.61961323209107,175.15415332559496,152.36252372618765,132.2447244282812,114.80075543373823,100.03061674535275,83.89846039,78.04572296,77.05186462,77.28652191,63.89700317,56.0,68.01000214,85.19000244,94.19000244,78.36000061,98.80999756,72.59999847,,,,,,,,,,,,,,,,,6.0,6.0,6.0,6.0,6,6.0,6.0,6.0,6.0,6.0,7.0,7.0,,,,,,,,,,,,,,,-12.69340494492722,-13.012326094854194,-13.203902643448185,-13.19067287557709,-12.86588980410556,-16.12721872586297,-6.975977154757882,-1.2734308842386852,0.3045445962369252,-17.324519733973894,-12.358957037452555,21.446432392857137,25.260990676981038,10.564619958003608,-16.806456545198493,26.097494628388567,-26.525655032108062
68.0,Bolivia (Plurinational State of),0.0313241,0.02963781146831934,0.029126732618067308,0.028737773254079002,0.02847093337646811,0.027338499,0.02753295,0.030828601,0.031093899,0.028230799,0.027486101,0.0295489,0.025727199,0.0285809,0.028116999,0.034633901,0.038992301,0.039963402,0.042359129,0.048197102,0.035500001,0.038702901,0.043890901,0.044889499,0.049970601,0.0451487,0.0358092,0.039567102,8.0,,,,,8.0,8.0,8.0,8.0,8.0,8.0,8.0,8.0,8.0,8.0,8.0,8.0,8.0,8.0,8.0,89,8.0,8.0,8.0,8.0,8.0,8.0,8.0,1996.0,1979,1995.0,2003,1999,1994.0,2016,1990,2003,2003,1995,1996.0,1994.0,1976,7.504880375721536,-12.933479757283688,11.092155815329917,-1.6231154372325547,23.177800731863314,12.584201820060633,2.4904942132037857,5.994802444496592,13.78208933427313,-26.344117121398703,9.022253266978765,13.404679923088983,2.275182275251074,11.319132788717477,-9.649475698721341,-20.686088414505846,10.494236118092559
70.0,Bosnia and Herzegovina,115578.12749743462,104507.51870393753,94230.4318883419,84746.86705088615,76056.8241918087,68160.3033106327,61057.30440735817,54747.82748293877,49231.872535943985,44509.43956780434,44019.0,37288.0,33896.0,26150.0,36674.0,37955.0,29945.0,32440.0,29813.0,36268.0,78837.0,35201.0,52792.0,60371.0,75610.0,48982.0,55280.0,51354.0,,,,,,,,,,,,,,,,,,,,,,,,,,,,,2001.0,2009,2002.0,2017,2007,1993.0,2017,1992,2007,2010,1994,2002.0,2000.0,1993,-15.291124287239603,-9.096760351855824,-22.85225395326882,40.244741873804976,3.4929377760811473,-21.103938874983534,8.331941893471365,-8.098027127003698,21.651628484218293,117.37344215286203,-55.34964547103517,49.97301213033721,14.3563418699803,25.24225207467161,-35.217563814310274,12.857784492262464,-7.102026049204052
72.0,Botswana,183912,210060.01790761948,227772.03237819672,244243.77326202393,259475.24056196213,239202,299148,270048,280114.625,575185.5625,291592.1563,289195.4375,200254.7344,358182.7813,274797.625,474528.7813,219667.0625,422673.375,370841.25,378688.7813,361498.6563,207450.7344,253215.4375,415355.2188,,,,,,,,,,,,,10.0,10.0,10.0,10.0,10.0,10.0,10.0,10.0,10.0,10.0,10.0,10.0,10,10.0,10.0,10.0,,,,,1998.0,1977,1996.0,,2003,1991.0,2016,1997,2008,2002,1990,1996.0,1994.0,1998,-0.8219421367199421,-30.754531907163994,78.86357712000242,-23.280057181241162,72.6829994618767,-53.70837952163641,92.41545372784324,-12.262926426345166,2.116143039642967,-4.539380580799899,-42.613691424667124,22.060516311192206,64.03234451296042,,,,
76.0,Brazil,13306029,13550558.242561817,13623143.69999218,13694020.074628353,13763187.366472244,13935590,14407666,13950788,13552578,13923115,15053090.0,14088339.0,14125434.0,13679593.0,14327312.0,14212554.0,14410801.0,13706397.0,15320854.0,15955646.0,13857855.0,15303330.0,13553210.0,15175348.0,14560268.0,12728817.0,13162370.0,13870901.0,,,,,,,,,,,,,,,,,,,,,,,,,,,,,1992.0,1975,1994.0,2015,2002,1990.0,2016,1993,2004,2004,1988,1997.0,1994.0,1977,-6.408989782164326,0.2633028634532431,-3.1562994807805547,4.734928882752579,-0.8009736927624667,1.3948724486816375,-4.888028083935098,11.77885771147589,4.1433199480916665,-13.147640653346157,10.430726833265322,-11.436203754346277,11.968662774353826,-4.053152520785685,-12.57841545224305,3.4060745786509457,5.383004732430406
92.0,British Virgin Islands,101.43155187624507,102.3199997,118.07660318003036,125.46242382773198,132.2237744720187,152.0700073,143.87306575337425,148.76100638951175,153.0244770227,185.5500031,145.5500031,147.5099945,116.3199997,190.8399963,183.2100067,163.1499939,164.65132198715582,163.2945625949651,161.31333320005797,158.70763380173594,155.47746440116316,151.62282499764115,147.14371559140272,142.0401361817494,,,,,,,,,,,,,,,,,,,,,,,,,,,,,,,,,,,,,,,,,,,,,,,1.3466103457609662,-21.144326461214806,64.06464648572381,-3.998108230942146,-10.949190582612434,0.9202133884700234,-0.824019738084194,-1.213285588584699,-1.6153031783742813,-2.035295545145633,-2.479227081795127,-2.954112882613884,-3.4684317907434377,,,,
100.0,Bulgaria,,,,,,,,,,,,,,,,,,,,,,,74630.0,70865.0,115306.0,82073.0,74713.0,84411.0,,,,,,,,,,,,,,,,,,,,,,,,,,,,,1996.0,1991,1996.0,1999,2002,1990.0,2016,1976,2000,2004,1996,2001.0,1995.0,1974,,,,,,,,,,,,,-5.044888114699183,62.71219925209907,-28.8215704299863,-8.967626381392176,12.980338093772168
132.0,Cabo Verde,1172.393066,1174.0511341895908,1199.740906123072,1217.5259296800941,1227.4062048532069,1172.393066,1172.393066,1172.393066,1172.393066,1172.393066,1398.241089,1047.773438,886.4534302,960.6150042563677,891.4477956183255,814.3758385945112,729.399133194238,636.5176794081926,535.7314772456884,427.04052669741213,310.4448277708143,185.94438045844436,53.539184771478176,-86.77075930312276,,,,,,,,,,,,,,,,,,,,,,,,,,,,,,,,,1999.0,2005,1995.0,2006,2006,2001.0,2017,2005,2006,2006,1987,1995.0,1995.0,1988,-25.064894298782843,-15.396459000519155,8.366099281677498,-7.200304839250976,-8.645706165031877,-10.434580862188897,-12.733968215631416,-15.833998869632493,-20.288326365865235,-27.303192937754588,-40.10388841275279,-71.2068820582382,-262.06963119346557,,,,
120.0,Cameroon,,,,,,,,,,,,,,,,,,,,785944.0,,,,,,,,,,,,,,,,,,,,,,,,,,,,,,,,,,,,,2001.0,1981,1995.0,1983,2002,1989.0,2016,2006,2002,2009,1985,1997.0,1994.0,1982,,,,,,,,,,,,,,,,,
140.0,Central African Republic,828919.3125,865957.6577885151,870534.881405592,874347.8145048618,877396.4570863247,918760.6875,954153.25,853232.0625,852786.375,974570.4375,763949.8125,859846.5625,883377.5,904821.0625,826091.375,820703.875,854861.9375,900370.125,839826.9488379955,831411.2336497307,822231.2279438972,812286.9317195415,801578.3449773788,790105.4677169323,,,,,,,,,,,,,,,,,,,,,,,,,,,,,,,,,2006.0,1980,1995.0,,2008,1993.0,2016,2006,,2008,,1996.0,1995.0,1980,12.552755224349244,2.7366437834657273,2.427451740620516,-8.701133380170402,-0.6521675643932247,4.16204474482346,5.323454642639298,-6.724254224006429,-1.0020772969846978,-1.104147422393492,-1.209428185940199,-1.3183256216486885,-1.4312858290564625,,,,
156.0,China,7344648.792110443,7159386.594223022,6986781.951282501,6826834.863296509,6679545.330253601,6544913.352169037,6422938.929023743,6313622.060832977,6216962.747585297,6132960.989284515,6009200.0,5812200.0,6261000.0,6041600.0,5687600.0,6101000.0,5784000.0,5776300.0,6200000.0,5595900.0,6565000.0,5513300.0,6515000.0,6267400.0,,6256900.0,6867200.0,,,,,,,,,,,,,,,,,,,,,,,,,,,,,,1991.0,1981,1993.0,,2002,1991.0,2016,1992,2005,2004,1996,1997.0,1993.0,1985,-3.2783065965519538,7.721688861360586,-3.5042325507107495,-5.859375,7.268443631760321,-5.195869529585314,-0.13312586445366528,7.335145335249208,-9.743548387096775,17.318036419521434,-16.01980198019802,18.16879183066403,-3.800460475825019,,,9.754031549169717,
344.0,China Hong Kong Special Administrative Region,2247.5,2601.962422579527,2648.110956002027,2688.543602855876,2723.2603631429374,3024.300049,2469.5,3670.600098,2815.899902,2337.800049,3022.0,3394.800049,2734.0,2132.199951,1909.0,3529.5,2885.300049,1874.199951,3366.699951,2396.199951,2604.100098,1632.900024,2113.300049,3126.300049,2896.899902,2058.199951,,,,,,,,,,,,,,,,,,,,,,,,,,,,,,,,,,,,,,,,,,,,,12.336202812706814,-19.465065378287907,-22.011706254572054,-10.468059099960088,84.88737558931378,-18.251875648108797,-35.04315256052595,79.63397924557944,-28.82644768244748,8.676243687979268,-37.295036191039685,29.42005131601369,47.9345088966115,-7.337752084077066,-28.95163724576632,,
446.0,China Macao Special Administrative Region,21.62999916,29.406174699775875,32.51190693094395,35.437467430892866,38.18285619962262,35.61000061,37.09999847,58.27000046,56.90000153,45.83000183,58.36000061,65.94000244,58.52000046,40.68000031,41.68999863,53.54999924,57.13999939,42.81999969,82.19999695,47.79999924,64.52999878,40.77000046,46.52000046,77.73000336,47.99000168,40.76639938,,,,,,,,,,,,,,,,,,,,,,,,,,,,,,,,,,,,,,,,,,,,,12.988351183637867,-11.252656514157087,-30.48530418620575,2.4827883783268367,28.44807147934416,6.704015314566794,-25.061252805169126,91.96636512166214,-41.849147185400234,34.99999959414225,-36.820081774686194,14.10350732186379,67.08942947418019,-38.26064633274448,-15.052306828758578,,
170.0,Colombia,,,,,,,,,,,,,,,,,,,,,,,,,4.782464981,3.938791752,9.548855782,,,,,,,,,,,,,,,,,,,,,,,,,,,,,,1996.0,1981,1995.0,,2001,1993.0,2018,1998,2008,2008,,1999.0,1995.0,1983,,,,,,,,,,,,,,,-17.64097034378264,142.43109012177092,
188.0,Costa Rica,13109.670506000519,31581.555835723877,48885.31438398361,65020.946150779724,79988.45113563538,93787.82933998108,106419.08076238632,117882.20540380478,128177.20326328278,137304.074341774,145262.81863880157,157656.0469,156456.5469,163509.7344,167944.8438,160463.1875,149189.6094,170710.0938,174368.9844,152721.5313,194983.625,158050.4844,137417.9844,137692.0156,160996.1875,153325.7656,150508.1563,157436.1563,,,,,,,,,,,,11.0,11.0,11.0,11.0,11.0,11.0,11.0,11.0,11.0,11,11.0,11.0,11.0,11.0,11.0,11.0,,1995.0,1975,1994.0,2007,2002,1991.0,2016,1992,2009,2007,1992,1998.0,1994.0,1977,8.531590104976814,-0.7608334875736378,4.508080767312397,2.712443645190103,-4.454829413464853,-7.02564761154331,14.424921739891639,2.1433358265778097,-12.414738305948397,27.672649259246917,-18.94166271654864,-13.054373150658943,0.19941436428172987,16.924853484387505,-4.764350025369382,-1.8376619800162346,4.603072797058773
191.0,Croatia,51723,57502.02137786895,58054.34190893173,58574.33060364425,59061.98746199161,72072,59940.30566959828,60330.96701886505,60689.29653176665,61015.29420829564,53137.0,62517.0,70169.0,45655.0,68673.0,67593.0,57114.0,60255.0,62494.34066092968,62497.01997385919,62467.36745043099,66680.0,62618.0,61108.0,85551.0,62330.0,70769.0,64839.0,,,,,,,,,,,,,,,,,,,,,,,12.0,12.0,12.0,12.0,,,1994.0,2000,1997.0,2000,2007,1992.0,2017,1991,2007,2007,1995,2000.0,1996.0,1992,17.652483203793967,12.239870755154598,-34.93565534637803,50.417259883911946,-1.5726704818487616,-15.503084638941903,5.49952726126694,3.7164395667242216,0.004287288898762841,-0.04744629974453905,6.74373312259687,-6.091781643671266,-2.411447187709604,39.999672710610724,-27.14287384133441,13.539226696614792,-8.379375150136358
192.0,Cuba,-102148.7986998558,-76689.01382732391,-52599.600167274475,-29880.557721614838,-8531.886488437653,11446.413529872894,30054.34233570099,47291.89992713928,63159.08630466461,77655.90146970749,90782.34542036057,102538.41815805435,112924.11968183517,121939.44999265671,102002.0,160396.0,143146.0,173896.0,150892.0,114559.0,137896.0,134831.0,153841.0,142297.0,139333.0,129751.0,133613.0,163527.0,,,,,,,,,,,,,,,13.0,13.0,13.0,13.0,13.0,13.0,13,13.0,13.0,13.0,13.0,13.0,13.0,13.0,1994.0,1990,1994.0,2008,2002,1992.0,2016,2001,2008,2007,1984,1997.0,1994.0,1981,12.949734536223106,10.128595418521218,7.983529414461955,-16.350286961157654,57.24789710005687,-10.754632285094392,21.481564277031843,-13.22859640244744,-24.078811335259655,20.37116245777285,-2.2226895631490398,14.099131505365978,-7.503851379021197,-2.0829673148414938,-6.877049945095562,2.9764703162210697,22.388540037271824
531.0,Curaçao,68339.1022503376,62354.282507538795,56645.5127518177,51212.79298377037,46056.12320291996,41175.50340974331,36570.93360364437,32242.4137853384,28189.943954110146,24413.52411043644,20913.154254078865,17688.83438527584,14740.564503788948,12068.344609856606,9672.174703001976,7552.054783940315,5707.9848519563675,4139.964907646179,2847.994950532913,1832.0749810934067,1092.0,629.0,440.0,529.0999756,384.2999878,340.3999939,541.0,518.5999756,,,,,,,,,,,,,,,,,,,,,,,,,,,,,,,,,,,,,,,,,,,-15.417664067457249,-16.667406213837516,-18.128341646925865,-19.855000700739026,-21.919785199947164,-24.418121752842964,-27.470639551062607,-31.207268320731472,-35.67141048650416,-40.39545262780239,-42.3992673992674,-30.047694753577108,20.249994454545455,-27.367226323493334,-11.423365936417023,58.9306726482876,-4.140485101663587
196.0,Cyprus,3305.3966378755867,3663,2998,1965,3999,2928.078095778823,2998,2573,2483,1932,3152.0,3213.0,2841.0,3214.0,3227.0,2303.0,2326.0,2767.0,1648.0,3745.0,2570.0,3348.0,4737.0,1770.0,2358.0,2904.0,2580.0,1956.0,,,,,,,,,,,,,,,,,,,,,,,,,,,,,1992.0,1974,1996.0,2001,1999,1992.0,2017,2001,2004,2005,1988,2000.0,1997.0,1975,1.9352791878172588,-11.57796451914099,13.12917986624428,0.40448039825762294,-28.633405639913235,0.998697351280938,18.95958727429063,-40.440910733646554,127.24514563106797,-31.37516688918558,30.27237354085603,41.48745519713262,-62.634578847371756,33.220338983050844,23.155216284987276,-11.15702479338843,-24.186046511627907
203.0,Czechia,46064,46687,48186,53391,52287,61514,54890,57809,56153,49291,54733.0,63960.0,71298.0,40695.0,53629.0,57730.0,55837.0,59544.0,49105.0,59046.0,68329.0,49000.0,54812.0,57336.0,51420.0,41643.0,50048.0,53397.0,,,,,,,,,,,,,,,,,,,,,,2.0,2.0,2.0,2.0,2.0,2.0,2.0,1993.0,1993,1994.0,1994,2001,1993.0,2017,1993,2000,2002,1996,2000.0,1993.0,1993,16.858202546909542,11.472795497185741,-42.92266262728267,31.78277429659663,7.646982043297469,-3.2790576823142215,6.638966993212386,-17.531573290339917,20.244374299969454,15.721640754665852,-28.28813534516823,11.86122448979592,4.604831058892214,-10.318124738384261,-19.01400233372229,20.183464207669957,6.6915760869565215
384.0,Côte d'Ivoire,420000,,,,,,,,,,,,,,,,,,,,,,,,,,,,14.0,,,,,,,,,,,,,,,,,,,,,,,,,,,,,,,,,,,,,,,,,,,,,,,,,,,,,,,,,,
180.0,Democratic Republic of the Congo,,,,,,,,,,,,,,,,,,,,,,,766.3699951,840.2000122,711.1900024,789.3699951,1199.76001,1110.329956,,,,,,,,,,,,,,,,,,,,,,,15.0,15.0,15.0,15.0,15.0,15.0,1994.0,1976,1995.0,1990,2005,1994.0,2017,1996,2005,2005,1989,1997.0,1995.0,1974,,,,,,,,,,,,,9.633730126708084,-15.35467840118176,10.99284191793638,51.98956350602235,-7.453995236930753
208.0,Denmark,42580,33939,36542,39457,45807,33939,26287,32377,44766,47109,32000.0,32000.0,36500.0,26500.0,34500.0,27000.0,34500.0,37319.0,33742.0,31588.0,32213.268420107663,32045.357141703367,31896.228501692414,31765.882500089705,,,,,,,,,,,,,,,,,,,,2.0,2.0,,,,,,,,,,,,1994.0,1977,1994.0,1983,2002,1988.0,2016,1978,2004,2003,2004,1995.0,1993.0,1979,0.0,14.0625,-27.397260273972602,30.18867924528302,-21.73913043478261,27.77777777777778,8.171014492753622,-9.584929928454674,-6.383735403947602,1.9794492215640835,-0.5212488103178146,-0.4653673833357878,-0.4086564704532171,,,,
214.0,Dominican Republic,68869.20313,70549.69917321205,68502.2678964138,66808.35869157314,65467.97155916691,62113.69922,87198.60156,44587.30078,79742.29688,68752.39844,54501.60156,57541.0,57831.0,69919.0,70507.0,84177.0,76958.04759943485,80213.44740521908,83822.36928331852,87784.81323325634,92100.7792557478,96770.26735031605,101793.2775170803,107169.80975604057,,,,,,,,,,,,,,,,,,,,,,,,,,,,,,,,,2000.0,1986,1997.0,2017,2002,1993.0,2017,2002,2006,2007,2009,1997.0,1998.0,1985,5.576713991888786,0.5039884604021481,20.90228424201553,0.840973126045853,19.388145857858085,-8.57592026392619,4.230096666080354,4.4991482037519654,4.727191540655229,4.916529253213012,5.069976749710118,5.190654427542878,5.281814644447533,,,,
218.0,Ecuador,286294.25,313615.9998073578,327607.9522023201,340015.6878833771,350839.2068500519,289258.875,299554.5625,484618,538565.9375,417664.25,345077.3125,346039.9063,375106.4688,338588.9375,311529.3438,309709.5938,352798.5313,347468.4688,410788.625,329119.7813,308562.03724193573,292453.8720741272,274761.49019145966,255484.8915963173,,,,,,,,,,,,,,,,,,,,,,,,,,,,,,,,,1993.0,1975,1993.0,2004,2000,1990.0,2017,1991,2004,2004,2012,1995.0,1993.0,1975,0.27895018453291487,8.399771809786785,-9.735244347244372,-7.991871766336142,-0.584134379703335,13.912690585821952,-1.5107949798882851,18.22328121417158,-19.880989572191787,-6.2462802985778,-5.220397593881105,-6.049631607607205,-7.015757041392526,,,,
818.0,Egypt,1300.0,1300.0,1300.0,1300.0,1300.0,1300.0,1300.0,1300.0,1300.0,1300.0,1300.0,1300.0,1300.0,1300.0,1300.0,1300.0,1300.0,1300.0,1300.0,1300.0,1300.0,1300.0,1300.0,1300.0,,1300.0,,,,,,,,,,,,,,,,,,,,,,,,,,,,,,,1993.0,1978,1994.0,1983,2005,1988.0,2017,1988,,2003,1983,1995.0,1994.0,1974,0.0,0.0,0.0,0.0,0.0,0.0,0.0,0.0,0.0,0.0,0.0,0.0,0.0,,,,
222.0,El Salvador,37539.875,38600.6540967226,38349.669266454875,38125.43374284357,37927.947525925934,40099.90234,42092.00781,31938.57813,43730.72266,39128.33203,35023.46875,30927.23633,33734.66406,35749.43359,33598.43359,43638.42578,40125.05859,35914.92188,39423.76563,34337.25781,46266.98828,44503.37891,34146.62891,35644.50781,34455.13672,30384.76563,29703.48633,36312.64844,16.0,,,,,16.0,16.0,16.0,16.0,16.0,16.0,16.0,16.0,16.0,16.0,16.0,16.0,16.0,16.0,16.0,16,16.0,16.0,16.0,16.0,16.0,16.0,16.0,1991.0,1987,1994.0,,1998,1992.0,2017,1999,1999,2008,,1997.0,1995.0,1991,-11.69567882964191,9.077525389091251,5.972401344849787,-6.016878546018944,29.882322231201364,-8.051086003221993,-10.492537227221026,9.769877160595957,-12.902135903855308,34.74281649400003,-3.811809317103011,-23.271828462608752,4.386608423185642,-3.336758348129932,-11.813539220807364,-2.242173950906996,22.250459210657908
233.0,Estonia,35996,31736.99981816113,26950,29400,30260,29868,24793,29294,33597,28860,29117.0,34665.0,24227.0,18934.0,33438.0,28986.0,23515.0,31431.0,29205.07185192406,29615.739109903574,30088.58461201191,30371.0,38917.0,25719.0,26836.0,25136.0,31216.0,31739.0,,,,,,,,,,,,,,,,,,,,,,,,,,,,,1992.0,1992,1994.0,2008,2002,1996.0,2016,1994,2006,2008,2005,2012.0,1994.0,1995,19.05416079953292,-30.111063031876533,-21.847525488091797,76.60293651631986,-13.314193432621568,-18.87462913130477,33.66361896661705,-7.081951411268933,1.4061504798265272,1.596602064711648,0.9386130708034207,28.138684929702677,-33.91319988693887,4.343092655235429,-6.334774183932032,24.188415022278804,1.675422860071758
246.0,Finland,201000,245000,257000,210000,222000,223000,195000,202000,255000,209600,240000.0,217000.0,179000.0,207000.0,278000.0,228000.0,201683.0,185000.0,255938.0,192638.0,215684.0,254903.0,273591.0,221166.0,214401.0,265130.0,251689.0,248210.0,,,,,,,,,,,,,,,,,,,,,,,,,,,,,1991.0,1976,1994.0,1989,2002,1988.0,2016,1975,2004,2002,1996,1995.0,1994.0,1987,-9.583333333333334,-17.51152073732719,15.64245810055866,34.29951690821256,-17.985611510791365,-11.542543859649122,-8.271892028579503,38.34486486486487,-24.73255241503802,11.963371712746188,18.183546299215518,7.331416264226,-19.16181453337281,-3.058788421366756,23.660803820877703,-5.069588503752876,-1.3822614416998757
250.0,France,458803,412166.5938,467894.5,473114.9063,602141.625,526938,496655.8125,463500.6875,484093.3125,583224.6875,572226.0,542698.0,535357.0,427898.0,473654.0,401743.0,509886.0,509244.0,562080.0,474837.0,502397.0,428158.0,516008.0,578552.0,567709.0,429730.0,509871.0,452384.0,,,,,,,,,,,,,,,,,,,,,,,,,,,,,1991.0,1978,1994.0,1990,2002,1988.0,2016,1986,2004,2004,1996,1997.0,1994.0,1975,-5.1601989423759145,-1.352686024271326,-20.072400286164186,10.693202585662938,-15.182179396774862,26.91845284174211,-0.1259104976406491,10.375379975021797,-15.521456020495302,5.804096984860068,-14.776959257320406,20.518126486016843,12.120742314072649,-1.8741617002447488,-24.30452925706656,18.64915179298629,-11.27481264868957
270.0,Gambia,7016,7782.664507356589,7928.929597517825,8074.894112395006,8220.558051988482,8586,8510.98420532362,8655.746419065283,8800.20805752324,12571,9323.0,8709.0,6353.0,9310.0,8797.0,11223.0,8829.299805,9131.851563,11030.26758,11373.39355,10510.30284687574,10650.8570066432,10791.110591126955,10931.063600326539,,,,,,,,,,,,,,,,,,,,,,,,,,,,,,,,,1997.0,1977,1994.0,2001,2001,1990.0,2016,1997,2002,2006,1984,1996.0,1994.0,1987,-6.585862919661054,-27.052474451716613,46.544939398709275,-5.510204081632653,27.57758326702285,-21.328523523122158,3.426678951695192,20.788949578329884,3.1107674180285025,-7.588682298998266,1.337298856324019,1.3168291001961179,1.2969286897556305,,,,
268.0,Georgia,72584,63934.39907229366,64711.03886344703,65489.955687407404,66271.14954417199,58648,60310,67956,55490,74942,65811.0,67660.0,89588.0,83605.0,85085.0,87279.0,72402.0,53441.0,72602.0,87926.0,77910.45313,82885.3125,75382.46094,82259.9375,72216.17188,72390.42188,88452.57813,80069.28906,,,,,,,,,,,,,,,,,,,,,,,,,,,,,1999.0,1996,1994.0,2000,1999,1996.0,2017,1997,2007,2006,1996,1999.0,1994.0,1992,2.8095607117351205,32.40910434525569,-6.678349778988258,1.7702290532862868,2.5785978727155197,-17.045337366376792,-26.188503080025416,35.85449374076084,21.10685656042533,-11.390881957555225,6.385355456345561,-9.052088160975439,9.12344393409239,-12.20978999649739,0.24128944454373372,22.188234068625658,-9.47772156248398
276.0,Germany,273000,228000,282000,314000,316000,309000,239000,252000,323000,294000,294000.0,327000.0,359000.0,215000.0,287000.0,261000.0,248000.0,333000.0,269000.0,280000.0,300000.0,257000.0,272000.0,276000.0,257000.0,249000.0,,,,,,,,,,,,,,,,,,,,,,,,,,,,,,,1995.0,1976,1994.0,1984,2002,1988.0,2016,1976,2001,2002,1994,1996.0,1993.0,1976,11.224489795918368,9.785932721712538,-40.11142061281337,33.48837209302326,-9.059233449477352,-4.980842911877394,34.274193548387096,-19.21921921921922,4.089219330855019,7.142857142857142,-14.333333333333334,5.836575875486381,1.4705882352941175,-6.884057971014493,-3.11284046692607,,
324.0,Guinea,1885.25,2032.0687871640548,2015.4711712603457,2000.3025218006223,1986.562838783022,1924.5,2005.625,2059.25,2117.5,2064.125,1910.375,2158.75,1956.125,2014.125,1708.939941,2000.01001,1751.0,1616.0,1755.300049,1778.699951,2099.199951,1933.0,2251.0,2096.0,1912.0,2154.0,2068.0,2049.0,,,,,,,,,,,,,,,17.0,17.0,17.0,17.0,17.0,17.0,,,,,,,,,1995.0,1981,1993.0,1993,2000,1992.0,2016,1993,2000,2007,1985,1997.0,1993.0,1979,13.001374075770464,-9.386218876664737,2.965045689820436,-15.152240253211687,17.03220002159221,-12.45043818555688,-7.709880068532267,8.62005253712871,1.3330998317541842,18.018778255422575,-7.917299679853129,16.45111226073461,-6.885828520657486,-8.778625954198473,12.656903765690378,-3.9925719591457756,-0.918762088974855
348.0,Hungary,46779,55480,45570,49941,50030,64263,63500,49700,68100,75700,40548.0,57102.0,52452.0,43340.0,63798.0,69378.0,54220.0,58400.0,56451.0,58311.0,92535.0,39153.0,45384.0,62031.0,70680.0,51429.0,65751.0,58218.0,,,,,,,,,,,,,,,,,,,,,,,,,,,,,1990.0,1985,1994.0,1983,2002,1989.0,2016,1979,2000,2008,2002,1999.0,1994.0,1985,40.825688073394495,-8.143322475570033,-17.372073514832607,47.203507152745736,8.746355685131196,-21.848424572631092,7.709332349686463,-3.337328767123288,3.2948929159802307,58.69218500797449,-57.68844221105528,15.914489311163896,36.68032786885246,13.943028485757122,-27.236842105263158,27.848101265822784,-11.456859971711458
352.0,Iceland,117511.65095192194,122587.20897454023,127413.03323018551,131989.12371867895,136315.48044031858,140392.1033949256,144218.99258244038,147796.14800304174,151123.5696566105,154201.257543087,157029.2116626501,159607.43201512098,161935.91860067844,164014.6714192629,165843.6904706955,153277.0,182893.0,183092.0,164497.0,177101.0,141043.0,189993.0,168420.0,173377.0,194159.0,,,,,,,,,,,,,,,,,,,,,,,,,,,,,,,,1995.0,2000,1994.0,,2002,1989.0,2016,1978,,2002,1985,1997.0,1993.0,1995,1.641873079010122,1.4588835595931793,1.2836885334318493,1.1151557574731685,-7.577430552244026,19.321881299868863,0.10880678866878447,-10.156096388700762,7.662145814209377,-20.36013348315368,34.70572804038485,-11.35462885474728,2.9432371452321577,11.9865956845487,,,
356.0,India,6914480.2978134155,6571313.63168335,6247199.995834351,5942139.390266418,5656131.814956665,5389177.269935608,5141275.755180359,4912427.270690918,4702631.816497803,4511889.392562866,4340199.998908997,4187563.635520935,4053980.302406311,3939449.9995803833,3570000.0,3996000.0,3819000.0,3882000.0,3674000.0,3136000.0,3989000.0,3669000.0,3467000.0,4085000.0,,,,,,,,,,,,,,,,,,,,,,,,,,,,,,,,,1992.0,1976,1994.0,1983,2002,1992.0,2016,1982,2005,2006,1995,1996.0,1993.0,1977,-3.516804834487581,-3.1900012690316095,-2.825132198051043,-9.378212685012777,11.932773109243698,-4.42942942942943,1.6496465043205029,-5.358062854198867,-14.643440391943386,27.200255102040817,-8.022060666833793,-5.505587353502317,17.82520911450822,,,,
360.0,Indonesia,4834331.121299744,4554311.122749329,4301198.941635132,4074994.5779266357,3875698.031639099,3703309.3027877808,3557828.3913345337,3439255.2973098755,3347590.020713806,3282832.5615234375,2088144.5,4208330.5,3524604.75,4630801.5,3362662.526901245,2448876.75,1416953.625,4748768.5,4586259.5,4460402.5,4653411.5,4028856.25,4463717.5,5606710.5,3994410.25,3703368.25,3989252.25,5344010.5,,,,,,,,,,,,,,,,,,,,,,,,,,,,,1993.0,1978,1994.0,,2004,1992.0,2016,1992,2013,2009,1986,1998.0,1994.0,1989,101.53444840622858,-16.246959453398443,31.384987210268044,-27.384870051086295,-27.17447170481646,-42.13863049661442,235.139302812398,-3.422129337321876,-2.7442188999553996,4.327165541674771,-13.421448973511154,10.79366507554098,25.606302370165672,-28.756616736319806,-7.286232053905831,7.719567180498456,33.9602051988565
368.0,Iraq,172100.79692184925,162192.38695526123,152734.7519263029,143727.89183545113,135171.80668270588,127066.49646782875,119411.96119093895,134639,92206,78221,92423.0,75485.0,96636.0,89644.0,75050.0,59980.0,96636.0,64801.0,54921.0,60923.52194392681,59579.83579814434,46380.0,31620.0,86515.0,108812.0,62326.0,24178.0,49482.0,,,,,,,,,,,,,,,,,,,,,,,,,,,,,2011.0,2014,2009.0,2016,2009,2008.0,,2008,2017,2016,1985,2010.0,2009.0,1974,-18.326607013405756,28.020136450950524,-7.235398816176167,-16.279951809379323,-20.079946702198534,61.1137045681894,-32.94320956993253,-15.246678292001667,10.929374818242223,-2.20552933072251,-22.15487105883474,-31.82406209573092,173.60847564832383,25.772409408773044,-42.72139102304892,-61.2072008471585,104.65712631317727
372.0,Ireland,90590,81254.25781,86111.54688,88750.75781,97777.46094,85873,82966.9375,86567.78906,98107.35938,93474.6875,94226.0,70248.0,102101.0,72375.0,82791.0,80279.0,91144.0,82798.0,98950.0,105506.0,74010.0,89439.0,92120.0,83886.0,97855.0,105541.0,82483.0,87221.0,,,,,,,,,,,,,,,,,,,,,,,,,,,,,1994.0,2002,1996.0,1983,2002,1988.0,2016,1985,2005,2010,1996,1997.0,1994.0,1991,-25.447328762761874,45.34363967657442,-29.11430838091694,14.391709844559585,-3.034146223623341,13.534050000622827,-9.156938470990958,19.50771757771927,6.625568468923698,-29.85233067313707,20.84718281313336,2.9975737653596304,-8.938341293964394,16.65236153827814,7.854478565224056,-21.847433698752145,5.744213959240086
380.0,Italy,296000,287463.45475387573,276576.9599175453,266836.4322080612,258241.8716249466,250793.27816867828,244490.65183877945,239333.99263572693,235323.30055952072,232458.57561016083,244649.0,190839.0,283729.0,218186.0,274199.0,250316.0,201418.0,194680.0,262290.0,272026.0,306883.0,287467.31209897995,299500.1597967148,312678.9746212959,,,,,,,,,,,,,,,,,,,,,,,,,,,,,,,,,1994.0,1979,1994.0,1983,2002,1988.0,2016,1977,2002,,1995,1997.0,1994.0,1978,-21.99477618956137,48.67453717531532,-23.100564270835903,25.67213295078511,-8.710097411004417,-19.534508381405903,-3.3452819509676393,34.72878569960962,3.711921918487171,12.813848676229478,-6.326739474333882,4.185814244365884,4.400269713888048,,,,
388.0,Jamaica,21212,20272.558822955936,20382.351230703294,20477.81237941608,20558.94226909429,20625.740899730474,20678.20827134326,20716.344383921474,20740.149237453938,19574,16903.0,20222.0,23860.0,20387.0,19794.0,21080.0,18299.0,23509.0,21563.0,17830.0,25247.0,20205.0,18488.0,16189.0,16695.0,14431.0,19333.0,23708.0,,,,,,,,,,,,,,,,,,,,,,,,,,,,,2003.0,1997,1995.0,,1999,1993.0,2017,1998,2002,2007,1983,1997.0,1995.0,1983,19.63556765071289,17.990307585797645,-14.555741827326068,-2.9087163388433805,6.496918258057997,-13.19259962049336,28.471501174927592,-8.277680888170488,-17.312062328989473,41.59842961301178,-19.97068958688161,-8.497896560257361,-12.43509303331891,3.12557909691766,-13.56094639113507,33.96853994872151,22.629700512077793
400.0,Jordan,8379,7995.74754197523,7843.079941429198,7702.0925722159445,7572.785434350371,8440,6046,8746,9110,2973,3651.0,7375.0,7545.0,9708.0,6951.0,9304.0,6258.0,7683.0,5193.72998,6378.97998,8727.660156,6477.0,5943.0,8120.0,7228.0,8884.0,9483.0,8165.0,,,,,,,,,,,,,,,,,,,,,,,,,,,,,1989.0,1978,1994.0,2001,2003,1989.0,2016,1977,2002,2004,1995,1996.0,1993.0,1975,101.99945220487538,2.305084745762712,28.66799204771372,-28.399258343634116,33.85124442526255,-32.73860705073087,22.77085330776606,-32.39971391383574,22.820785920025823,36.81905545030414,-25.787669498711402,-8.24455766558592,36.63133097762073,-10.985221674876847,22.910902047592696,6.742458352093651,-13.898555309501212
398.0,Kazakhstan,1047718.2884860039,1016421.6283078194,987258.8562431335,960229.9722924232,935334.9764561653,912573.8687334061,891946.6491246223,873453.3176293373,857093.8742480278,842868.3189816475,830776.651828289,820818.8727889061,812994.9818634987,770723.0,874853.0,744034.0,861226.0,812169.0,694977.0,880304.0,877579.0,874853.0,705879.0,940263.0,746623.0,907392.0,1081786.0,784772.0,,,,,,,,,,,,,,,,,,,,,,,,,,,,,2003.0,2000,1994.0,2006,2009,1998.0,2016,2007,2007,2007,,1997.0,1995.0,1994,-1.198610844138297,-0.9531811688033052,-5.199537857737494,13.510690611283172,-14.953255003983527,15.750893104347382,-5.69618195456245,-14.429509129257582,26.666637888735885,-0.30955215471019104,-0.31062730534800853,-19.314559131648405,33.20455772164918,-20.594237995114135,21.53282178555978,19.219256947383272,-27.455892385370117
414.0,Kuwait,195.40387136810932,190.98696714388643,186.5594437335949,182.12130113722924,177.6725393548022,155.6000061,187.3999939,215.3000031,111.6999969,168.1999969,80.80000305,129.5,141.1999969,152.3000031,218.0,188.0,130.8999939,106.4000015,39.70000076,119.4000015,34.97999954,86.30999756,130.1999969,120.5,75.09999847,99.97000122,88.90000153,52.20000076,,,,,,18.0,18.0,18.0,18.0,18.0,18.0,18.0,18.0,18.0,18.0,18.0,18.0,18.0,18.0,18.0,18,18.0,18.0,18.0,18.0,18.0,18.0,18.0,1993.0,2002,2002.0,,2005,1992.0,2018,2015,2006,2006,1986,1997.0,1994.0,2002,60.272271177841255,9.034746640926643,7.861194365224519,43.1385394371013,-13.761467889908257,-30.372343670212764,-18.716572606349065,-62.68796973654178,200.75566552709557,-70.70351834124558,146.7409911235236,50.851582181414216,-7.4500746013458645,-37.676349817427386,33.115849875729026,-11.073321551370892,-41.28233986319482
417.0,Kyrgyzstan,91064.5,69148.51029229164,76456.05775928497,82821.27976965904,88244.17632341385,62060.69922,82101.70313,68465.29688,117132.8984,105759.2031,88132.70313,81664.5,110595.1016,116110.3984,100809.7969,93539.5,84046.60156,77295.79688,74675.10156,102265.5,18071.80078,16060.59961,12506.40039,12237.37411904335,,,,,,,,,,,,,,,,,,,,,,,,,,,,,,,,,1996.0,2007,1996.0,2014,2003,2000.0,,2003,2000,2006,,1997.0,2000.0,1995,-7.339163443630094,35.426166326861726,4.986926835103167,-13.177632417804194,-7.211895196269364,-10.148545202828755,-8.032216121410539,-3.390475841873485,36.94725264997685,-82.32854601014027,-11.128947217179327,-22.129928559996014,-2.1511087328673835,,,,
428.0,Latvia,54578,43468,41401,45664,43662,46117,36565,48027,49988,41184,42629.0,50702.0,37841.0,41723.0,44755.0,42216.0,34558.0,48579.0,47873.0,47927.0,54298.0,42132.0,48495.0,40641.0,48556.0,38852.0,51010.0,49302.0,,,,,,,,,,,,,,,,,,,,,,,,,,,,,1992.0,1997,1996.0,1999,2002,1995.0,2017,1995,2003,2004,2004,2002.0,1995.0,1995,18.93781228740998,-25.365863279555047,10.258714093179355,7.266975049732761,-5.673109149815663,-18.14004169035437,40.572371086289714,-1.4533028674941848,0.11279844588807887,13.29313330690425,-22.405981804118017,15.102534890344632,-16.195484070522735,19.475406609089344,-19.985171760441553,31.293112323689897,-3.3483630660654775
422.0,Lebanon,8600.0,8600.0,8600.0,8600.0,8600.0,8600.0,8600.0,8600.0,8600.0,8600,8600.0,8600.0,8600.0,8600.0,8600.0,8600.0,8600.0,8600.0,8600.0,8600.0,8600.0,8600.0,8600.0,8600.0,,,,,,,,,,,,,,,,,,,,,,,,,,,,,,,,,1994.0,2013,1995.0,2019,2006,1993.0,,1999,2006,2003,1995,1996.0,1994.0,1983,0.0,0.0,0.0,0.0,0.0,0.0,0.0,0.0,0.0,0.0,0.0,0.0,0.0,,,,
440.0,Lithuania,52877,39381,40033,46422,46553,46162,34230,44206,55600,41700,39968.0,50302.0,40737.0,40104.0,47270.0,43810.0,39642.0,51603.0,43398.0,46871.0,55033.0,44977.0,51598.0,43152.0,41198.0,38517.0,51985.0,57852.0,,,,,,,,,,,,,,,,,,,,,,,,,,,,,1999.0,2001,1996.0,2002,2003,1995.0,2017,1993,2004,2006,2003,2003.0,1995.0,1992,25.85568454763811,-19.01514850304163,-1.5538699462405186,17.86854179134251,-7.3196530569071285,-9.513809632503994,30.172544271227487,-15.900238358234986,8.0026729342366,17.4137526402253,-18.272672759980377,14.720857327078285,-16.36885150587232,-4.5281794586577675,-6.507597456187193,34.96637848222863,11.285947869577763
442.0,Luxembourg,2332,1717,2374,2348,1993,2234,2230.8479121197015,2239.234415529296,2243.041367173195,2023,2236.9166151527315,2226.984911484644,2212.4736560489982,2193.382848843932,2169.7124898657203,2141.462579121813,2108.633116606623,2071.224102323875,2411.0,2156.0,1918.0,1508.0,1815.485754346475,1750.599429441616,,,,,,,,,,,,,,,,,,,,,,,,,,,,,,,,,1994.0,1983,1994.0,1983,2002,1988.0,2016,1998,2002,2003,2000,1997.0,1994.0,1983,-0.4439907862819288,-0.6516099575174712,-0.8628716167024632,-1.079171335304634,-1.3020117124207287,-1.533039280502076,-1.7740883413113424,16.404593655264197,-10.576524263790958,-11.03896103896104,-21.37643378519291,20.390302012365716,-3.5740475930209854,,,,
450.0,Madagascar,,,,,,,,,,,888000.0,,,,,,,888191.1875,,,,,,,,,,,,,,,,,,,,,19.0,,,,,,,19.0,,,,,,,,,,,1999.0,1975,1996.0,2007,2003,1996.0,2016,1999,2004,2005,2001,1997.0,1999.0,1983,,,,,,,,,,,,,,,,,
458.0,Malaysia,554927.0752825737,591347.7147126198,625835.2391233444,658389.6485157013,689010.9428892136,717699.1222453117,744454.1865820885,706244.125,782802.875,932495.4375,900660.25,860908.6875,745488.5,915330.3125,805451.625,826437.3125,908918.3125,937742.8125,1006207.375,933304.25,873518.9375,984810.125,891219.5625,864517.0625,845344.25,803071.6875,786319.25,1002596.0,,,,,,,,20.0,20.0,20.0,20.0,20.0,20.0,20.0,20.0,20.0,20.0,20.0,20.0,20.0,20,20.0,20.0,20.0,20.0,20.0,20.0,20.0,1993.0,1977,1994.0,,2002,1989.0,2016,1995,2002,,1996,1997.0,1994.0,1988,-4.4136024100097675,-13.406786245260186,22.782620053830474,-12.00426621946927,2.605455976328808,9.98030930506904,3.1712970905732525,7.3009957087780935,-7.245337970217124,-6.405768804760077,12.740558071759034,-9.503411888662294,-2.996175255073578,-2.217748304996583,-5.0006328782623175,-2.086045089218763,27.504954253631713
462.0,Maldives,485.5499878,479.5095556937158,502.1652669790201,522.8064363882877,541.4330639201216,422.1000061,585.1500244,585,641.8499756,794.7600098,530.3699951,542.0300293,649.9899902,600.75,638.9400024,523.5,666.6699829,563.0599976,591.3599854,610.3400269,644.0599976,512.1500244,501.5799866,512.5760305267759,,,,,,,,,,,,,,,,,,,,,,,,,,,,,,,,,1992.0,2012,1993.0,2019,1998,1989.0,2016,,2006,2006,2000,2002.0,1992.0,1986,2.1984716910317617,19.91770844125074,-7.575499768057808,6.357054082397008,-18.06742447904057,27.348611824259795,-15.541420486535012,5.026105196715551,3.209557962763026,5.524784417510399,-20.481007001140288,-2.0638557642134563,2.1922812354044354,,,,
466.0,Mali,415000,416095.58253985643,417461.3237493634,418628.93953615427,419598.42990005016,420369.7948408723,420943.0343589783,421318.1484541893,421495.137126565,421474.0003758669,421254.73820239305,420837.35060608387,420221.8375867009,419408.1991446018,415000.0,415000.0,415000.0,415000.0,415000.0,415000.0,415000.0,400092.0,400092.0,400092.0,400092.0,400092.0,402694.0,403498.0,,,,,,,,,,,,,,,21.0,21.0,21.0,21.0,21.0,21.0,21,21.0,21.0,21.0,21.0,21.0,21.0,21.0,2000.0,1994,1995.0,1987,2002,1994.0,2016,1987,2003,2003,1985,1995.0,1994.0,1977,-0.09908199444599479,-0.14625912326852658,-0.19362117084912872,-1.0510522096593493,0.0,0.0,0.0,0.0,0.0,0.0,-3.592289156626506,0.0,0.0,0.0,0.0,0.6503504194035372,0.1996553214103016
470.0,Malta,191,175.0599976,155.0599976,149.4700012,209.3800049,220,197.0299988,282.6600037,108.5500031,227.1100006,143.0,107.0,144.0,285.0,146.0,160.0,171.0,196.0,158.0,215.0,162.0,187.0,164.0,152.0,159.0,175.0,103.0,138.0,,,,,,,,,,,,,,,,,,,,,,,,,,,,,2000.0,1989,2001.0,2001,2001,1988.0,2016,1989,2017,2017,1993,1998.0,1994.0,1978,-25.174825174825177,34.57943925233645,97.91666666666666,-48.771929824561404,9.58904109589041,6.875000000000001,14.619883040935672,-19.387755102040817,36.075949367088604,-24.651162790697676,15.432098765432098,-12.299465240641712,-7.317073170731707,4.605263157894736,10.062893081761008,-41.14285714285714,33.980582524271846
584.0,Marshall Islands,118.3000031,124.7242047455511,125.63463513250463,126.40576690150192,127.03760005242657,131.3699951,152.5700073,125.1999969,102.0599976,124.0500031,135.3800049,124.0400009,144.9299927,130.0,120.5500031,132.1399994,104.7600021,107.7699966,115.5,109.2600021,143.0700073,144.4100037,107.25,99.55999756,145.1199951,141.2200012,,,22.0,,,,,22.0,22.0,22.0,22.0,22.0,22.0,22.0,22.0,22.0,22.0,22.0,22.0,22.0,23.0,23.0,23,23.0,23.0,23.0,23.0,23.0,,,2003.0,,1993.0,,2003,1993.0,2016,2004,2003,2003,1991,1998.0,1992.0,2002,-8.376424574941048,16.84133476977427,-10.301520356041536,-7.269228384615387,9.614264622113474,-20.720446060483333,2.873228751109394,7.172685945876703,-5.4025955844155895,30.94454013377691,0.9366018953156356,-25.732291910466863,-7.170165445221446,45.76134859037457,-2.6874269788340133,,
480.0,Mauritius,3202,3183.9623396247625,3270.5390872526914,3350.7865776959807,3424.70481094718,4094,3445,3654,3861,2002,3654.0,3445.0,3764.0,4284.0,3890.0,4801.0,3562.0,3683.0,4179.0,4213.0,3927.0,3295.0,3141.0,3691.0,3730.0,4771.0,3607.0,4041.0,24.0,,,,,,24.0,24.0,24.0,25.0,,,,,24.0,24.0,24.0,24.0,24.0,24.0,24,24.0,24.0,24.0,24.0,24.0,24.0,24.0,1992.0,1975,1993.0,2004,2001,1992.0,2016,2001,2005,2004,1994,1996.0,1992.0,1995,-5.71975916803503,9.259796806966618,13.815090329436769,-9.19701213818861,23.419023136246786,-25.807123515934183,3.3969679955081413,13.467282106978008,0.8135917683656377,-6.7885117493472595,-16.09371021135727,-4.673748103186647,17.510347023241003,1.0566242210782986,27.908847184986595,-24.397400964158457,12.032159689492653
492.0,Monaco,1.110000014,1.276984454920239,1.2495194012099091,1.227708597714809,1.2115520444367576,1.190000057,1.730000019,1.039999962,0.899999976,1.279999971,2.140000105,0.720000029,1.700000048,1.00999999,1.110000014,1.350000024,1.210000038,0.680000007,2.289999962,1.769999981,2.190000057,1.419999957,1.769999981,2.170000076,3.0,1.440000057,1.162999988,0.977680027,,,,,,,,,,,,,,,,,,,,,,,,,,,,,1992.0,1978,1993.0,1993,2006,1993.0,2016,1997,,2004,1996,1999.0,1992.0,1978,-66.35514048257488,136.111108267747,-40.588237559861525,9.900992573277138,21.621622249817392,-10.37036914897122,-43.80165407895632,236.76469682742228,-22.707423127896103,23.728818107823486,-35.159821002689604,24.647889760464274,22.598875666315614,38.24884308437231,-51.9999981,-19.236115141348225,-15.934648573702301
504.0,Morocco,298415.2121448517,286551.6937279701,275104.00575590134,264072.1482281685,253456.1211452484,262500,233471.5583125353,224103.02256298065,215150.31725776196,172500,198492.39798140526,190787.18401014805,183497.80048310757,176624.24740087986,170166.5247629881,164124.63256955147,158498.57082092762,139000.0,165000.0,165000.0,165000.0,146000.0,91000.0,130759.39102649689,,,,,,,,,,,,,,,,,,,,,,,,,,,,,,,,,1995.0,1975,1995.0,1993,2002,1995.0,2016,1980,2011,2004,2007,1996.0,1995.0,1975,-3.8818685499376318,-3.8206882526515806,-3.7458503939181944,-3.6561925856277417,-3.550576238100832,-3.4279203922907056,-12.302048352825333,18.705035971223023,0.0,0.0,-11.515151515151516,-37.67123287671233,43.69163849065592,,,,
520.0,Nauru,65.28900146,67.17309896944789,67.09242558066035,66.79215885925805,66.27229880500818,65.53284541820176,64.57379869872238,63.39515864657005,61.996925261744764,60.37909854418831,58.541678494017106,56.48466511111474,54.20805839553941,51.71185834729113,66.93499756,58.2120018,42.4620018,18.3409996,7.132999897,46.20199966,22.90200043,25.62800026,30.77499962,14.672224567097146,60.39599991,88.68299866,,,,,,,,,,,,,,,,,,,,,,,,,,,,,,,2001.0,,1994.0,,2001,2001.0,2016,,,2002,1996,1998.0,1993.0,,-3.513758805382721,-4.030486347218067,-4.60485050033389,29.438391307602895,-13.03204015534739,-27.056276219657505,-56.80608821414539,-61.10899049907835,547.7218607479815,-50.43071598949057,11.902889611464387,20.08349971821016,-52.32420877899219,311.6349203476591,46.83588117119062,,
524.0,Nepal,276700,269384.2270793915,264262.8712654114,259548.61128854752,255241.44714832306,251341.37884533405,247848.40637934208,244762.52975034714,242083.7489581108,239812.06400310993,237947.47488498688,236489.98160398006,235439.58415961266,234796.2825525999,233429.0,206200.0,212235.0,285972.0,252562.0,229455.0,250207.0,256962.0,222979.0,250354.0,223420.0,205611.0,,,,,,,,,,,,,,,,,,,,,,,,,,,,,,,1996.0,1975,1994.0,,2005,1994.0,2016,1988,2007,2007,1998,1996.0,1994.0,1978,-0.6125273158335889,-0.44416149776965047,-0.27323426063164985,-0.5823271721917502,-11.664788865136723,2.926770126091174,34.74309138455015,-11.682961968304589,-9.149040631607289,9.044039136214073,2.69976459491541,-13.224912632996318,12.276940877840515,-10.758366153526607,-7.971085847283144,,
528.0,Netherlands,24940,24344,32538,31586,29290.976196706295,29810,23830,26520,39410,32240,33510.0,35710.0,33280.0,25382.0,34045.0,31154.0,30418.0,36559.0,32924.0,29896.0,32451.0,31397.0,34987.0,30497.0,31678.0,35341.0,32032.0,35199.0,,,,,,,,,,,,,,,,,,,,,,,,,,,,,1993.0,1984,1994.0,1983,2002,1988.0,2017,1980,2000,2002,1996,1995.0,1993.0,1992,6.565204416592062,-6.804816577989358,-23.731971153846153,34.1304861713025,-8.491702158907328,-2.3624574693458302,20.18870405680847,-9.942832134358161,-9.19693840359616,8.546293818571046,-3.2479738682937356,11.434213459884703,-12.83333809700746,3.87251205036561,11.563230001894059,-9.36306273167143,9.886988011988011
562.0,Niger,425907.8125,443869.9849471152,448695.9798307121,453415.0766939223,458027.2755367756,425573.7813,473708.25,427716.1563,602930.75,577441,435767.375,467281.125,441238.5,494726.6542055309,399231.6875,572338.4375,530492.875,532140.0,490432.6563,443403.9375,563043.3125,442390.3125,604485.6875,525348.4296797514,,,,,26.0,,,,,26.0,26.0,26.0,26.0,26.0,26.0,26.0,26.0,,26.0,26.0,26.0,26.0,26.0,26.0,26,26.0,26.0,,,,,,1998.0,1975,1995.0,1983,2004,1992.0,2016,1987,2006,2006,2013,1996.0,1995.0,1974,7.231782783187933,-5.57322425552712,12.122277227742112,-19.30257161075824,43.3599725222212,-7.311331855114133,0.31048956124057275,-7.8376637163152605,-9.589230691692007,26.982028097123067,-21.42872445536772,36.640805736450204,-13.091667752720548,,,,
807.0,North Macedonia,13860,15283.820859506726,15781.418983906507,16226.289103507996,16618.431218370795,22664,16414,12704.2998,15776,21780,13650.0,13486.0,24172.0,18532.0,22797.0,19174.0,13863.0,15422.0,12999.0,14528.0,20930.0,10207.41797,16544.38672,15359.33887,21698.23633,17889.17773,,,,,,,,,,,,,,,,,,,,,,,,,,,,,,,1997.0,2000,1998.0,1999,2004,1994.0,2018,1991,2010,2004,1994,2002.0,1998.0,1997,-1.2014652014652014,79.23772801423698,-23.33278173092835,23.014245629181957,-15.892441987980874,-27.698967351621988,11.245762100555435,-15.711321488782259,11.762443264866528,44.066629955947135,-51.23068337314859,62.08199535499179,-7.162839397168051,41.270640055876314,-17.554692197418795,,
578.0,Norway,-17435541.433685303,-15833038.634979248,-14305800.336273193,-12853826.537506104,-11477117.238708496,-10175672.4397583,-8949492.140838623,-7798576.34185791,-6722925.042755127,-5722538.243652344,-4797415.944519043,-3947558.1452941895,-3172964.845977783,-2473636.046661377,-1849571.7472839355,-1300771.947845459,-827236.6483154297,-428965.8487548828,-105959.54916381836,141782.2505493164,296366.0,465153.0,379740.0,397998.0,357169.0,444104.0,359203.0,394534.0,,,,,,,,,,,,,,,,,,,,,2,2.0,,,,,,,1990.0,1976,1993.0,1985,2002,1988.0,2016,1975,2001,2002,1996,1996.0,1993.0,1977,-17.71490754717235,-19.622087143663343,-22.040231558282535,-25.228622465286676,-29.671722670092667,-36.40417525257769,-48.144723806854856,-75.2988380144068,-233.80790279705184,109.0289855406932,56.952214491540865,-18.36234529283913,4.8080265444778005,-10.258594264292785,24.34001831065966,-19.117368904580907,9.83594235014741
512.0,Oman,,,,,,,,,,,9481.0,,,,,,,,,,,,,,,,,,,,,,,,,,,,,,,,,,,,,,,,,,,,,,1995.0,2008,1995.0,,2005,1999.0,2019,2013,2000,2005,1989,1996.0,1995.0,1981,,,,,,,,,,,,,,,,,
591.0,Panama,189232,183064.6196167469,188598.83081495762,193693.01928055286,198347.18501412868,215991,225321,156306,204365,214792,215128.3125,206315.5,203652.0469,237233.7344,218414.9375,228325.4219,219090.2813,247074.8281,217466.3906,208818.1719,265632.9375,209856.6094,185971.0469,175760.9375,180933.1875,147431.5469,193960.625,208954.4844,,,,,,,,,,27.0,27.0,27.0,27.0,27.0,27.0,27.0,27.0,27.0,27.0,27.0,27,27.0,27.0,27.0,27.0,27.0,27.0,27.0,1991.0,1978,1995.0,1989,1999,1989.0,2016,1990,2000,2003,1996,1996.0,1995.0,1978,-4.096537734892519,-1.290961222011925,16.489737280416207,-7.932597338062217,4.537457242364655,-4.0447272682779545,12.773066260150905,-11.98359125763164,-3.976807025738177,27.207768884792166,-20.99751959412037,-11.38184904840076,-5.490160737488427,2.9427756096260014,-18.51602852019617,31.55978423773835,7.730362489809458
600.0,Paraguay,738641.3125,668040.5738825798,654928.9460198879,642641.0990760326,631177.0330505371,517728.375,592198,589819.4375,699328.6875,462376.5938,602081.8125,541071.5625,633679.5625,608295.875,586477.125,545852.0625,566126.5,547898.8125,493101.7813,636689.75,585615.4375,547480.125,569653.5,527679.375,720080.8125,773074.875,669789.9375,697115.125,,,,,,,,,,,,,,,,,,,,,,,,,,,,,1995.0,1976,1994.0,1999,1999,1992.0,2016,1995,2003,2004,1986,1997.0,1994.0,1988,-10.133215907431186,17.115665730445777,-4.005760798068977,-3.5868646980385983,-6.926964542734723,3.7142733155835606,-3.2197198859265552,-10.001304976363683,29.119336847952294,-8.021852479955898,-6.512006012478112,4.050078530248015,-7.3683607666765845,36.46180741856738,7.359460435560488,-13.360276066403012,4.079665275652189
608.0,Philippines,-984673.2601394653,-818973.9232540131,-661349.7558727264,-511800.7579936981,-370326.92962646484,-236928.27075958252,-111604.78140258789,5643.538454055786,114816.68880462646,215914.6696472168,308937.4809875488,393885.12281799316,470757.59514808655,539554.8979721069,600277.0312862396,653095.25,718651.5625,652524.75,899305.8125,767214.75,567576.3125,978893.6875,835447.375,729876.8125,663560.5,538834.75,,,,,,,,,,,,,,,,,,28.0,28.0,28.0,28.0,28.0,28,28.0,28.0,28.0,28.0,28.0,,,1993.0,1981,1994.0,1994,2003,1991.0,2017,1994,2006,2004,1984,2000.0,1994.0,1985,27.496709547478957,19.516470127158037,14.614167361947453,11.254115854077893,8.798973800577459,10.037787367156628,-9.201512381043491,37.81941796077467,-14.688113950114163,-26.021193870425456,72.4690875819452,-14.65392149645464,-12.63641082120822,-9.085959625549824,-18.796439812194972,,
616.0,Poland,203125,188991.7969,170659.2031,189576.2031,201489.2031,205054,192546.7031,198987.9063,220093.5,199832,197268.0,232444.0,210525.0,152305.0,194141.0,179502.0,193361.0,225164.0,200307.0,211421.0,248911.0,215303.0,195948.0,210158.0,199870.0,155818.0,218545.0,248836.0,,,,,,,,,,,,,,,,,,,,,,,,,,,,,1992.0,1989,1996.0,1996,2002,1990.0,2016,1978,2005,2008,1998,2001.0,1994.0,1976,17.831579374252286,-9.429798144929531,-27.654672841705263,27.46856636354683,-7.540395897826838,7.720805339216276,16.447473895976955,-11.039508980121155,5.548483078474542,17.732391768083584,-13.50201477636585,-8.98965643767156,7.251923979831385,-4.895364440087934,-22.040326212037826,40.256581396244336,13.860303370015329
620.0,Portugal,93571,50400,63900,82000,57500,58737,111270,107298,61773,72866,71207.0,131785.0,52427.0,80606.0,61516.0,35188.0,66782.0,76685.0,52684.0,45418.0,79650.0,70534.0,52763.0,85997.0,95028.0,49555.0,86014.0,46770.0,,,,,,,,,,,,,,,,,,,,,,,,,,,,,1994.0,1980,1994.0,1983,2002,1988.0,2016,1981,2005,2004,1997,1996.0,1993.0,1980,85.07309674610643,-60.217778958151534,53.74902245026417,-23.68310051360941,-42.79862149684635,89.78629078094805,14.828846096253482,-31.298167829432096,-13.791663503150861,75.37099828261923,-11.445072190834903,-25.1949414466782,62.987320660311205,10.501529123108945,-47.85221197962706,73.57279790132176,-45.625130792661665
634.0,Qatar,391.75833065016195,421.4184103407897,449.34879846917465,475.54949503717944,500.0205000420101,522.7618134869263,543.7734353695996,563.0553656900302,660.7000122,654.7000122,882.7999878,54.29999924,454.7000122,805.2999878,489.3999939,612.0999756,1490.300049,422.2999878,388.7000122,922.2000122,352.8999939,874.7000122,418.7999878,735.9000244,492.7999878,970.0999756,688.7999878,965.4000244,,,,,,,,,,,,,,,,,,,,,,,,,,,,,1995.0,2001,1996.0,,2005,1996.0,2017,,2004,2004,2002,1999.0,1996.0,1984,-93.84911644875308,737.384932898942,77.1057765984375,-39.22761687393137,25.07151271543977,143.47330638906823,-71.66342522209767,-7.956423530827294,137.2523754194006,-61.73281400657088,147.86059147619608,-52.1207291690032,75.71634332315995,-33.03438354934236,96.85470771434139,-28.997010089193935,40.15680044993171
498.0,Republic of Moldova,12979.2002,16665.47517980635,17111.08071614802,17515.519020736217,17878.79009358585,18792.80078,22713.59961,21226.40039,21530.59961,18599,15412.7998,20246.19922,19739.19922,15514.2002,19806.80078,20682.40039,17170.40039,16967.59961,18995.59961,14348.0,24105.0,13774.0,17690.0,19851.0,19783.0,14483.0,20829.0,19235.0,29.0,,,,,29.0,29.0,29.0,29.0,29.0,29.0,29.0,29.0,29.0,29.0,29.0,29.0,29.0,29.0,29.0,29,29.0,29.0,29.0,29.0,29.0,29.0,,1998.0,2001,1996.0,2001,2003,1996.0,2017,2000,2005,2004,2007,1999.0,1995.0,2002,31.359645766630912,-2.504173719179674,-21.404105470090087,27.66884869772405,4.420701857536416,-16.980620884305395,-1.1811068780790253,11.95219150978068,-24.466717057740723,68.00250906049624,-42.8583281476872,28.430376070858138,12.215941209723008,-0.3425520124930734,-26.79067886569277,43.81688876613961,-7.652791780690384
642.0,Romania,113000,170000,116000,137000,123000,147000,151000,171000,170000,170000,102000.0,170000.0,155000.0,131000.0,167000.0,206000.0,162500.0,174000.0,158000.0,156000.0,201750.0,119290.0,148798.0,162799.0,197196.0,152358.0,187738.0,157892.0,,,,,,,,,,,,,,,,,,,,,,,,,,,,,1991.0,1994,1994.0,1998,2001,1993.0,2017,1991,2003,2004,1996,1998.0,1994.0,1990,66.66666666666666,-8.823529411764707,-15.483870967741936,27.480916030534353,23.353293413173652,-21.11650485436893,7.076923076923077,-9.195402298850574,-1.2658227848101267,29.326923076923077,-40.872366790582404,24.736356777600804,9.40940066398742,21.128508160369535,-22.737783727864663,23.22162275692776,-15.89768720237778
643.0,Russian Federation,9936215.713295937,9913774.91061306,9894731.396886826,9879085.17211914,9866836.236310005,9965212,9376102,9900136,9997750,9761421,10112490.0,10055976.0,10103927.0,9502829.0,10443008.0,9632981.0,10139890.0,10028576.0,10062826.0,10052551.0,9853898.0,9497691.0,10213529.0,10960192.0,9644969.0,11484226.0,10203254.0,9977200.0,,,,,,,,,,,,,,,,,,,,,,,,,,,,,1995.0,1992,1995.0,,2004,1988.0,2019,1977,2011,2011,1997,2003.0,1994.0,1988,-0.5588534574570655,0.47684083573787367,-5.949152245458622,9.893674820414006,-7.75664444573824,5.262223604510379,-1.0977831120455943,0.34152406084373294,-0.10210849318074267,-1.9761451595719335,-3.614884180859189,7.536968722187319,7.310529005204764,-11.999999635042888,19.069599912659125,-11.154186620848458,-2.215508895495496
646.0,Rwanda,-131922.48189520836,-116381.11765503883,-101605.05977368355,-87594.30825209618,-74348.86308979988,-61868.72428679466,-50153.89184308052,-39204.365758657455,-29020.146033763885,-19601.232667922974,-10947.625661611557,-3059.3250143527985,4063.669273376465,10421.357201814651,16013.738770961761,20840.813980817795,24902.58283138275,28199.04532265663,31666.17969,30475.69922,33941.78125,35158.60156,32414.17969,31906.3867251873,,,,,,,,,,,,,,,,,,,,,,,30.0,30.0,30,30.0,30.0,,,,,,2004.0,1980,1996.0,2005,2004,2001.0,2016,2006,2004,2002,,1998.0,1998.0,2000,-72.0548993095326,-232.828949337249,156.45190345806964,53.6626992132399,30.143336786591817,19.489492369652506,13.237432091259263,12.29521896103939,-3.759469824444751,11.373264990505447,3.585021955793798,-7.805833418364213,-1.5665766330324775,,,,
659.0,Saint Kitts and Nevis,252.1799927,239.6595962594729,232.88310599140823,226.80552447098307,221.4268516979646,214.6999969,230.3999939,156.9100037,206.90124808438122,300.3599854,167.9600067,193.7200012,121.1299973,160.5800018,290.3399963,270.0299988,252.2700043,138.8000031,192.1600037,161.3800049,347.230011,279.6000061,173.1699982,252.02473108028062,,,,,,,,,,,,,,,,,,,,,,,,,,,,,,,,,1994.0,1994,1993.0,,2008,1992.0,2016,,2012,2004,1993,1997.0,1993.0,1986,15.336981110039455,-37.47161028822046,32.56831947440322,80.80707002458136,-6.995246179935288,-6.577044987195688,-44.97958507388031,38.443803608243584,-16.017900815642008,115.16296967221125,-19.477004509267495,-38.06509498498898,45.53602454231624,,,,
682.0,Saudi Arabia,335619.59631061554,314233.75653505325,294072.4119491577,275135.5625553131,257423.20835113525,240935.34933900833,225671.98551607132,211633.11688566208,198818.7434449196,187228.8651957512,189318.5156,136407.6875,153711.1094,145020.6875,155358.625,199827.5938,186668.9688,102110.3438,94117.24219,123055.1719,151434.4844,156331.0313,107985.7109,188637.0313,124437.0391,141734.5313,192000.0,144000.0,,,,,,,,,,,,,,,,,,,,,,,,,,,,,1990.0,1996,2002.0,1991,2005,1993.0,2016,,2000,2012,1996,1997.0,1994.0,1978,-27.948047200936333,12.685078251179933,-5.65373702260195,7.128595015107758,28.623430981060753,-6.584988964622163,-45.298704730402946,-7.827905883517354,30.746682580840286,23.062267161807917,3.2334424483304915,-30.924967358032134,74.6870300966829,-34.03361034552075,13.900597703951641,35.46451823628389,-25.0
686.0,Senegal,,,,,,,,,,,,,,,,,,135000.0,,,,,,126170.0469,87046.85156,140332.8438,122077.2031,,,,,,,,,,,,,,,,,,,,,,,,,31.0,31.0,31.0,31.0,,1992.0,1977,1995.0,1988,2001,1993.0,2016,1977,2001,2003,1984,1995.0,1994.0,1976,,,,,,,,,,,,,,-31.00830688523744,61.215301053445714,-13.00881547445702,
688.0,Serbia,37580,43381.99845409393,45286.69665795565,47027.48729234934,48604.37035745382,57020,56915,52107,52002,64850,30760.0,60980.0,51910.0,44090.0,60740.0,63501.05469,53796.27734,57251.8125,46758.0,59320.0,64511.0,34665.0,46082.0,51568.0,77980.0,51746.0,,,,,,,,,,,,,,,,,,,,,,,,,,,,,,,2000.0,2006,2002.0,2008,2007,2001.0,2017,1992,2009,2009,2001,2007.0,2001.0,2001,98.2444733420026,-14.87372909150541,-15.064534771720284,37.76366523021093,4.545694254198217,-15.28286009953199,6.423372268234349,-18.329223201448862,26.865990846486167,8.750842886041807,-46.26497806575623,32.93523727102264,11.904865240223948,51.21780949426,-33.64195947678892,,
702.0,Singapore,1523.800049,1456.4327584162384,1504.0726417437982,1551.8210280759522,1599.6779174126714,1797,1678,1185,1962,1861,1818.0,1968.0,1667.0,2120.0,2136.399902,1930.699951,2753.199951,2886.199951,2325.100098,1920.900024,2075.100098,2524.199951,2159.899902,2748.399902,1538.400024,1266.800049,,,,,,,,,,,,,,,,,,,,,,,,,,,,,,,1996.0,1986,1996.0,,2006,1989.0,2016,,2005,2005,1994,1999.0,1997.0,2012,8.25082508250825,-15.294715447154472,27.174565086982604,0.7735802830188732,-9.628344899633873,42.60113020534282,4.830742494808362,-19.44078243108529,-17.384200979032425,8.027490867478893,21.64232238400676,-14.432297602084848,27.24663302475579,-44.0256120340962,-17.65470428775813,,
703.0,Slovakia,36826,34619,33737,33186,40098,40637,41127,37058,40196,40294,37500.0,41421.0,41225.0,28080.0,41715.0,46029.0,36274.0,39460.0,40049.0,41715.0,59104.0,31791.0,34849.0,42348.0,46806.0,35241.0,45289.0,40535.0,,,,,,,,,,,,,,,,,,,,,,,,,,,,,1993.0,1993,1994.0,1995,2002,1993.0,2016,1993,2007,2002,1996,2002.0,1994.0,1993,10.456,-0.47318992781439373,-31.88599151000606,48.55769230769231,10.341603739661991,-21.193160833387648,8.78315046589844,1.4926507856056765,4.159904117456116,41.68524511566582,-46.21176231727125,9.619074580856218,21.518551464891388,10.527061490507226,-24.708370721702348,28.51224426094606,-10.497030183929873
705.0,Slovenia,32100,20126,21503.59961,18792.09961,24286,32672,33856.89844,27413.40039,31945.09961,31323.09961,31780.0,28645.0,29500.0,23249.0,32053.0,28343.0,24125.0,28656.0,36444.0,33588.0,35827.0,23127.0,30156.0,34848.0,39897.0,24144.0,31315.0,31836.0,,,,,,,,,,,,,,,,,,,,,,,,,,,,,1993.0,2000,1996.0,1999,2002,1992.0,2016,1991,1999,2004,1995,2001.0,1995.0,1992,-9.864694776589051,2.984814103683016,-21.18983050847458,37.86829541055529,-11.574579602533303,-14.881981441625799,18.781347150259066,27.177554438860973,-7.836680935133355,6.666071215910445,-35.448125715242696,30.39304708781943,15.55909271786709,14.488636363636365,-39.484171742236256,29.70096090125911,1.6637394220022355
710.0,South Africa,,,,,,,,,,,548600.0,,,,,,,,,,,,,,,,,,,,,,,,,,,,,,,,,,,,,,,,,,,,,,1994.0,1975,1996.0,1991,2002,1990.0,2016,1975,2002,2002,1997,1997.0,1997.0,1997,,,,,,,,,,,,,,,,,
724.0,Spain,350914,283594,297073,301415,276268,261536,435200,397312,365853,267982,397962.0,301786.0,369899.0,373803.0,221456.0,313516.0,355747.0,300643.0,305174.0,425690.0,337988.0,246633.0,422482.0,263371.0,,344073.0,,,,,,,,,,,,,,,,,,,,,,,,,,,,,,,1994.0,1986,1994.0,1985,2002,1988.0,2017,1982,2004,2004,1997,1996.0,1993.0,1982,-24.1671315351717,22.56996679766457,1.0554232371539258,-40.75595968999714,41.570334513402216,13.470125926587478,-15.48965978630881,1.507103109003037,39.49091338056322,-20.60231623951702,-27.029066120690675,71.29986660341478,-37.6610127768757,,,,
144.0,Sri Lanka,106682,111001.07243901491,109581.30577427149,108383.15794491768,107406.6289512515,106223,126168,109372,122428,85031,93822.0,96512.0,93101.0,127611.0,105435.0,126037.0,107600.0,114879.0660713911,117005.20077580214,119352.95431566238,121922.32669126987,124713.31790238619,127725.92794913054,130960.15683144331,,,,,,,,,,,,,,,,,,,,,,,,,,,,,,,,,1992.0,1979,1994.0,1990,2002,1989.0,2016,1990,2006,2005,1994,1998.0,1993.0,1980,2.8671313764362303,-3.534275530503979,37.06727102823815,-17.377812257564003,19.540000948451652,-14.628244087053801,6.764931293114411,1.8507590435055874,2.006537764384391,2.1527513837756076,2.2891551423420795,2.415628176216379,2.5321631514009217,,,,
729.0,Sudan,-45365.958360672,-39196.6964533329,-33394.97026014328,-27960.77978157997,-22894.125017285347,-18195.005967617035,-13863.422632098198,-9899.375011324883,-6302.863104701042,-3073.8869124650955,-212.44643485546112,2281.458328485489,4407.827377080917,6166.66071164608,7204.0,8556.0,9295.0,11622.0,8305.0,7106.0,9372.0,7087.0,5457.053572058678,3540.529762148857,,,,,,,,,,,,,,,,,,,,,,,,,,,,,,,,,2006.0,1982,1996.0,,2004,1993.0,2017,2005,2005,2006,1985,1995.0,1993.0,1974,-1173.8981475672629,93.20218660346893,39.902500349955844,16.82173443391895,18.767351471404776,8.637213651238897,25.034965034965033,-28.540698674926862,-14.437086092715232,31.88854489164087,-24.381135296628255,-22.999102976454385,-35.12012086014414,,,,
740.0,Suriname,-5229.866940572858,-4570.232799679041,-3941.770080536604,-3344.4787831529975,-2778.35890750587,-2243.4104536026716,-1739.6334214508533,-1267.0278110578656,-825.5936223939061,-415.3308554813266,-36.23951032012701,311.680413082242,628.4289147555828,914.0059946775436,1168.411652855575,1391.645889274776,1583.708703957498,1744.6000968888402,1874.320068076253,1833.800049,2319.0,2074.600098,1805.199951,2193.800049,1670.5,1979.699951,1925.199951,2192.399902,,,,,,,,,,,,,,,,,,,,32.0,32,32.0,32.0,32.0,32.0,32.0,32.0,32.0,2011.0,1980,1996.0,,2006,1997.0,2019,1985,2000,2011,1998,2000.0,1997.0,1997,-960.0569111695152,101.62605296270621,45.44302039842189,27.834134530789857,19.10578654993904,13.801126864450493,10.159153165559665,7.435513239896263,-2.161851637102811,26.458716219611144,-10.539021216041403,-12.985642257498817,21.526706655666196,-23.85358908340511,18.509425381622272,-2.752942433143496,13.879075306500466
752.0,Sweden,353657,278530,312275,312275,282580,327972,253780,284380,372570,322170,429484.0,373495.0,309843.0,311932.0,341893.0,337949.0,364915.0,344891.0,362544.0,344652.0,338882.0,384349.0,399732.0,311506.0,336488.0,375110.0,315176.0,359510.0,,,,,,,,,,,,,,,,,,,,,,,,,,,,,1991.0,1974,1994.0,1983,2002,1988.0,2016,1975,2003,2002,1996,1995.0,1993.0,1985,-13.036341283959354,-17.04226294863385,0.6742124237113635,9.60497800802739,-1.1535772888008822,7.979310487677135,-5.487305262869436,5.1184287209582155,-4.935125115848008,-1.6741524784420228,13.416764537508632,4.002352029015296,-22.071287762801077,8.019749218313612,11.47797246855757,-15.97771320412679,14.066426377642967
756.0,Switzerland,54704,59231,57787,69391.39844,72806.89844,70091,50432.30078,61847.60156,56717.30078,78600.89844,62203.0,78097.0,59471.0,55224.0,56977.0,53152.0,56696.0,63723.0,58563.0,55425.0,59183.0,49767.0,61785.0,65295.0,64698.0,60198.0,,,,,,,,,,,,,,,,,,,,,,,,,,,,,,,1990.0,1974,1995.0,1995,2003,1988.0,2017,1976,2002,2003,2009,1996.0,1993.0,1975,25.551822259376557,-23.849827778275735,-7.141295757596139,3.1743444879038103,-6.713235165066606,6.667670078266105,12.39417242839001,-8.097547196459677,-5.358332052661237,6.780333784393325,-15.909974147981684,24.14853215986497,5.680990531682447,-0.9143119687571789,-6.9553927478438276,,
760.0,Syrian Arab Republic,31256.018132448196,32901.630582123995,34454.74586173892,35915.36397135258,37283.48491084576,43291,39742.2352797091,40832.86470898986,41830.99696820974,40300,31089.0,38908.0,44202.0,54978.0,60397.0,50405.0,41991.0,39131.0,46724.975207179785,46705.63859567046,46593.80481413007,46389.473862499,46092.64574089646,45703.32044914365,,,,,,,,,,,,,,,,,,,,,,,,,,,,,,,,,1992.0,2003,1996.0,2003,2006,1989.0,2017,1998,2003,2005,,1997.0,1996.0,1975,25.150374730612114,13.606456255782874,24.378987376136827,9.856669940703554,-16.54386807291753,-16.692788413847833,-6.810983305946512,19.406545212695267,-0.041383888217348584,-0.23944385496692608,-0.43853673776197744,-0.6398609358716817,-0.8446581564038533,,,,
768.0,Togo,79878,78585.67006080598,77478.47993919626,76356.99523805082,75221.215957392,75646,69793,69912,69943,78547,62635.0,66870.51276609302,65620.37684924528,64355.94635287672,63077.22127697244,61784.20162155479,60476.88738660887,59155.278572142124,57819.37517814711,56469.177204634994,55104.684651590884,53725.8975190334,52332.8158069402,50925.43951533362,,,,,,,,,,,,,,,,,,,,,,,,,,,,,,,,,2004.0,1978,1996.0,1996,2004,1991.0,2017,1995,2004,2004,1985,1995.0,1995.0,1998,6.7622140434150495,-1.8694875590689692,-1.9268869779175917,-1.9869571475070396,-2.049899518781898,-2.115936114143842,-2.1853122268316056,-2.258299557098411,-2.3351998691650024,-2.416349273337939,-2.5021232609806354,-2.59294265228362,-2.689280654796973,,,,
780.0,Trinidad and Tobago,30158.370250344276,26940.81065404415,23999.99073445797,21335.910491347313,18948.56992459297,16837.969034552574,15004.10782110691,13446.986284017563,12166.604423761368,11085,11449.08008,8728.820313,10164.0,8446.329102,11607.74023,12084.12988,10882.75,13096.453125834465,14583.468031048775,16347.22261273861,18387.716871142387,20704.9508061409,23298.924417614937,26169.63770544529,,,,,,,,,,,,,,,,,,,,,,,,,,,,,,,,,1994.0,1984,1996.0,2018,1999,1989.0,2018,1993,2009,2002,1986,2000.0,1994.0,2005,-23.759636127901025,16.441851653912032,-16.899556257378986,37.42940974501469,4.104068841657744,-9.941798804962863,20.341394645971516,11.354333046716125,12.094205424489786,12.48220756970495,12.60207534865392,12.528277105129312,12.321226664265996,,,,
788.0,Tunisia,49920,40942.80318316817,39130.94883814454,37438.06960144639,35864.16547307372,24240,33073.282541394234,31856.30373802781,30758.300043016672,32760,24960.0,18960.0,18960.0,34200.0,38280.0,26400.0,30600.0,31680.0,21120.0,34080.0,21600.0,29280.0,32400.0,18360.0,,,,,,,,,,,,,,,,,,,,,,,,,,,,,,,,,1995.0,1974,1993.0,1987,2003,1989.0,2017,1981,2016,2004,1985,1995.0,1993.0,1975,-24.03846153846154,0.0,80.37974683544303,11.929824561403509,-31.03448275862069,15.909090909090908,3.5294117647058822,-33.33333333333333,61.36363636363637,-36.61971830985916,35.55555555555556,10.655737704918032,-43.333333333333336,,,,
792.0,Turkey,399979,423366.141685009,437397.5680179596,450277.0078930855,462004.4613099098,501301,482003.4087677002,490274.9028096199,497394.4103937149,503361.93151950836,462740.0,566247.0,495134.0,536428.0,490373.0,504580.0,492480.0,471248.0,396064.0,633671.0,568961.0,519083.0,490013.0,381005.0,463599.0,458793.0,468126.0,396842.0,,,,,,,,,,,,,,,,,,,,,,,1.0,,,,,,1994.0,1996,1997.0,,2009,1991.0,,1994,2017,2009,,1998.0,2004.0,1983,22.368284565846913,-12.558653732381805,8.339964534853191,-8.585495164309096,2.897182348946618,-2.398034008482302,-4.311241065627031,-15.954232166502564,59.99207198836552,-10.21192385322983,-8.766505964380688,-5.600260459309975,-22.245940413825753,21.677930735817117,-1.036671778843354,2.0342507405300427,-15.227524213566431
804.0,Ukraine,318.111969,347.1604715868598,351.70031074085273,355.80599831498694,359.4775343093788,379.6820068,356.7441406,427.3686218,397.790863,351.9151306,336.2207947,405.638031,347.0860901,322.940979,402.619873,374.8529968,356.1405334,340.4461975,383.303772,348.8969727,428.5758667,286.1196594,367.0058289,360.9695435,328.9772644,301.8139954,397.790863,339.2389221,,,,,,,,,,,,,,,,,,,,,,,,,,,,,1999.0,1999,1995.0,1999,2004,1988.0,2016,1991,2002,2007,1999,2002.0,1997.0,1988,20.64632449695415,-14.4345294142304,-6.9565193733472395,24.672896653354094,-6.896548844721323,-4.991947125871302,-4.4067817134347,12.588648313512152,-8.976379001039414,22.83737040863124,-33.23943748790651,28.270049555357467,-1.6447382915121864,-8.862874909001835,-8.256883359262321,31.800005653415763,-14.719277476214925
784.0,United Arab Emirates,17855.353174209595,16322.52267792821,14871.768034219742,13503.089243113995,12216.486304581165,11011.959218621254,9889.507985264063,8849.13260447979,7890.833076238632,7014.609400629997,6220.46157759428,5508.3896071612835,4878.393489301205,5221.047363,2633.238281,2654.57666,4613.962891,2004.885742,2937.646729,4791.509277,2411.687988,2319.52002,1195.069702,4773.133789,2633.290771,1488.216553,4428.126953,3613.246826,,,,,,,,,,,,,,,,,,,,,,,,,,,,,1992.0,1990,2000.0,2016,2005,1989.0,2016,2007,2002,2002,,1998.0,1995.0,2001,-11.447252933734632,-11.437029019171788,7.023908064207378,-49.56494170765484,0.8103474400310171,73.81162731235645,-56.547423779442795,46.52439625160446,63.1070621834461,-49.66746700092009,-3.821720241532347,-48.47771557496623,299.40212533310466,-44.83098761931645,-43.4845338999595,197.54587422600721,-18.40236595854437
826.0,United Kingdom of Great Britain and Northern Ireland,297636,253169.5,300860.6875,284625.4063,300860.6875,260019,232621.5938,260018.7031,321154.8125,314559.1875,338990.0,266177.0,324685.0,228856.0,307431.0,273842.0,298282.0,292292.0,316187.0,284961.0,231974.0,269848.93735325336,265600.3004633188,260979.52341103554,,,,,,,,,,,,,,,,,,,,,,,,,,,,,,,,,1994.0,1976,1994.0,1985,2002,1988.0,2016,1976,2004,2005,1997,1996.0,1993.0,1984,-21.479394672409217,21.980862358505806,-29.514452469316417,34.33381689796204,-10.925703653828013,8.924854478129724,-2.0081667683601423,8.175044133948244,-9.875801345406357,-18.5944743315752,16.327233807777322,-1.5744501096080812,-1.739748428078848,,,,
834.0,United Republic of Tanzania,,,,,,,,,,,,,,,,,,,,,,,783288.125,824777.4375,915600.3125,883278.3125,817311.25,,,,,,,,,,,,,,,,,,,,,,,,33.0,33.0,33.0,33.0,33.0,,1993.0,1979,1996.0,1999,2002,1993.0,2018,2000,2002,2004,1985,1997.0,1996.0,1977,,,,,,,,,,,,,5.296813672491204,11.011804017735392,-3.5301429628989998,-7.468434531499946,
862.0,Venezuela (Bolivarian Republic of),1630000,1570257.4242630005,1565071.0464935303,1557697.4904527664,1548136.75614357,1520000,1420000,1470000,1520000,1560000,1360000.0,1360000.0,1420000.0,1195231.0,1520000.0,1560000.0,1060000.0,1335846.125,1293661.5,936000.0,1097708.7624425888,1050965.9975385666,1002036.0543670654,950918.9329242706,,,,,,,,,,,,,,,,,,,,,,,,,,,,,,,,,1998.0,1977,1994.0,,2005,1989.0,2017,1988,2005,2005,,1998.0,1994.0,1990,0.0,4.411764705882353,-15.828802816901408,27.172069666867742,2.631578947368421,-32.05128205128205,26.023219339622646,-3.157895524830751,-27.64722456376726,17.276577184037265,-4.258211877621494,-4.655711344239338,-5.101325568078771,,,,
887.0,Yemen,68000,78833.33335876465,87500.00001144409,94000.0,98333.33332252502,100499.99997997284,100499.9999742508,98333.33330345154,93999.99996852875,87499.99996948242,78833.33330440521,68000.0,55000.0,39833.333322525024,22500.0,3000.000012397766,-18666.666639328003,-42499.99995517731,-68499.99993610382,-96666.66658210754,-126999.9998922348,-159499.99986934662,-194166.66650867462,-230999.99981307983,,,,,,,,,,,,,,,,,,,,,,,,,,,,,,,,,1996.0,1997,1996.0,2006,2004,1996.0,,2008,2006,2004,1987,1997.0,1996.0,1980,-13.742071849954169,-19.11764705882353,-27.575757595409044,-43.51464433613779,-86.66666661156547,-722.2222187395449,127.67857152190136,61.17647060787637,41.11922141938297,31.37931034827034,25.5905511847949,21.734587252492148,18.969957082082182,,,,
894.0,Zambia,918.7794831196079,919.1806206421461,919.899890820845,920.9372936553555,922.2928291459102,923.9664972923929,925.9582980949199,928.268231553142,930.8962976675248,933.8424964379519,937.106827864307,1023.200012,844.5999756,953.2000122,1033.400024,759.2000122,1010.799988,1036.099976,1019.900024,1002.200012,1008.799988,890.4000244,1033.900024,1008.4932080998551,,,,,,,,,,,,,,,,,,,,,,,,,,,,,,,,,1994.0,1980,1993.0,,2006,1990.0,2016,1991,2011,2006,1983,1996.0,1993.0,1984,9.1871259045142,-17.4550463551011,12.858162412667722,8.413765293067637,-26.533772540342042,33.140143803596224,2.5029667887174516,-1.5635510448076624,-1.735465396949536,0.6585487847709156,-11.736713422720618,16.116351714691174,-2.4573764687469355,,,,
716.0,Zimbabwe,244262.2031,240167.0474487394,242507.16354683042,244821.36720362306,247109.65841913968,163649.0313,273803.4375,315223.6875,209523.9063,304360.625,345233.8125,284705.5625,181995.0625,238166.4219,278336.2188,206710.4531,326555.625,233834.6719,311128.875,286966.0313,277085.7813,291270.2813,259853.4063,300531.2188,294826.1563,244809.2656,211907.5156,372899.4063,34.0,,,,,34.0,34.0,34.0,34.0,34.0,34.0,34.0,34.0,34.0,34.0,34.0,34.0,34.0,34.0,34.0,34,34.0,34.0,34.0,34.0,34.0,34.0,34.0,2012.0,1981,1995.0,2012,2009,1992.0,2017,2013,2012,2012,1993,1997.0,1992.0,1982,-17.532538183814196,-36.07604259576067,30.864221604913038,16.86627215521853,-25.73354125769275,57.977315661933496,-28.39361689145609,33.055065132965005,-7.766184896853442,-3.443003325251061,5.119172818414122,-10.786158773143594,15.6541386465558,-1.8983260783288718,-16.964875616091994,-13.439748662846362,75.97271396635634
,,,,,,,,,,,,,,,,,,,,,,,,,,,,,,,,,,,,,,,,,,,,,,,,,,,,,,,,,,,,,,,,,,,,,,,,,,,,,,,,,,,,,,,,
,,,,,,,,,,,,,,,,,,,,,,,,,,,,,,,,,,,,,,,,,,,,,,,,,,,,,,,,,,,,,,,,,,,,,,,,,,,,,,,,,,,,,,,,
