Country ID,Country,1990,1991,1995,1996,1997,1998,1999,2000,2001,2002,2003,2004,2005,2006,2007,2008,2009,2010,2011,2012,2013,2014,2015,2016,2017,Footnotes 1990,Footnotes 1991,Footnotes 1995,Footnotes 1996,Footnotes 1997,Footnotes 1998,Footnotes 1999,Footnotes 2000,Footnotes 2001,Footnotes 2002,Footnotes 2003,Footnotes 2004,Footnotes 2005,Footnotes 2006,Footnotes 2007,Footnotes 2008,Footnotes 2009,Footnotes 2010,Footnotes 2011,Footnotes 2012,Footnotes 2013,Footnotes 2014,Footnotes 2015,Footnotes 2016,Footnotes 2017,Basel Convention,CITES,Convention on Biological Diversity,Convention on Migratory Species,Kyoto Protocol,Montreal Protocol,Paris Agreement,Ramsar Convention,Rotterdam Convention,Stockholm Convention,UN Convention on the Law of the Sea,UN Convention to Combat Desertification,UN Framework Convention on Climate Change,World Heritage Convention,2000 Percent Change,2001 Percent Change,2002 Percent Change,2003 Percent Change,2004 Percent Change,2005 Percent Change,2006 Percent Change,2007 Percent Change,2008 Percent Change,2009 Percent Change,2010 Percent Change,2011 Percent Change,2012 Percent Change,2013 Percent Change,2014 Percent Change,2015 Percent Change,2016 Percent Change
8.0,Albania,58.69642858093721,60.565476199117256,67.20833333893097,68.66071429065778,70.02976190907066,71.31547619419871,72.51785714604193,73.63690476460033,74.6726190498448,75.62500000183354,76.49404762047925,77.27976190586924,77.98214285794529,78.60119047673652,79.13690476224292,79.5892857144645,80.0,80.0,81.0,80.0,81.0,80.0,81.0,80.0,78.0,,,,,,,,,,,,,,,,,1.0,1.0,1.0,1.0,1.0,,,,,1999.0,2003,1994.0,2001,2005,1999.0,2016,1996,2010 ,2004,2003,2000.0,1994.0,1989.0,0.014065152365588952,0.012754085287312861,0.01149153875867291,0.010271574192128798,0.009088808437732916,0.007938325315308463,0.006815600148765632,0.005716434747867599,0.005160421806133412,0.0,0.0125,-0.012345679012345678,0.0125,-0.012345679012345678,0.0125,-0.012345679012345678,-0.025
12.0,Algeria,57.882615530950716,60.81832981840125,71.47400209333864,73.8661239433277,76.14952730582445,78.32421218082891,80.39017856834107,84.0,84.0,86.0,86.0,88.0,90.0,90.0,95.0,95.0,96.0,96.0,96.5,98.0,98.0,98.0,98.0,98.87767856943537,,,,,,,,,,,,,,,,,,,,,,,,,,,1998.0,1983,1995.0,2005,2005,1992.0,2016,1984,,2006,1996,1996.0,1993.0,1974.0,0.0,0.023809523809523808,0.0,0.023255813953488372,0.022727272727272728,0.0,0.05555555555555555,0.0,0.010526315789473684,0.0,0.005208333333333333,0.015544041450777202,0.0,0.0,0.0,0.008955903769748723,
20.0,Andorra,100,100.0,100,100,100,100,100,100.0,100.0,100.0,100.0,100.0,100.0,100.0,100.0,100.0,100.0,100.0,100.0,100.0,100.0,100.0,100.0,100.0,,,,,,,,,,,,,,,,,,,,,,,,,,,1999.0,…,2015.0,,,2009.0,2017,2012,,,,2002.0,2011.0,1997.0,0.0,0.0,0.0,0.0,0.0,0.0,0.0,0.0,0.0,0.0,0.0,0.0,0.0,0.0,0.0,0.0,
24.0,Angola,,,,,,,,,,,,,,,,,,,15.30000019,,,,,,,,,,,,,,,,,,,,,,,,,,,,,,,,2017.0,2013,1998.0,2006,2007,2000.0,,,,2006,1990,1997.0,2000.0,1991.0,,,,,,,,,,,,,,,,,
28.0,Antigua and Barbuda,,,,,,,,,,,,,,,,,,,82.0,,,,,,,,,,,,,,,,,,,,,,,,,,,,,,,,1993.0,1997,1993.0,2007,1998,1992.0,2016,2005,2010,2003,1989,1997.0,1993.0,1983.0,,,,,,,,,,,,,,,,,
51.0,Armenia,81.8767350488124,82.35827230908762,84.46647931801999,88.09999847,85.62981760319963,88.19999695,86.86597907554096,87.59999847,84.69999695,84.09999847,87.30000305,88.90000153,89.40000153,91.30000305,94.09999847,97.0,97.59999847,97.0,97.5,96.59999847,98.69999695,98.30000305,97.30000305,97.90000153,,,,,,,,,,,,,,,,,,,,,,,,,,,1999.0,2008,1993.0,2011,2003,1999.0,2017,1993,2003,2003,2002,1997.0,1993.0,1993.0,-0.03310504076085292,-0.007083807575036713,0.03804999569817469,0.018327587904935317,0.0056242968660835295,0.021252813059096192,0.030668075864867146,0.030818295187587556,0.0061855512371134305,-0.006147525403747096,0.005154639175257732,-0.009230784923076895,0.0217391150441081,-0.004052623225536973,-0.01017293966401357,0.006166479560043512,
40.0,Austria,67.58498884749133,70.27439099212643,79.63434569811216,81.62492090661544,83.47573072783416,85.18677516194293,86.75805420870893,89.0,89.0,90.0,91.64551652380032,92.51796863449272,93.25065535807516,93.84357669425663,94.29673264326993,95.0,94.78374837979209,94.81760816724272,94.71170256740879,94.46603158029029,94.08059520612005,93.55539344460703,92.89042629598407,92.0,,,,,,,,,,,,,,,,,,,,,,,,,,,1993.0,1982,1994.0,2005,2002,1989.0,2016,1983,2002,2002,1995,1997.0,1994.0,1992.0,0.0,0.011235955056179775,0.01828351693111472,0.009519855894595971,0.007919399165334516,0.006358361063573126,0.004828843539176843,0.007458024652779518,-0.0022763328442938235,0.00035723199419128036,-0.0011169402169176389,-0.0025938820701026967,-0.004080158420147488,-0.0055824663987548,-0.007107737182642305,-0.009585770369347164,
31.0,Azerbaijan,44.6652119961509,43.991235631663585,41.975150594924344,41.641084441012936,41.375000329193426,41.17689825940761,41.046778231801,40.98464024628629,40.99048430286348,41.06431040150346,41.20611854226445,41.41590872517554,41.59999847,42.0,42.20000076,42.40000153,44.59999847,44.79999924,45.0,45.20000076,45.70000076,46.29999924,48.40000153,49.90000153,50.90000153,,,,,,,,,,,,,,,,,,,,,,,,,,2001.0,1998,2000.0,,2000,1996.0,2017,2001,,2004,2016,1998.0,1995.0,1993.0,0.00014259138404218243,0.001801054559260877,0.0034533184503639978,0.005091238639618871,0.004444904156178975,0.00961542174787482,0.004761922857142899,0.00473935465398308,0.05188671841069166,0.004484322351143692,0.0044643027543051755,0.0044444613333333724,0.011061946716657533,0.01312906936590599,0.04535642169483541,0.03099173455749269,0.020040079545865296
48.0,Bahrain,97.07503106827244,97.24635635712002,97.87221881188634,98.01382475042192,98.14948681889473,98.27920501730478,98.40297934565388,98.52080980394021,98.63269639216378,98.73863911032458,98.83863795842262,99.0,99.0,99.0,99.0,99.69999695,99.19999695,99.40000153,99.0,99.59999847,99.59999847,99.90000153,99.30000305,99.59773080802006,,,,,,,,,,,,,,,,,,,,,,,,,,,1992.0,2012,1996.0,,2006,1990.0,2016,1998,2012,2006,1985,1997.0,1994.0,1991.0,0.0011356645204828068,0.001074113575275038,0.001012763078355845,0.0016325805870094556,0.0,0.0,0.0,0.007070676262626255,-0.005015045288825358,0.002016175263602144,-0.004024160199628091,0.006060590606060633,0.0,0.0030120789619324834,-0.006005990698807114,0.0029982653461767365,
56.0,Belgium,98.23333333808114,97.66363636782626,96.14242424460826,95.95151515325415,95.83636363770347,95.79696969801444,95.83333333407063,95.0,97.0,97.0,97.0,98.0,95.0,98.0,100.0,100.0,100.0,101.23333333342453,102.17878787909285,103.2000000004773,104.2969696976943,105.46969697074383,106.71818181953859,108.04242424416589,,,,,,,,,,,,,,,,,,,,,,,,,,,1993.0,1983,1997.0,1990,2002,1988.0,2017,1986,2002,2006,1998,1997.0,1996.0,1996.0,0.021052631578947368,0.0,0.0,0.010309278350515464,-0.030612244897959183,0.031578947368421054,0.02040816326530612,0.0,0.0,0.012333333334245253,0.009339360016471596,0.009994365196354075,0.010629551329572847,0.011244116453706106,0.011837379689647508,0.012408779854089029,
84.0,Belize,59.26491953025834,59.04372582920769,58.28504123310631,58.12689263610446,57.981353059902176,57.84842250451766,57.29855347,57.38550949,58.02349854,57.81110001,57.61309814,57.43119812,57.26739883,57.12369919,57.00260162,56.9070015,56.84000015,57.32509995,57.40200043,57.55049896,57.367546670662705,57.43636044820232,57.517783246556064,57.61181506570938,,,,,,,,,,,,,,,,,,,,,,,,,,,1997.0,1986,1994.0,,2003,1998.0,2016,1998,2005,2010,1983,1998.0,1994.0,1990.0,0.011117598426327079,-0.0036605605546790516,-0.0034249801502782167,-0.003157268500957593,-0.002852095992456026,-0.002509274786979078,-0.002119918207629008,-0.0016771185399099033,-0.0011773832434309192,0.008534479217449481,0.0013414800858101085,0.0025869922456985997,-0.0031789870225878212,0.0011995244965706013,0.001417617650532913,0.0016348303749857294,
60.0,Bermuda,19.0,19.0,19.0,19.0,19.0,19.0,19.0,19.0,19.0,19.0,19.0,19.0,19.0,19.0,19.0,19.0,19.0,19.0,19.0,19.0,19.0,19.0,19.0,19.0,19.0,,,,,,,,,,,,,,,,,,,,,,,,,,,,,,,,,,,,,,,,0.0,0.0,0.0,0.0,0.0,0.0,0.0,0.0,0.0,0.0,0.0,0.0,0.0,0.0,0.0,0.0,0.0
68.0,Bolivia (Plurinational State of),80.27517084684223,79.00455471110763,75.07596201173146,71.38783264,72.36289215,76.43089294,71.29511261,76.15628815,73.25492096,71.40000153,73.07137299,72.9867787224066,75.76999664,77.43117523,79.70690155,74.78568268,65.20146179,76.7864131584065,69.14395142,80.75384521,82.29959869,83.85567474,84.7202301,85.25031281,85.67424774,,,,2.0,2.0,2.0,2.0,2.0,2.0,2.0,2.0,,2.0,2.0,2.0,2.0,2.0,,2.0,3.0,3.0,3.0,3.0,3.0,3.0,1996.0,1979,1995.0,2003,1999,1994.0,2016,1990,2003,2003,1995,1996.0,1994.0,1976.0,-0.03809753942163459,-0.02532143104779086,0.023408563363934192,-0.0011576936922340236,0.03813317927317937,0.02192396283046729,0.029390310985726777,-0.06174143987911677,-0.12815582537382003,0.17767931960972233,-0.09952882839624891,0.1679090296630317,0.01914154646110383,0.018907456108763213,0.01031003999050282,0.0062568610752628505,0.004972825506750202
70.0,Bosnia and Herzegovina,56,52.316353106405586,44.91905868554022,43.66605042247102,42.651568296249025,41.87561230693245,41.33818245440489,36.45833206,38.28125,41.92708206,43.75,43.51981354,44.74758911,44.86376953,45.67636108,46.54005051,49.2691803,51.20346451,53.17926025,55.0,62.0,64.0,64.0,66.0,68.0,,,,,,,,,,,,,,,,,,,,,,,,,,2001.0,2009,2002.0,2017,2007,1993.0,2017,1992,2007,2010,1994,2002.0,2000.0,1993.0,0.05000003667200138,0.09523806197551012,0.04347829256019549,-0.0052614047999999716,0.028211875698215563,0.0025963503802272038,0.018112422529645615,0.018908893124986236,0.05864045612528068,0.03925951676529112,0.03858714950067731,0.03423777881528545,0.12727272727272726,0.03225806451612903,0.0,0.03125,0.030303030303030304
72.0,Botswana,-32.53342292411253,-16.000076360069215,38.79996639024466,49.66664120089263,59.39998165983707,67.99998776894063,75.46665952727199,81.79999693343416,87.0,91.06666869437322,94.00000304915011,95.80000305,96.4666687049903,96.0,94.39999695820734,91.66665955726057,87.79998780693859,82.79998170537874,76.66664125211537,69.39996644901112,60.999957295134664,51.466613789554685,40.799935933668166,28.999923726078123,,,,,,,,,,,,,,,,,,,,,,,,,,,1998.0,1977,1996.0,,2003,1991.0,2016,1997,2008,2002,1990,1996.0,1994.0,1998.0,0.06356972202330782,0.04674331832612897,0.0322108450526656,0.019148935558105453,0.006958931458930645,-0.004837616051793405,-0.016666698352006886,-0.02895484628200641,-0.04218187691138266,-0.05694768560280724,-0.07407417643022192,-0.09478274624302459,-0.12103765439206701,-0.1562844291751718,-0.20725431635161037,-0.289216439623197,
76.0,Brazil,100.8509377464652,95.98954931320623,80.00691578281112,76.87698745063972,74.09335113910493,71.65600684774108,69.5649545766646,67.8201943259919,64.69999695,65.30999756,66.09999847,66.0,66.5,64.30000305,64.90000153,65.09999847,66.09999847,65.09999847,66.90000153,79.90000153,79.59999847,83.30000305,83.30000305,83.30000305,,,,,,,,,,,,,,,,,,,,,4.0,5.0,6.0,6.0,6.0,,1992.0,1975,1994.0,2015,2002,1990.0,2016,1993,2004,2004,1988,1997.0,1994.0,1977.0,-0.04600690704296758,0.009428139702563003,0.012096171176154663,-0.001512836192354646,0.007575757575757576,-0.033082660902255624,0.00933123563825393,0.0030816168765043397,0.015360983463937092,-0.01512859339102493,0.02764981723969608,0.19431987597444828,-0.003754731592681542,0.0464824704914344,0.0,0.0,
92.0,British Virgin Islands,,26.5,,,,,,,48.40000153,,,,,,,,,,,,,,,,,,,,,,,,,,,,,,,,,,,,,,,,,,,,,,,,,,,,,,,,,,,,,,,,,,,,,,,,
100.0,Bulgaria,99,99.0,99,99.0,99.0,99.0,99.0,99.0,99.0,99.0,99.0,99.0,99.0,99.0,99.0,99.0,99.0,99.0,99.0,99.0,99.0,99.0,99.0,99.0,99.0,,,,,,,,,,,,,,,,,,7.0,7.0,7.0,7.0,7.0,7.0,7.0,7.0,1996.0,1991,1996.0,1999,2002,1990.0,2016,1976,2000,2004,1996,2001.0,1995.0,1974.0,0.0,0.0,0.0,0.0,0.0,0.0,0.0,0.0,0.0,0.0,0.0,0.0,0.0,0.0,0.0,0.0,0.0
132.0,Cabo Verde,65.19999695,66.75135393135133,73.23524959862698,74.62670218528365,75.92634623989579,77.13418176246341,78.25020875298651,78.09999847,80.20683713781182,81.04743853214313,81.79623139442992,82.45321572464309,83.01839152281173,83.49175878887763,85.30000305,84.16306772490498,84.36100939486641,83.5439682,84.4814671385684,85.40000153,84.40000153,83.69999695,83.40000153,82.8806839,84.49820709,8.0,,,,,,,8.0,,,,,,,8.0,,,8.0,,8.0,8.0,8.0,8.0,8.0,8.0,1999.0,2005,1995.0,2006,2006,2001.0,2017,2005,2006,2006,1987,1995.0,1995.0,1988.0,0.026976167850004496,0.0104804206764442,0.0092389454355158,0.008031963319252648,0.006854502801395563,0.005701956607239677,0.02165775745238288,-0.013328666875059672,0.0023518827831754997,-0.009685057122089611,0.011221623281337148,0.010872614107482194,-0.011709601663750697,-0.008293892977610686,-0.003584174802051793,-0.006226829981690089,0.01951628671345942
120.0,Cameroon,,,,,,,,,,,,,,,43.90000153,,,,,,,,,,,,,,,,,,,,,,,,,,,,,,,,,,,,2001.0,1981,1995.0,1983,2002,1989.0,2016,2006,2002,2009,1985,1997.0,1994.0,1982.0,,,,,,,,,,,,,,,,,
140.0,Central African Republic,,,,,,,,,,,,,,,,,30.0,,,,,,,,,,,,,,,,,,,,,,,,,,,,,,,,,,2006.0,1980,1995.0,,2008,1993.0,2016,2006,,2008,,1996.0,1995.0,1980.0,,,,,,,,,,,,,,,,,
344.0,China Hong Kong Special Administrative Region,99.90000153,99.90693437599737,99.90000153,99.89656847340325,99.8954272098133,99.8945965851999,99.90000153,99.90000153,99.90000153,99.90000153,99.90000153,99.90000153,99.90000153,99.90000153,99.90000153,99.90000153,99.90000153,99.90000153,99.90000153,99.90000153,99.90000153,99.90000153,99.98999786,99.93276460710763,,,,,,,,,,,,,,,,,,,,,,,,,,,,,,,,,,,,,,,,,0.0,0.0,0.0,0.0,0.0,0.0,0.0,0.0,0.0,0.0,0.0,0.0,0.0,0.0,0.0009008641503671985,-0.0005723897801508944,
446.0,China Macao Special Administrative Region,99.32700015638329,99.38221374638488,99.59999847,99.59999847,99.66410204593376,99.70285122244968,99.73924833989622,99.77329339827338,99.80498639758116,99.83432733781956,99.86131621898858,99.88595304108821,99.90823780411847,99.92817050807753,99.94575115296902,99.96097973879114,99.97385626554387,99.98438073322723,100.0,100.0,100.0,100.0,100.0,99.99813429887035,,,,,,,,,,,,,,,,,,,,,,,,,,,,,,,,,,,,,,,,,0.00031765012688583566,0.000293982708654622,0.0002703366856741867,0.0002467103682632282,0.00022310207143030273,0.00019951011445259854,0.00017593282056609216,0.00015236851638452518,0.00012881553168428287,0.00010527219891767694,0.00015621706768828382,0.0,0.0,0.0,0.0,-1.8657011296454584e-05,
188.0,Costa Rica,161.34444593638182,155.05695292074233,132.93136417120695,128.15606281196233,123.68319978390355,119.51277508726344,115.64478872180916,112.07924068754073,108.81613098469097,105.85545961279422,103.19722657243256,100.84143186325673,98.78807548538316,97.03715743881185,95.58867772354279,94.69000244,95.19999695,90.73000336,91.84999847,92.69000244,94.60401917,95.07258606,94.91223145,95.26999664,95.20999908,,,,,,,,,,,,,,,,9.0,,,,,,,,,,1995.0,1975,1994.0,2007,2002,1991.0,2016,1992,2009,2007,1992,1998.0,1994.0,1977.0,-0.02911430950845569,-0.02720801911541295,-0.025111912508671192,-0.02282808160083962,-0.020362229491722884,-0.017723981745452495,-0.014927062513990254,-0.009401482528525964,0.005385938291882026,-0.04695371568496675,0.012344263953744937,0.009145389047277552,0.020649656700990806,0.0049529279422897195,-0.0016866545514898877,0.0037694318691525106,-0.000629763431468505
191.0,Croatia,,,,,,,,,,,,,,,,,,,86.0,,,,,,,,,,,,,,,,,,,,,,,,,,,,,,,,1994.0,2000,1997.0,2000,2007,1992.0,2017,1991,2007,2007,1995,2000.0,1996.0,1992.0,,,,,,,,,,,,,,,,,
192.0,Cuba,93.53215015647584,93.17870532737288,92.11157848637959,91.93145989498589,91.7860065511195,91.67521845482406,91.59909560602682,91.55763800481509,91.5508456511161,91.57871854497353,91.6412566863437,91.59999847,91.59999847,92.09999847,92.40000153,92.40000153,94.5,92.69999695,92.30000305,93.40000153,93.59999847,95.19999695,95.5,95.5,95.59999847,,,,,,,,,,,,,,,,,,,,,,,,,,1994.0,1990,1994.0,2008,2002,1992.0,2016,2001,2008,2007,1984,1997.0,1994.0,1981.0,-7.418664184659911e-05,0.0003044526094673012,0.0006828894568933823,-0.00045021443218423886,0.0,0.005458515375016687,0.003257362269096187,0.0,0.022727255792503263,-0.01904765132275133,-0.004314928944558054,0.011917642943133104,0.0021412948257368775,0.01709400113412199,0.0031512926429773467,0.0,0.0010471043979057876
196.0,Cyprus,100,100.0,100,100.0,100.0,100.0,100.0,100.0,100.0,100.0,100.0,100.0,100.0,100.0,100.0,100.0,100.0,100.0,100.0,100.0,100.0,100.0,100.0,100.0,100.0,,,,,,,,,,,,,,,,,,,,,,,,,,1992.0,1974,1996.0,2001,1999,1992.0,2017,2001,2004,2005,1988,2000.0,1997.0,1975.0,0.0,0.0,0.0,0.0,0.0,0.0,0.0,0.0,0.0,0.0,0.0,0.0,0.0,0.0,0.0,0.0,0.0
203.0,Czechia,73.68575851403875,75.37487100120052,81.39860681144637,82.72136222946574,83.97084623362753,85.14705882390263,86.25000000037835,87.0,87.0,90.0,90.0,92.0,92.0,92.0,92.0,92.0,93.0,93.0,94.0,94.0,94.0,94.0,94.0,94.0,95.0,,,,,,,,,,,,,,,,,,,,,,,,,,1993.0,1993,1994.0,1994,2001,1993.0,2017,1993,2000,2002,1996,2000.0,1993.0,1993.0,0.0,0.034482758620689655,0.0,0.022222222222222223,0.0,0.0,0.0,0.0,0.010869565217391304,0.0,0.010752688172043012,0.0,0.0,0.0,0.0,0.0,0.010638297872340425
208.0,Denmark,,,,,,,,,95.0,97.0,,,,,,,,,,,,,,,,,,,,,,,,,,,,,,,,,,,,,,,,,1994.0,1977,1994.0,1983,2002,1988.0,2016,1978,2004,2003,2004,1995.0,1993.0,1979.0,,2.1052631578947367,,,,,,,,,,,,,,,
218.0,Ecuador,83.56708490225719,81.62791824282613,75.30339431669563,74.08029901323607,73.00041798083112,72.0637512197136,71.27029872976709,70.6200605109334,70.11303656338714,69.7492268870119,69.52863148174947,69.45125034777448,69.25,68.95999908,71.65000153,71.75,69.37999725,71.81999969,72.66999817,74.52999878,75.1994623450446,76.5542239229544,78.05219977191882,79.69338989217067,,,,,,,,,,,,,,,,,,,,,,,,,,,1993.0,1975,1993.0,2004,2000,1990.0,2017,1991,2004,2004,2012,1995.0,1993.0,1975.0,-0.007179602281249265,-0.005188902010346256,-0.0031626931954353552,-0.0011129391205593798,-0.0028977210167811583,-0.004187738916967467,0.03900815669790456,0.0013956520288158426,-0.03303139721254352,0.03516867305727661,0.011835122301154057,0.025595165224152366,0.008982471166016496,0.01801557532012178,0.01956751400774445,0.021026827239304886,
818.0,Egypt,,,,,,,,,,,,,,,,,98.0,,,,,,98.0,,,,,,,,,,,,,,,,,,,,,,,,,,,,1993.0,1978,1994.0,1983,2005,1988.0,2017,1988,,2003,1983,1995.0,1994.0,1974.0,,,,,,,,,,,,,,,,,
233.0,Estonia,55.40092879089934,56.87229102019046,62.46878224892862,63.79566563399567,65.09365325022372,66.36274509759824,67.60294117613375,70.0,71.0,72.0,72.0,72.0,72.0,72.0,74.0,80.0,80.0,82.0,82.0,82.0,82.0,82.0,83.0,83.0,83.0,,,,,,,,,,,,,,,,,,,,,,,,,,1992.0,1992,1994.0,2008,2002,1996.0,2016,1994,2006,2008,2005,2012.0,1994.0,1995.0,0.014285714285714285,0.014084507042253521,0.0,0.0,0.0,0.0,0.027777777777777776,0.08108108108108109,0.0,0.025,0.0,0.0,0.0,0.0,0.012195121951219513,0.0,0.0
246.0,Finland,69.99999999997476,70.99999999997635,74.99999999998249,75.99999999998363,76.99999999998522,77.99999999998636,78.99999999998772,79.99999999998886,80.99999999999022,81.99999999999113,82.99999999999227,83.9999999999934,84.99999999999409,85.99999999999523,86.99999999999613,87.99999999999682,88.99999999999773,89.99999999999841,91.0,92.0,93.00000000000045,94.0,95.00000000000114,96.00000000000182,,,,,,,,,,,,,,,,,,,,,,,,,,,1991.0,1976,1994.0,1989,2002,1988.0,2016,1975,2004,2002,1996,1995.0,1994.0,1987.0,0.012500000000018795,0.012345679012358397,0.012195121951234695,0.012048192771099156,0.01190476190477096,0.011764705882367135,0.011627906976755408,0.01149425287357157,0.01136363636364711,0.011235955056187727,0.011111111111128993,0.01098901098901099,0.010869565217396248,0.010752688172038068,0.01063829787235252,0.010526315789480739,
250.0,France,99.0,99.0,99.0,99.0,99.0,99.0,99.0,99.0,99.0,99.0,99.0,99.0,99.0,99.0,99.0,99.0,99.0,99.0,99.0,99.0,99.0,99.0,99.0,99.0,,,,,,,,,,,,,,,,,,,,,,,,,,,1991.0,1978,1994.0,1990,2002,1988.0,2016,1986,2004,2004,1996,1997.0,1994.0,1975.0,0.0,0.0,0.0,0.0,0.0,0.0,0.0,0.0,0.0,0.0,0.0,0.0,0.0,0.0,0.0,0.0,
254.0,French Guiana,,,,,,,,,,,,,,,,,,,,68.0,,,,,,,,,,,,,,,,,,,,,,,,,,,,,,,,,,,,,,,,,,,,,,,,,,,,,,,,,,,,,
270.0,Gambia,27,26.19106090348214,27,23.171250816900283,24.207760312827304,25.791093645850196,27.921250817133114,30.0,30.0,30.0,50.0,50.0,50.0,58.14341846993193,64.64816634263843,71.6997380531393,79.29813360073604,87.4433529865928,96.13539620977826,105.37426327099092,115.15995416976511,125.49246890586801,136.37180748023093,147.79796989168972,,,,,,,,,,,,,,,,,,,,,,,,,,,1997.0,1977,1994.0,2001,2001,1990.0,2016,1997,2002,2006,1984,1996.0,1994.0,1987.0,0.0,0.0,0.6666666666666666,0.0,0.0,0.1628683693986386,0.1118741904738598,0.1090761286735836,0.1059752204668487,0.10271640725956707,0.0994019891313885,0.09610265755864167,0.09286604332984362,0.08972315776429567,0.08669315911318566,0.08378683704925725,
268.0,Georgia,66.37669921974884,68.5046731485636,75.12292340461863,76.30407460377319,77.29586125689093,78.09828336420469,78.71134092559805,80.0,79.36936241062358,79.41432633419754,79.2699257118511,78.93616054346785,78.41303082928061,77.70053656911477,76.79867776308674,70.40000153,72.30000305,74.30000305,74.90000153,75.0,67.41086946206633,65.1834588344791,58.0,61.0,66.0,,,,,,,,,,,,,,,,,,,,,,,,,,1999.0,1996,1994.0,2000,1999,1996.0,2017,1997,2007,2006,1996,1999.0,1994.0,1992.0,-0.007882969867205247,0.00056651486427893,-0.0018183195528066378,-0.004210489228872242,-0.006627250560269679,-0.009086426740946535,-0.011606854287625487,-0.08331753123179769,0.026988657368002242,0.02766251612212069,0.008075349332034737,0.0013350930301376555,-0.10118840717244894,-0.03304230675797245,-0.11020370754979594,0.05172413793103448,0.08196721311475409
276.0,Germany,99.0,99.0,99.0,99.0,99.0,99.0,99.0,99.0,99.0,99.0,99.0,99.0,99.0,99.0,99.0,99.0,99.0,99.0,99.0,99.0,99.0,99.0,99.0,99.0,,,,,,,,,,,,,,,,,,,,7.0,,,,,,,1995.0,1976,1994.0,1984,2002,1988.0,2016,1976,2001,2002,1994,1996.0,1993.0,1976.0,0.0,0.0,0.0,0.0,0.0,0.0,0.0,0.0,0.0,0.0,0.0,0.0,0.0,0.0,0.0,0.0,
300.0,Greece,73.75000000721639,74.91666667282243,79.58333333606288,80.75000000207729,81.91666666817264,83.0833333343503,84.25000000060982,85.0,87.0,88.0,89.0,90.0,91.0,92.0,94.0,94.75000000061527,95.91666666769106,97.0833333348478,98.25000000208684,99.41666666940728,100.58333333680912,101.75000000429281,102.91666667185837,104.08333333950532,,,,,,,,,,,,,,,,,,,,,,,,,,,1994.0,1992,1994.0,1999,2002,1988.0,2016,1975,2003,2006,1995,1997.0,1994.0,1981.0,0.023529411764705882,0.011494252873563218,0.011363636363636364,0.011235955056179775,0.011111111111111112,0.01098901098901099,0.021739130434782608,0.007978723410800779,0.012313104665627565,0.012163336234345155,0.012017167387682498,0.01187446989613905,0.011735121549401645,0.011599005807224992,0.011466011474361958,0.011336032397617138,
312.0,Guadeloupe,,,,,,,,,,,,,,,,,,,,76.0,,,,,,,,,,,,,,,,,,,,,,,,,,,,,,,,,,,,,,,,,,,,,,,,,,,,,,,,,,,,,
320.0,Guatemala,60.77500663261162,62.513100656098686,68.40000153,69.60535794513999,70.70416683729854,71.69642820753506,72.58214205590775,73.36130838241661,74.03392718697432,74.59999847,75.05952223055647,75.41249846943538,75.65892718650866,75.7988083816308,75.83214205491822,75.7589282063127,75.57916683575604,75.29285794339376,74.90000153,74.40059759290307,73.79464613486198,73.08214715492795,72.26310065307189,71.33750662935199,,,,,,,,,,,,,,,,,,,,,,,,,,,1995.0,1979,1995.0,,1999,1989.0,2017,1990,2010,2008,1997,1998.0,1995.0,1979.0,0.009168576997720631,0.007646106380336313,0.0061598360587267285,0.0047026177144412215,0.0032677437039586124,0.00184883926225016,0.0004397651361428791,-0.0009654725110164648,-0.0023728077312171244,-0.0037881985783790677,-0.005217711534991984,-0.006667609170834272,-0.008144443427143804,-0.009655158161906648,-0.011207203588583068,-0.012808667429918106,
324.0,Guinea,652.5002489998005,608.0002298457548,447.00016089109704,411.0001455680467,376.7001310111955,344.10011722007766,313.2001041956246,284.00009193690494,256.50008044485,230.70006971852854,206.60005975840613,184.20005056494847,163.50004213722423,144.50003447569907,127.20002758037299,111.60002144984901,97.7000160869211,85.50001149019226,75.00000765966251,66.20000459486619,59.1000022967346,53.70000076,50.0,48.0,,,,,,,,,,,,,,,,,,,,,,,,,,,1995.0,1981,1993.0,1993,2000,1992.0,2016,1993,2000,2007,1985,1997.0,1993.0,1979.0,-0.09683099503420044,-0.10058480559373055,-0.10446468433896113,-0.10842208477408852,-0.11237786506701024,-0.11620796798069698,-0.11972320254522474,-0.12264153103793089,-0.12455199544181378,-0.12487208380677044,-0.12280704584155767,-0.11733336221416496,-0.1072507825578337,-0.09137058082708334,-0.06890131671573559,-0.04,
348.0,Hungary,85.0813709765498,86.72173591321916,90,93.58278880504076,94.68684502507676,95.7015164589975,96.62680310683209,100.0,100.0,100.0,100.0,100.0,100.0,100.0,100.0,100.0,100.0,100.0,100.0,100.0,100.0,100.0,100.0,100.0,100.0,,,,,,,,,,,,,7.0,7.0,7.0,7.0,7.0,7.0,7.0,7.0,,,,,,1990.0,1985,1994.0,1983,2002,1989.0,2016,1979,2000,2008,2002,1999.0,1994.0,1985.0,0.0,0.0,0.0,0.0,0.0,0.0,0.0,0.0,0.0,0.0,0.0,0.0,0.0,0.0,0.0,0.0,0.0
352.0,Iceland,95.0,95.0,95.0,95.0,95.0,95.0,95.0,95.0,95.0,95.0,95.0,95.0,95.0,95.0,95.0,95.0,95.0,95.0,95.0,95.0,95.0,95.0,95.0,95.0,,,,,,,,,,,,,,,,,,,,,,,,,,,1995.0,2000,1994.0,,2002,1989.0,2016,1978,,2002,1985,1997.0,1993.0,1995.0,0.0,0.0,0.0,0.0,0.0,0.0,0.0,0.0,0.0,0.0,0.0,0.0,0.0,0.0,0.0,0.0,
364.0,Iran (Islamic Republic of),92.43255959410453,92.17566833433375,91.42052992123354,91.29985197447968,91.20641669032193,91.14022406876029,91.10127410982386,91.08956681347627,91.10510217974661,91.14788020860578,91.21790090009017,91.04000092,91.34999847,91.90000153,92.02999878,92.15000153,92.20999908,92.33000183,92.58000183,92.83000183,93.72000122,93.25,94.54000092,94.66999817,95.22000122,,,,,,,,,,,,,,,,,,,,,,,,,,1993.0,1976,1996.0,2008,2005,1990.0,,1975,2004,2006,,1997.0,1996.0,1975.0,0.00017055044626739324,0.0004695459182382072,0.0007682097633442983,-0.0019502748729662833,0.003405069715150939,0.00602083272262582,0.0014145511189960738,0.001303952532769963,0.0006510857189782362,0.0013014071271802642,0.002707678923913653,0.0027003671965686762,0.009587411100452845,-0.00501495106574648,0.01383379002680962,0.0013750502299022232,0.005809686919105608
368.0,Iraq,39.23082843629527,41.88462236407213,51.926092729045195,54.293033983703936,56.60260470371577,58.85480488912435,61.04963453990058,63.187093656059005,65.26718223757052,67.28990028446424,69.2552477966965,71.1632247743255,73.40000153,74.80706712568644,76.54293249943294,78.22142733854707,79.84255164299975,78.69999695,84.0,85.0,87.0,88.0,86.80000305,89.58404680469539,,,,,,,,,,,,,,,,,,,,,,,,,,,2011.0,2014,2009.0,2016,2009,2008.0,,2008,2017,2016,1985,2010.0,2009.0,1974.0,0.03291951664740096,0.030991349366532844,0.02920716933631735,0.027549926371356025,0.03143163850103501,0.01916983060431344,0.02320456395957875,0.021928802363648296,0.020724811085795637,-0.014310097429105982,0.06734438698094512,0.011904761904761904,0.023529411764705882,0.011494252873563218,-0.013636328977272717,0.03207423567821394,
372.0,Ireland,237.99999998649582,218.33333332045004,152.99999999068677,139.9999999916181,128.3333333255723,117.9999999939464,108.99999999441206,101.33333332836628,94.99999999580905,90.0,86.33333333162591,83.99999999906868,83.0,83.33333333441988,85.0,88.00000000279397,92.3333333376795,98.00000000512227,105.00000000558794,113.33333334000781,123.0000000083819,134.00000000884756,146.33333334326744,160.0000000107102,,,,,,,,,,,,,,,,,,,,,,,,,,,1994.0,2002,1996.0,1983,2002,1988.0,2016,1985,2005,2010,1996,1997.0,1994.0,1991.0,-0.062499999995404655,-0.052631578905574995,-0.040740740759712124,-0.027027027018571945,-0.011904761893806721,0.004016064270118992,0.019999999986700715,0.03529411767992903,0.0492424242584995,0.0613718411607513,0.07142857142958964,0.07936507937120371,0.08529411765710115,0.08943089430663463,0.09203980099705633,0.09339407744771058,
388.0,Jamaica,,,,,,,,,,,,,70.0,,,,,,80.0,,,,,,,,,,,,,,,,,,,,,,,,,,,,,,,,2003.0,1997,1995.0,,1999,1993.0,2017,1998,2002,2007,1983,1997.0,1995.0,1983.0,,,,,,,,,,,,,,,,,
400.0,Jordan,142.6999969080207,138.8666635780828,125.19999692350393,122.19999692618148,119.36666359537048,116.69999693124555,114.19999693345744,111.86666360223899,109.69999693759019,107.69999693939462,105.86666360776871,104.19999694265425,102.69999694405124,101.36666361201787,100.19999694649596,99.19999694748549,98.36666361498646,97.69999695,97.19999694963917,96.8666636167327,96.69999695,96.69999695,96.86666361731477,97.19999695051229,,,,,,,,,,,,,,,,,,,,,,,,,,,1989.0,1978,1994.0,2001,2003,1989.0,2016,1977,2002,2004,1995,1996.0,1993.0,1975.0,-0.01936829610251678,-0.01823154105768471,-0.0170225940921574,-0.01574307348807542,-0.01439539388305866,-0.012982798166583527,-0.011509372252670234,-0.009980040214416796,-0.008400537884493823,-0.006777363798734112,-0.005117707430602206,-0.0034293553844367127,-0.0017205781691019772,0.0,0.001723543666717475,0.003441156335417881,
398.0,Kazakhstan,52.76336313965294,54.5316922166603,61.41020462870074,63.0811317576954,64.73257849709626,66.36454484689602,67.97703080710926,69.57003637770686,71.14356155870337,72.69760635010607,74.23217075190041,76.40000153,77.40000153,78.69999695,79.30000305,81.80000305,82.0,82.5,87.69999695,87.69999695,89.59999847,90.40000153,90.90000153,91.40000153,92.0,,,,,,,,,,,,,,,,,,,,,,,,,,2003.0,2000,1994.0,2006,2009,1998.0,2016,2007,2007,2007,,1997.0,1995.0,1994.0,0.022617857671564122,0.021843786807333208,0.0211088711009823,0.029203386565980042,0.01308900497347935,0.016795806127938226,0.007623965987968207,0.031525849985449654,0.002444950397834969,0.006097560975609756,0.06303026606060605,0.0,0.021664784333838037,0.008928605732820996,0.005530973357716933,0.005500549962421986,0.0065645345728256544
414.0,Kuwait,100,100.0,100,100.0,100.0,100.0,100.0,100.0,100.0,100.0,100.0,100.0,100.0,100.0,100.0,100.0,100.0,100.0,100.0,100.0,100.0,100.0,100.0,100.0,,,,,,,,,,,,,,,,,,,,,,,,,,,1993.0,2002,2002.0,,2005,1992.0,2018,2015,2006,2006,1986,1997.0,1994.0,2002.0,0.0,0.0,0.0,0.0,0.0,0.0,0.0,0.0,0.0,0.0,0.0,0.0,0.0,0.0,0.0,0.0,
422.0,Lebanon,,,,,,,,,,,,,75.59999847,,,,,,,,,,,,,,,,,,,,,,,,,,,,,,,,,,,,,,1994.0,2013,1995.0,2019,2006,1993.0,,1999,2006,2003,1995,1996.0,1994.0,1983.0,,,,,,,,,,,,,,,,,
440.0,Lithuania,102.82459261408076,99.58343221293762,88.55436562822433,86.28099273715634,84.20117734814994,82.31491946120514,80.6222190761473,79.12307619320927,77.81749081233284,76.0,76.0,76.0,74.53072430903558,74.19292643823428,74.04868606955279,74.09800320287468,74.34087783825817,74.0,75.0,76.0,78.0,79.0,80.0,81.0,82.0,,,,,,,,,,,,,,,,,,,,,,,,,,1999.0,2001,1996.0,2002,2003,1995.0,2017,1993,2004,2006,2003,2003.0,1995.0,1992.0,-0.016500690363559053,-0.02335581362698978,0.0,0.0,-0.019332574881110832,-0.004532330444027952,-0.0019441256142062877,0.0006660095666730622,0.0032777487231135573,-0.004585335123427065,0.013513513513513514,0.013333333333333334,0.02631578947368421,0.01282051282051282,0.012658227848101266,0.0125,0.012345679012345678
442.0,Luxembourg,100.0,100.0,100.0,100.0,100.0,100.0,100.0,100.0,100.0,100.0,100.0,100.0,100.0,100.0,100.0,100.0,100.0,100.0,100.0,100.0,100.0,100.0,100.0,100.0,,,,,,,,,,,,,,,,,,,,,10.0,,10.0,,,,1994.0,1983,1994.0,1983,2002,1988.0,2016,1998,2002,2003,2000,1997.0,1994.0,1983.0,0.0,0.0,0.0,0.0,0.0,0.0,0.0,0.0,0.0,0.0,0.0,0.0,0.0,0.0,0.0,0.0,
458.0,Malaysia,43.895863847166765,48.02914181241067,62.834756454918534,66.10428581113229,69.20106544549344,72.12509535811841,74.87637554906541,77.45490601815982,79.86068676540162,82.09371779090725,84.15399909461848,86.04153067653533,87.75631253665779,89.29834467504406,90.5338974,91.84999847,92.9063797,94.19999695,94.40000153,94.69999695,95.09999847,95.30000305,95.5,95.30000305,95.5,,,,,,,,,,,,,,,,,,,,,,,,,,1993.0,1977,1994.0,,2002,1989.0,2016,1995,2002,,1996,1997.0,1994.0,1988.0,0.031060404962311296,0.027961580546700858,0.02509669873837086,0.02242949357397266,0.019929699607146818,0.017571751749962537,0.013836233240964358,0.014537108285365852,0.011501156751189649,0.013923879653659531,0.0021231909392328075,0.0031779175332392806,0.00422388102305006,0.0021030976153284696,0.002098603815312251,-0.0020942089005235517,0.002098603815312251
466.0,Mali,50.45015949671506,52.153654871624894,58.02557908536983,59.2580458172597,60.39630682062125,61.44036209539627,62.390211641584756,63.24585545915761,64.00729354817304,64.67452590851462,65.24755254032789,63.79999924,66.09999847,67.40000153,63.40000153,71.69999695,73.09999847,64.5,64.40000153,63.5,63.59999847,63.79999924,65.30000305,66.90000153,68.0,,,,,,,,,,,,,,,,,,,,,,,,,,2000.0,1994,1995.0,1987,2002,1994.0,2016,1987,2003,2003,1985,1995.0,1994.0,1977.0,0.012039335755481136,0.010424317657477818,0.008860159757859509,-0.02218555706642319,0.03605014510028393,0.019667217701828103,-0.05934717966170349,0.13091475109937592,0.019525823982618783,-0.1176470403556768,-0.0015503638759690344,-0.013975178705248042,0.0015747790551181532,0.003144666270618473,0.02351103178477095,0.024502272668729935,0.016442428174037186
470.0,Malta,100,100.0,100,100.0,100.0,100.0,100.0,100.0,100.0,100.0,100.0,100.0,100.0,100.0,100.0,100.0,100.0,100.0,100.0,100.0,100.0,100.0,100.0,100.0,100.0,,,,,,,,,,,,,,,,,,,,,,,,,,2000.0,1989,2001.0,2001,2001,1988.0,2016,1989,2017,2017,1993,1998.0,1994.0,1978.0,0.0,0.0,0.0,0.0,0.0,0.0,0.0,0.0,0.0,0.0,0.0,0.0,0.0,0.0,0.0,0.0,0.0
474.0,Martinique,,,,,,,,,,,,,,,,,,,,100.0,,,,,,,,,,,,,,,,,,,,,,,,,11.0,,,,,,,,,,,,,,,,,,,,,,,,,,,,,,,,,,,,
480.0,Mauritius,95.19999695,95.75148322218593,97.10758459621138,97.40216626905021,97.6789704736293,97.93799720995594,98.17924647800828,98.69999695,99.0,99.0,99.0,99.0,99.0,99.0,99.5,99.5,99.5,99.5,99.69999695,99.69999695,99.69999695,99.69999695,99.69999695,99.69999695,99.69999695,,,,,,,,,,,,,,,,,,,,,,,,,,1992.0,1975,1993.0,2004,2001,1992.0,2016,2001,2005,2004,1994,1996.0,1992.0,1995.0,0.0030395446734611154,0.0,0.0,0.0,0.0,0.0,0.005050505050505051,0.0,0.0,0.0,0.0020100195979899415,0.0,0.0,0.0,0.0,0.0,0.0
492.0,Monaco,100,100.0,100,100,100,100,100,100.0,100.0,100.0,100.0,100.0,100.0,100.0,100.0,100.0,100.0,100.0,100.0,100.0,100.0,100.0,100.0,100.0,100.0,,,,,,,,,,,,,,,,,,,,,,,,,,1992.0,1978,1993.0,1993,2006,1993.0,2016,1997,,2004,1996,1999.0,1992.0,1978.0,0.0,0.0,0.0,0.0,0.0,0.0,0.0,0.0,0.0,0.0,0.0,0.0,0.0,0.0,0.0,0.0,0.0
504.0,Morocco,47.79281597361114,49.126515482956165,54.60611769478055,56.01221929134772,57.43280130536368,58.867863736821164,60.3174065857238,62.70000076,65.19999695,64.75291763710993,67.30000305,57.90000153,70.90000153,71.90000153,73.40000153,76.30000305,76.5,77.5,79.5,80.19999695,81.5,83.0,85.47942894073276,87.17513888620306,,,,,,,,,,,,,12.0,12.0,12.0,12.0,12.0,12.0,12.0,12.0,12.0,12.0,12.0,,,,1995.0,1975,1995.0,1993,2002,1995.0,2016,1980,2011,2004,2007,1996.0,1995.0,1975.0,0.039872347044609464,-0.006857044996994714,0.03933545399706181,-0.1396731217532984,0.2245250372448479,0.014104372051062212,0.020862308318229043,0.03950955666962373,0.0026211919004634847,0.013071895424836602,0.025806451612903226,0.008804993081760996,0.01620951495559877,0.018404907975460124,0.029872637840153732,0.019837637739087147,
528.0,Netherlands,100.0,100.0,100.0,100.0,100.0,100.0,100.0,100.0,100.0,100.0,100.0,100.0,100.0,100.0,100.0,100.0,100.0,100.0,100.0,100.0,100.0,100.0,100.0,100.0,,,,,,,,,,,,,,,,,,,,,,,,,,,1993.0,1984,1994.0,1983,2002,1988.0,2017,1980,2000,2002,1996,1995.0,1993.0,1992.0,0.0,0.0,0.0,0.0,0.0,0.0,0.0,0.0,0.0,0.0,0.0,0.0,0.0,0.0,0.0,0.0,
540.0,New Caledonia,,,,,,,,,,,,,,,,,90.69999695,,,,,95.0,,,,,,,,,,,,,,,,,,,,,,,,,,,,,,,,,,,,,,,,,,,,,,,,,,,,,,,,,,,
566.0,Nigeria,,,,,,,,,,,,,,,,,,56.0,,,,,,,,,,,,,,,,,,,,,,,,,,,,,,,,,1991.0,1974,1994.0,1987,2004,1988.0,2017,2001,2001,2004,1986,1997.0,1994.0,1974.0,,,,,,,,,,,,,,,,,
807.0,North Macedonia,90,89.95601453882045,90,91.64494359843229,91.93997482686973,92.22075452747595,93,93.0,93.0,93.0,94.0,94.0,94.0,94.0,94.0,94.0,94.0,94.0,94.0,95.0,95.0,95.0,94.81352568008515,94.83777787978397,,,,,,,,,,,,,,,,,,,10.0,10.0,10.0,10.0,10.0,,,,1997.0,2000,1998.0,1999,2004,1994.0,2018,1991,2010,2004,1994,2002.0,1998.0,1997.0,0.0,0.0,0.010752688172043012,0.0,0.0,0.0,0.0,0.0,0.0,0.0,0.0,0.010638297872340425,0.0,0.0,-0.0019628875780510592,0.0002557883964852457,
578.0,Norway,87.13003095945533,87.39035087693264,88.2716718264819,88.45201238377558,88.61635706904417,88.76470588227312,88.89705882347334,89.0,89.0,89.0,89.0,89.0,90.0,90.0,90.0,90.0,89.0,88.0,89.0,89.0,89.0,89.0,89.0,89.0,89.0,,,,,,,,,,,,,,,,,,,,,,,,,,1990.0,1976,1993.0,1985,2002,1988.0,2016,1975,2001,2002,1996,1996.0,1993.0,1977.0,0.0,0.0,0.0,0.0,0.011235955056179775,0.0,0.0,0.0,-0.011111111111111112,-0.011235955056179775,0.011363636363636364,0.0,0.0,0.0,0.0,0.0,0.0
591.0,Panama,29.32638934685383,34.975590088637546,54.33993653731886,58.37290901970118,62.08263585017994,65.46911702910438,68.53235255577601,70.0,71.0,74.0,75.0,82.0,83.0,84.0,88.40000153,89.0,91.0,67.19999695,70.0,71.90000153,73.59999847,75.19999695,77.5,77.69999695,,,,,,,,,13.0,13.0,13.0,13.0,13.0,13.0,13.0,13.0,13.0,13.0,13.0,13.0,13.0,13.0,13.0,13.0,,,1991.0,1978,1995.0,1989,1999,1989.0,2016,1990,2000,2003,1996,1996.0,1995.0,1978.0,0.014285714285714285,0.04225352112676056,0.013513513513513514,0.09333333333333334,0.012195121951219513,0.012048192771084338,0.052380970595238066,0.0067873128915770815,0.02247191011235955,-0.2615384950549451,0.04166671394469462,0.02714287899999996,0.02364390686821736,0.021739110234522217,0.030585148181977433,0.0025806058064516023,
600.0,Paraguay,5.248202916001901,10.204568538232706,28.431641617848072,32.58881253545405,36.586144512169994,40.4236375480541,44.10129164287355,47.61910679686116,52.5,53.29999924,58.79999924,57.90000153,60.59999847,65.5,69.09999847,68.90000153,73.59999847,75.19999695,74.80000305,76.90000153,79.19999695,81.09999847,81.90000153,80.59999847,80.90000153,,,,,,,,,,,,,,,,,,,,,,,,,,1995.0,1976,1994.0,1999,1999,1992.0,2016,1995,2003,2004,1986,1997.0,1994.0,1988.0,0.10249862988737467,0.015238080761904728,0.10318949490476578,-0.015306083701235111,0.046632070270344356,0.08085811309757278,0.054961808702290116,-0.0028943117862272427,0.06821475813688571,0.021739110234522217,-0.005319068034882392,0.028074844844541706,0.029908912538873417,0.023989919105672435,0.009864402898798162,-0.01587305293912361,0.003722122403161809
604.0,Peru,69.99404253467219,68.89478222531034,66.02615897305077,65.69110765634105,65.50889813824324,65.47953041869914,65.60300449765055,65.87932037533028,66.30847805144731,66.89047752611805,66.09876251,70.46928406,70.09999847,71.59999847,72.0,72.40000153,74.09999847,76.19999695,76.80000305,82.30000305,86.09999847,87.59999847,88.19999695,89.19999695,89.40000153,,,,,,,,,,,,,,,,,,,,,,,,,,1993.0,1975,1993.0,1997,2002,1993.0,2016,1992,2005,2005,,1995.0,1993.0,1982.0,0.006514300294417351,0.008777150249462478,-0.011835989895705473,0.06612107979084776,-0.005240376639637511,0.021398003320099074,0.005586613666864751,0.005555576805555518,0.02348062022202564,0.028340061043998513,0.00787409611569547,0.07161458048926471,0.04617248212848033,0.01742160309703894,0.006849297836523083,0.011337868872794785,0.002242203888326457
608.0,Philippines,73,74.0521752438799,77.46870543563273,78.10806888813386,78.66152470256202,78.09999847,81.40000153,79.0,80.01627157852636,80.0,80.1781991875614,80.19999695,79.99649624398444,79.77678331491188,79.47116274776636,79.07963454237324,78.60219869890716,78.03885521722259,77.38960409743595,76.65444533943082,75.83337894332362,74.92640490899794,73.93352323657018,72.85473392592394,,,,,,,,,,,,,,,,,,,,,,,,,,,1993.0,1981,1994.0,1994,2003,1991.0,2017,1994,2006,2004,1984,2000.0,1994.0,1985.0,0.012864197196536167,-0.00020335337057524093,0.0022274898445175497,0.0002718664507243866,-0.002537415383474783,-0.002746531903127932,-0.003830946228291934,-0.004926670151231926,-0.0060374057901122205,-0.007167019383802577,-0.008319587953711497,-0.009499451077169735,-0.01071126915694796,-0.011960089962541956,-0.013251425497241776,-0.014591341835480599,
616.0,Poland,72,73.26999998065003,76,78.51704071763379,79.46347231215623,80.37557838905195,81.25335894833552,83.0,84.0,85.0,85.0,86.0,86.0,86.0,87.0,87.0,87.0,88.0,88.0,88.0,88.0,92.0,92.0,92.0,92.0,,,,,,,,,,,,,,,,,,,,,,,,,,1992.0,1989,1996.0,1996,2002,1990.0,2016,1978,2005,2008,1998,2001.0,1994.0,1976.0,0.012048192771084338,0.011904761904761904,0.0,0.011764705882352941,0.0,0.0,0.011627906976744186,0.0,0.0,0.011494252873563218,0.0,0.0,0.0,0.045454545454545456,0.0,0.0,0.0
620.0,Portugal,255.59999986365438,235.6857141633518,168.88571421289816,155.39999993797392,143.19999994756654,132.2857142421417,122.65714282076806,114.31428568530828,107.25714283483103,101.48571426887065,96.99999998835847,93.79999999282882,92.0,91.0,92.0,94.0,97.0,101.60000000102445,107.39999999990687,114.48571428377181,122.85714285261929,132.5142857064493,143.45714284479618,155.68571426859125,93.0,,,,,,,,,,,,,,,,,,,,,,,,,,1994.0,1980,1994.0,1983,2002,1988.0,2016,1981,2005,2004,1997,1996.0,1993.0,1980.0,-0.061734566315749945,-0.05380927007209207,-0.044200450406526974,-0.032989690679522704,-0.019189765383437415,-0.010869565217391304,0.01098901098901099,0.021739130434782608,0.031914893617021274,0.047422680422932524,0.05708661416165286,0.06597499333213305,0.07312203641493213,0.07860465113871987,0.08257869768537948,0.08524198364263365,-0.40264268666581027
634.0,Qatar,100.0,100.0,100.0,100.0,100.0,100.0,100.0,100.0,100.0,100.0,100.0,100.0,100.0,100.0,100.0,100.0,100.0,100.0,100.0,100.0,100.0,100.0,100.0,100.0,,,,,,,,,,,,,,,,,,,,,,,,,,,1995.0,2001,1996.0,,2005,1996.0,2017,,2004,2004,2002,1999.0,1996.0,1984.0,0.0,0.0,0.0,0.0,0.0,0.0,0.0,0.0,0.0,0.0,0.0,0.0,0.0,0.0,0.0,0.0,
498.0,Republic of Moldova,147.6597088878043,136.5597324061673,98.15981663414277,90.05983523023315,82.55985284107737,75.65986946760677,69.35988511005417,63.65989976725541,58.55991344014183,54.059926128713414,50.15993783250451,46.85994855151512,44.159958286676556,42.05996703659184,40.5599748021923,39.65998158347793,39.35998737975024,39.659992191707715,40.559996019350365,42.09999847,44.40000153,45.90000153,51.20000076,53.70000076,54.20000076,,,,,,,,,,,,,,,,,,,,,,,,,,1998.0,2001,1996.0,2001,2003,1996.0,2017,2000,2005,2004,2007,1999.0,1995.0,2002.0,-0.08011301220641964,-0.07684415920505354,-0.07214194645629494,-0.06578934152607628,-0.05761829341042379,-0.047554194604352666,-0.035663181407026796,-0.0221891957059531,-0.007564153883840124,0.007622075918444622,0.022692990540498042,0.037968505961266205,0.05463190364814268,0.0337837826196129,0.11546838896151132,0.04882812427520753,0.009310986832842644
642.0,Romania,76.91885997744976,73.66224162623985,62.921120475861244,60.80717825179454,58.92177125316812,57.26489947998198,55.83656293223612,54.636761609930545,53.665495513007045,54.0,52.4085689955391,52.122908574936446,52.065783379774075,52.23719340999378,49.0,53.0,55.0,56.0,56.0,60.0,61.0,62.0,64.0,65.0,68.0,,,,,,,,,,,,,,,,,,,,,,,,,,1991.0,1994,1994.0,1998,2001,1993.0,2017,1991,2003,2004,1996,1998.0,1994.0,1990.0,-0.017776787428539085,0.006233138887385853,-0.029470944527053723,-0.005450643398162006,-0.0010959709794445302,0.0032921819108994977,-0.06197104397600454,0.08163265306122448,0.03773584905660377,0.01818181818181818,0.0,0.07142857142857142,0.016666666666666666,0.01639344262295082,0.03225806451612903,0.015625,0.046153846153846156
643.0,Russian Federation,,,,,,,,,,76.90000153,,,,,,,,79.19999695,,,,,,,,,,,,,,,,,14.0,,,,,,,,15.0,,,,,,,,1995.0,1992,1995.0,,2004,1988.0,2019,1977,2011,2011,1997,2003.0,1994.0,1988.0,,,,,,,,,,,,,,,,,
646.0,Rwanda,,,,,,,,,,,,,70.30000305,,,,,74.19999695,,,,,,,,,,,,,,,,,,,,,,,,,,,,,,,,,2004.0,1980,1996.0,2005,2004,2001.0,2016,2006,2004,2002,,1998.0,1998.0,2000.0,,,,,,,,,,,,,,,,,
882.0,Samoa,348.000000375323,326.00000034389086,248.00000023213215,231.00000020768493,215.00000018440187,200.00000016274862,186.00000014225952,173.0000001231674,161.00000010547228,150.00000008917414,140.00000007404014,131.00000006053597,123.00000004819594,116.00000003748573,110.00000002793968,105.0000000197906,101.00000001303852,98.00000000745058,96.00000000349246,95.0,95.0,96.0,98.00000000093132,101.00000000372529,,,,,,,,,,,,,,,,,,,,,,,,,,,2002.0,2004,1994.0,2005,2000,1992.0,2016,2005,2002,2002,1995,1998.0,1994.0,2001.0,-0.06936416190261113,-0.06832298142293146,-0.066666666727927,-0.06428571434817466,-0.061068702356054744,-0.05691056917046627,-0.05172413799661327,-0.04545454551708261,-0.03809523815236344,-0.029702970348521315,-0.020408163304143554,-0.010416666702667499,0.0,0.010526315789473684,0.02083333334303461,0.03061224492617814,
682.0,Saudi Arabia,28.89968485024292,35.45094535721,58.43119746749289,63.370063015725464,67.9864495722577,72.28035713674035,76.2517857097555,80.0,80.0,80.0,96.0,96.0,96.0,96.0,96.0,96.0,96.0,96.0,97.0,98.0,98.0,98.0,98.0,94.42678571038414,,,,,,,,,,,,,,,,,,,,,,,,,,,1990.0,1996,2002.0,1991,2005,1993.0,2016,,2000,2012,1996,1997.0,1994.0,1978.0,0.0,0.0,0.2,0.0,0.0,0.0,0.0,0.0,0.0,0.0,0.010416666666666666,0.010309278350515464,0.0,0.0,0.0,-0.03646137030220267,
686.0,Senegal,127.49092090956401,120.42292775469832,95.3509520792868,89.88295739644673,84.73496240819804,79.9069671141915,75.39897151465993,71.21097560983617,67.34297939913813,63.794982882915065,60.56698606128339,57.65898893389385,55.07099150097929,52.802993762656115,50.85499571857508,49.22699736896902,47.91899871395435,46.93099975318182,46.263000486884266,45.9150009151781,45.88000107,46.20000076,46.77000046,47.72999954,48.56000137,,,,,,,,,,,,,,,,,,,,,16.0,16.0,16.0,16.0,16.0,1992.0,1977,1995.0,1988,2001,1993.0,2016,1977,2001,2003,1984,1995.0,1994.0,1976.0,-0.05431741634731603,-0.05268546993138343,-0.050599540524309275,-0.04801290796354208,-0.04488454412340991,-0.041183165156611426,-0.036891810582503674,-0.03201255504208849,-0.0265707584236935,-0.020618105287847282,-0.014233646626125146,-0.007522200636442237,-0.0007622747354999874,0.006974709732717167,0.012337655641198668,0.020525958318538852,0.017389521014020116
688.0,Serbia,49.140103217774595,50.79220117555815,57.17939516688784,58.720894204772776,60.24027345865761,61.73753292857873,63.212672614514304,65.04000092,66.22000122,67.41000366,68.83000183,69.87000275,71.13999939,72.41999817,73.3690033,77.27400208,77.83899689,77.66300201,78.24500275,80.14700317,81.94400024,83.68099976,82.87999725,84.90572032619093,,,,,,,,,7.0,7.0,7.0,7.0,7.0,7.0,7.0,,,,,,,,,,,,2000.0,2006,2002.0,2008,2007,2001.0,2017,1992,2009,2009,2001,2007.0,2001.0,2001.0,0.018142685782729588,0.017970438207128753,0.0210650955778334,0.015109703506454158,0.018176564906461266,0.017992673474494385,0.013104186053309359,0.05322409470430955,0.007311576918393272,-0.002261011665511516,0.0074939253561825845,0.02430826702220299,0.02242126341503218,0.021197397184816908,-0.009572095365701968,0.024441640243791495,
702.0,Singapore,100,100.0,100,100,100,100,100,100.0,100.0,100.0,100.0,100.0,100.0,100.0,100.0,100.0,100.0,100.0,100.0,100.0,100.0,100.0,100.0,100.0,,17.0,,17.0,17.0,17.0,17.0,17.0,17.0,17.0,17.0,17.0,17.0,17.0,17.0,17.0,17.0,17.0,17.0,17.0,17.0,17.0,17.0,17.0,,,1996.0,1986,1996.0,,2006,1989.0,2016,,2005,2005,1994,1999.0,1997.0,2012.0,0.0,0.0,0.0,0.0,0.0,0.0,0.0,0.0,0.0,0.0,0.0,0.0,0.0,0.0,0.0,0.0,
703.0,Slovakia,78.90462184860371,79.39114414983851,81.24027149311587,81.6783128635252,82.10665804775999,82.5253070458275,82.93425985772774,83.3335164834607,83.72307692303002,84.0,84.0,85.0,85.0,86.0,87.0,86.0,86.0,87.0,87.0,87.0,87.0,88.0,88.0,89.0,89.0,,,,,,,,,,,,,,,,,,,,,,,,,,1993.0,1993,1994.0,1995,2002,1993.0,2016,1993,2007,2002,1996,2002.0,1994.0,1993.0,0.004674715000736098,0.0033076074978057165,0.0,0.011904761904761904,0.0,0.011764705882352941,0.011627906976744186,-0.011494252873563218,0.0,0.011627906976744186,0.0,0.0,0.0,0.011494252873563218,0.0,0.011363636363636364,0.0
710.0,South Africa,30.117592025955673,34.35695157395094,50.0926121994853,53.72108296427177,57.22737597246305,60.61149122394272,63.87342871876899,68.0,70.80000305,72.0,73.90000153,77.90000153,81.09999847,83.09999847,85.80000305,88.40000153,90.59999847,92.69999695,93.5,93.80000305,96.71188919866108,98.14116034380277,99.44825373229105,100.63316936415504,,,,,,,,,,,,,,,,,,,,,,,,,,,1994.0,1975,1996.0,1991,2002,1990.0,2016,1975,2002,2002,1997,1997.0,1997.0,1997.0,0.04117651544117648,0.01694910873312454,0.02638891013888885,0.054127197796825274,0.04107826543196739,0.024660912919003658,0.032491030441772255,0.030303011510207593,0.02488684278193593,0.02317879156140781,0.008630022398290929,0.0032085887700534846,0.03104356134305139,0.014778649832863268,0.013318503509733785,0.01191489631435572,
724.0,Spain,100.0,100.0,100.0,100.0,100.0,100.0,100.0,100.0,100.0,100.0,100.0,100.0,100.0,100.0,100.0,100.0,100.0,100.0,100.0,100.0,100.0,100.0,100.0,100.0,,,,,,,,,,,,,,,,,,,,,,,,,,,1994.0,1986,1994.0,1985,2002,1988.0,2017,1982,2004,2004,1997,1996.0,1993.0,1982.0,0.0,0.0,0.0,0.0,0.0,0.0,0.0,0.0,0.0,0.0,0.0,0.0,0.0,0.0,0.0,0.0,
275.0,State of Palestine,64.80627547361655,67.94549709977582,78.86625402868958,81.18741086695809,83.34495474770665,85.33888567099348,84.80000305,88.83590864459984,90.33900069503579,93.80000305,91.90000153,97.90000153,95.90000153,95.40026658360148,95.92168088856852,94.09999847,94.09999847,96.50424605829176,93.80000305,96.59999847,97.5,94.99041821167339,94.90000153,93.25182654289529,,,,,,,,,,,,,18.0,18.0,,,18.0,18.0,,18.0,18.0,18.0,,,,,2015.0,,2015.0,,,2019.0,2016,,2017,2017,2015,2017.0,2015.0,2011.0,0.016919870279587926,0.038311275621121556,-0.020255879085496507,0.06528835582272922,-0.020429008873785664,-0.005211000400684966,0.005465543479483999,-0.018991352129084857,0.0,0.025549921651255397,-0.028022010623846568,0.029850696470739634,0.009316786172408697,-0.025739300393093474,-0.0009518505484617163,-0.01736749168105846,
729.0,Sudan,104.36695673014037,98.71098155516665,79.6621536918683,75.79371493530925,72.28278346243314,69.12935927323997,66.33344236807898,63.89503274636809,61.814130408340134,59.79999924,58.724847583682276,57.71646709681954,57.06559389363974,58.70000076,56.836369338678196,54.0,59.0,60.0,60.5,62.51968541590031,64.72887048253324,67.29556283273268,70.21976246696431,73.50146938464604,,,,,,,,,,,,,,,,,,,,,,,,,,,2006.0,1982,1996.0,,2004,1993.0,2017,2005,2005,2006,1985,1995.0,1993.0,1974.0,-0.03256751344487317,-0.03258366905810881,-0.017979124916084565,-0.017171274653813323,-0.011277079764566277,0.02864084564521498,-0.03174840540362892,-0.04990412603199118,0.09259259259259259,0.01694915254237288,0.008333333333333333,0.03338323001488119,0.03533583145751203,0.0396529760378262,0.04345308235997531,0.04673480516579143,
740.0,Suriname,,,,,,,,,,,,66.73999786,,,,,,,,67.84999847,,,,,,,,,,,,,,,,,19.0,,,,,,,,19.0,,,,,,2011.0,1980,1996.0,,2006,1997.0,2019,1985,2000,2011,1998,2000.0,1997.0,1997.0,,,,,,,,,,,,,,,,,
752.0,Sweden,96.4613990332582,95.13555000303313,90.65356263084686,89.73841797496425,88.90541419395595,88.15455128779286,87.48582925650408,87.0,86.39480781852035,85.9725084118254,85.63234988000477,85.37433222302934,85.0,85.0,85.0,85.16367034381256,85.31635706117959,86.0,86.0,86.0,87.0,87.0,88.0,88.68510857890942,,,,,,,,,,,,,,,,,,,,10.0,10.0,10.0,10.0,,,,1991.0,1974,1994.0,1983,2002,1988.0,2016,1975,2003,2002,1996,1995.0,1993.0,1985.0,-0.006956231971030477,-0.004888018358487731,-0.003956596569117274,-0.0030130862616403937,-0.004384599132810167,0.0,0.0,0.001925533456618295,0.0017928621059968887,0.008013034807969804,0.0,0.0,0.011627906976744186,0.0,0.011494252873563218,0.007785324760334333,
756.0,Switzerland,,,,,,,,,,,,,,,,,,,,99.0,,,,,,,,,,,,,,,,,,,,,,,,,,,,,,,1990.0,1974,1995.0,1995,2003,1988.0,2017,1976,2002,2003,2009,1996.0,1993.0,1975.0,,,,,,,,,,,,,,,,,
780.0,Trinidad and Tobago,64.76035080404836,65.53374193915806,68.99747062251845,69.95594382908894,70.9514334499545,71.98393948511512,73,74.19999695,75.40000153,76.40000153,77.70171587530058,78.95632039621705,80.24794133142859,81.5765786809352,82.94223244472232,84.34490262283362,85.78458921521087,87.2612922218832,88.77501164285059,90.32574747809849,91.91349972765602,93.53826839149406,95.20005346962716,96.90000153,,,,,,,,,,,,,,,,,,,,,,,,,20.0,,1994.0,1984,1996.0,2018,1999,1989.0,2018,1993,2009,2002,1986,2000.0,1994.0,2005.0,0.01617256912838725,0.013262599200374314,0.01703814553968873,0.016146419764139087,0.01635867690806706,0.016556653385278244,0.016740758019878586,0.016911410951545306,0.01706904089764766,0.017214082624650285,0.01734697461410941,0.017468156934596055,0.017578069309003075,0.01767714937035697,0.017765831105381272,0.01785658724356902,
788.0,Tunisia,75.40000153,79.0307370882947,87.19999695,88.69999695,90,90.80000305,91.69999695,92.69999695,93.59999847,94.40000153,95.0,95.59999847,96.09999847,96.69999695,97.30000305,97.40000153,97.59999847,97.80000305,97.90000153,97.30000305,97.5,97.5,97.59999847,96.11622960376553,,,,,,,,,,,,,,,,,,,,,,,,,,,1995.0,1974,1993.0,1987,2003,1989.0,2017,1981,2016,2004,1985,1995.0,1993.0,1975.0,0.009708754580493043,0.008547041379027434,0.006355915892748426,0.006315773368421081,0.005230125606716445,0.0062434806405049096,0.00620482025775288,0.00102773357518406,0.0020533566412563632,0.002049227286222498,0.0010224793137160995,-0.006128687136088919,0.002055467047593265,0.0,0.0010256253333333612,-0.015202550097278401,
792.0,Turkey,57.046494279987655,58.8055650269539,70,67.60535929566186,69.36620625617934,71.12734925228824,72.88878828398856,74.0,75.0,76.0,77.0,78.0,80.0,82.0,82.0,99.0,98.0,98.0,94.04914744055395,98.0,97.58001846493335,97.0,101.11207363167978,98.0,,,,,,,,,,,,,,7.0,,7.0,,7.0,,,,,,,,,1994.0,1996,1997.0,,2009,1991.0,,1994,2017,2009,,1998.0,2004.0,1983.0,0.013513513513513514,0.013333333333333334,0.013157894736842105,0.012987012987012988,0.02564102564102564,0.025,0.0,0.2073170731707317,-0.010101010101010102,0.0,-0.040314822035163754,0.042008382499621064,-0.004285525868027082,-0.005944029054901062,0.04239251166680183,-0.03077845720992832,
834.0,United Republic of Tanzania,54,54.06251356534318,54.344522923608054,54.415392840648906,54.486409788679595,54.55757376770015,54.62888477771054,54.700342818710794,54.771947890700886,54.84369999368084,54.915599127650694,54.90000153,55.059838488559876,55.132178715499236,55.20466597342843,55.40000153,55.35008158225642,55.423009933155186,55.496085315043786,55.56930772792225,55.59999847,55.71619364664875,55.78985715249678,55.863667689334704,,,,,,,,,,,,,,,,,,,,,,,,,,,1993.0,1979,1996.0,1999,2002,1993.0,2018,2000,2002,2004,1985,1997.0,1996.0,1977.0,0.0013090424721360029,0.001310015541589658,0.00131098255548285,-0.00028402854377387616,0.002911419929060226,0.0013138474235515755,0.0013147903750231915,0.003538388524361048,-0.0009010820643487304,0.0013175834400602244,0.0013185025854195783,0.0013194158193824185,0.0005522966423843113,0.002089841364140325,0.0013221202136528664,0.0013230099628355454,
860.0,Uzbekistan,77.16233896233462,77.72897195887344,79.68181792159157,80.09160790641909,80.47002928891743,80.8170820690575,81.13276624685386,81.4170818223065,81.67002879541542,81.8916071661879,82.08181693460938,82.19999695,82.59999847,82.90000153,82.19999695,81.80000305,82.5,82.5,82.69999695,82.69999695,82.59999847,82.30000305,81.40000153,81.70000111098489,,,,,,,,,,,,,21.0,21.0,21.0,21.0,21.0,21.0,21.0,21.0,21.0,21.0,21.0,21.0,,,1996.0,1997,1995.0,1998,1999,1993.0,2018,2002,,2019,,1995.0,1993.0,1993.0,0.003106804707898747,0.0027130928449594863,0.002322701617462183,0.0014397831310772428,0.004866198720704497,0.0036319983723601943,-0.008443963414725381,-0.004866106019971067,0.008557419607577865,0.0,0.0024242054545454447,0.0,-0.001209171507714263,-0.003631905878411839,-0.010935619521827023,0.0036854984686250083,
862.0,Venezuela (Bolivarian Republic of),72.12285739399886,73.22134538592218,77.72893140587621,78.88423642393172,80.05090484721586,81.22893667572862,82.41833190945908,83.69999695,84.80000305,85.80000305,87.0,89.30000305,90.0,90.90000153,91.59999847,94.0,95.0,96.25166422553593,97.57742032198803,98.91453982367602,100.263022730589,101.62286904272696,102.99407876009354,104.37665188268875,,,,,,,,,,,,,,,,,,,,,,,,,,,1998.0,1977,1994.0,,2005,1989.0,2017,1988,2005,2005,,1998.0,1994.0,1990.0,0.01314224779072709,0.011792452406049765,0.013985977941057885,0.026436816666666675,0.007838711378409064,0.01000001699999997,0.007700736284025071,0.026200890503137113,0.010638297872340425,0.013175412900378242,0.01377385115488079,0.01370316511008119,0.013632807768370234,0.01356278990103785,0.013493121482233122,0.013423811730144829,
704.0,Viet Nam,-5.4897077552450355,-3.3911905414424837,4.629664342966862,6.541574571427191,8.41616340278415,10.2534308371105,12.053376874348032,13.8160015145113,15.541304757629405,17.62000084,18.87994705265737,19.62000084,22.06930375941738,23.96999931,25.109374877880327,26.81999969,28.00016040810442,29.35000038,30.741660350075108,31.96999931,33.333874703763286,34.57399978500325,35.77680346919806,36.94228575628949,,,,,,,,,,,22.0,,22.0,,22.0,,22.0,,22.0,,22.0,,,,,,1995.0,1994,1995.0,,2002,1994.0,2016,1989,2007,2002,1994,1998.0,1994.0,1987.0,0.12487717530328694,0.13375299659767234,0.07150659208807233,0.03919787408717678,0.12483704457463116,0.0861239471486071,0.04753340011173863,0.06812693746615801,0.04400301013219069,0.048208294246231534,0.047416011995128536,0.03995681905066294,0.042661101757880744,0.03720314821666863,0.03478925469064562,0.03257647900531009,
887.0,Yemen,5.2276786509901285,6.338176468430902,10.304731381082092,11.177511019966914,12.002747023128904,12.780439390538959,14,14.30000019,14.39999962,14.80000019,15.89999962,16.70000076,16.89999962,17.0,18.0,18.20000076,18.20000076,18.60000038,18.60000038,18.5,18.60000038,18.75758281153685,18.72703337171697,18.648940296203364,,,,,,,,23.0,23.0,23.0,23.0,23.0,23.0,23.0,23.0,23.0,23.0,23.0,23.0,23.0,23.0,23.0,,,,,1996.0,1997,1996.0,2006,2004,1996.0,,2008,2006,2004,1987,1997.0,1996.0,1980.0,0.006992967039953491,0.02777781809413696,0.0743242848566476,0.05031453830940423,0.011975979095703785,0.005917182381569834,0.058823529411764705,0.011111153333333432,0.0,0.021978000181138404,0.0,-0.005376364406289377,0.005405425945945994,0.00847217356545283,-0.0016286448060402255,-0.004170071893584018,
,,,,,,,,,,,,,,,,,,,,,,,,,,,,,,,,,,,,,,,,,,,,,,,,,,,,,,,,,,,,,,,,,,,,,,,,,,,,,,,,,,
,,,,,,,,,,,,,,,,,,,,,,,,,,,,,,,,,,,,,,,,,,,,,,,,,,,,,,,,,,,,,,,,,,,,,,,,,,,,,,,,,,
