Country ID,Country,1990,1995,1996,1997,1998,1999,2000,2001,2002,2003,2004,2005,2006,2007,2008,2009,2010,2011,2012,2013,2014,2015,2016,2017,Footnotes 1990,Footnotes 1995,Footnotes 1996,Footnotes 1997,Footnotes 1998,Footnotes 1999,Footnotes 2000,Footnotes 2001,Footnotes 2002,Footnotes 2003,Footnotes 2004,Footnotes 2005,Footnotes 2006,Footnotes 2007,Footnotes 2008,Footnotes 2009,Footnotes 2010,Footnotes 2011,Footnotes 2012,Footnotes 2013,Footnotes 2014,Footnotes 2015,Footnotes 2016,Footnotes 2017,Unnamed: 50,Unnamed: 51,Unnamed: 52,Unnamed: 53,Unnamed: 54,Unnamed: 55,Unnamed: 56,Unnamed: 57,Unnamed: 58,Unnamed: 59,Unnamed: 60,Unnamed: 61,Unnamed: 62,Unnamed: 63,Unnamed: 64,Unnamed: 65,Unnamed: 66,Unnamed: 67,Basel Convention,CITES,Convention on Biological Diversity,Convention on Migratory Species,Kyoto Protocol,Montreal Protocol,Paris Agreement,Ramsar Convention,Rotterdam Convention,Stockholm Convention,UN Convention on the Law of the Sea,UN Convention to Combat Desertification,UN Framework Convention on Climate Change,World Heritage Convention,2000 Percent Change,2001 Percent Change,2002 Percent Change,2003 Percent Change,2004 Percent Change,2005 Percent Change,2006 Percent Change,2007 Percent Change,2008 Percent Change,2009 Percent Change,2010 Percent Change,2011 Percent Change,2012 Percent Change,2013 Percent Change,2014 Percent Change,2015 Percent Change,2016 Percent Change
8.0,Albania,16.4382,16.4382,16.4382,16.4382,16.4382,16.4382,16.4382,16.4382,16.4382,16.4382,16.4382,16.4382,16.4382,16.4382,16.4382,16.4382,16.4382,16.4382,16.4382,16.4382,16.4382,16.4382,16.4382,16.4382,,,,,,,,,,,,,,,,,,,,,,,,,,,,,,,,,,,,,,,,,,,1999.0,2003,1994.0,2001,2005,1999.0,2016,1996,2010 ,2004,2003,2000.0,1994.0,1989,0.0,0.0,0.0,0.0,0.0,0.0,0.0,0.0,0.0,0.0,0.0,0.0,0.0,0.0,0.0,0.0,0.0
12.0,Algeria,-1212.373064726591,-363.27734760567546,-222.8134673424065,-92.13467479124665,28.759030044078827,139.86764715611935,241.1911765523255,350.0,410.0,410.0,520.0,520.0,610.0,880.0,1090.0,420.0,693.0,781.0,800.0,441.0,478.0,541.0,568.0,609.0,,,,,,,,,,,,,,,,,,,,1.0,1.0,1.0,1.0,1.0,,,,,,,,,,,,,,,,,,,1998.0,1983,1995.0,2005,2005,1992.0,2016,1984,,2006,1996,1996.0,1993.0,1974,45.11310281040437,17.142857142857142,0.0,26.82926829268293,0.0,17.307692307692307,44.26229508196721,23.863636363636363,-61.46788990825688,65.0,12.698412698412698,2.4327784891165174,-44.875,8.390022675736962,13.179916317991633,4.990757855822551,7.21830985915493
20.0,Andorra,-22.600637004274176,-10.332405301160179,-7.583238443883602,2.200000048,2.200000048,2.700000048,2.599999905,2.700000048,5.699999809,9.5,8.199999809,6.400000095,32.29999924,35.20000076,41.79999924,47.70000076,45.5790329,46.40000534,51.37123108,56.96699905,54.93700027,54.81999969,68.08653486389085,72.90434533744701,,,,,,,,,,,,,,,,,,,,,,,,,,,,,,,,,,,,,,,,,,,1999.0,…,2015.0,,,2009.0,2017,2012,,,,2002.0,2011.0,1997,3.8461594866866116,111.11110028395082,66.66667225146216,-13.68421253684211,-21.951216535692964,404.68748063354514,8.978333090511875,18.749995276988727,14.114836428882201,-4.446473430202939,1.801206361269676,10.713847344570157,10.89280488778973,-3.563464486198874,-0.2129722762891502,24.200173748470235,7.076010672576101
51.0,Armenia,737,581,619,575,493,378,340.0,271.0,351.0,390.0,277.0,221.0,212.0,203.0,201.0,172.0,172.0,315.0,272.0,202.0,352.0,195.6000061,172.8999939,175.8999939,,,,,,,,,,,,,,,,,,,,,,,,,,,,,,,,,,,,,,,,,,,1999.0,2008,1993.0,2011,2003,1999.0,2017,1993,2003,2003,2002,1997.0,1993.0,1993,-20.294117647058822,29.520295202952028,11.11111111111111,-28.974358974358978,-20.216606498194945,-4.072398190045249,-4.245283018867925,-0.9852216748768473,-14.427860696517413,0.0,83.13953488372093,-13.65079365079365,-25.735294117647058,74.25742574257426,-44.431816448863636,-11.605322848709259,1.7351070594803533
40.0,Austria,-13162.7395927459,-6922.72008612752,-5853.776848375797,-4844.520498469472,-3894.9510364234447,-3005.0684622377157,-2174.8727758973837,-1404.3639774173498,-693.5420667976141,-42.40704399347305,549.0410909205675,1080.80233797431,1552.8766971677542,1965.2641685158014,2208.219156,2610.9784476459026,3109.58901,3017.9451753497124,2994.520518,3186.164351642132,3098.630106,3115.6359764933586,3054.79449,2806.360049933195,,,,,,,,,,,,,,,,,,,,,,,,,,,,,,,,,,,,,,,,,,,1993.0,1982,1994.0,2005,2002,1989.0,2016,1983,2002,2002,1995,1997.0,1994.0,1992,-35.42776419011962,-50.61521956202193,-93.88544026041782,-1394.6931434435078,96.85272301971929,43.67814008232329,26.55635647699451,12.362459529686644,18.239099617968467,19.096693915786712,-2.9471365622779766,-0.776179022105601,6.3998170154508855,-2.747323614898179,0.5488189913481252,-1.952779045831771,-8.132607312212519
31.0,Azerbaijan,566.5,674.5,615.7000122,613.7999878,552.5999756,543.9000244,552.5999756,546.1034626450855,542.8320393089671,540.4273338010535,455.2999878,509.2999878,511.2000122,500.2000122,573.5,547.0999756,555.5999756,543.0,653.2000122,540.0,548.0,595.0,596.0,585.0,,,,,,,,,,,,,,,,,,,,,,,,,,,,,,,,,,,,,,,,,,,2001.0,1998,2000.0,,2000,1996.0,2017,2001,,2004,2016,1998.0,1995.0,1993,-1.1756267176560593,-0.5990482683030649,-0.4429925527194063,-15.751857960683987,11.86031220007865,0.37306586403181663,-2.151799635657364,14.654135548219804,-4.603317244986924,1.5536465690165897,-2.2678142824598053,20.294661546961315,-17.330068904735388,1.4814814814814816,8.576642335766424,0.16806722689075632,-1.8456375838926176
48.0,Bahrain,124.6699982,120.45786610781215,124.27620889223181,129.13539969502017,135.03543851687573,141.97632535733283,149.9580602159258,158.98064309358597,169.04407398984767,180.14835290471092,175.6100006,181.1000061,181.6000061,237.6999969,267.7999878,296.8999939,315.6000061,320.3999939,319.7000122,339.5,407.5,399.3999939,407.1000061,413.2999878,,,,,,,,,,,,,,,,,,,,,,,,,,,,,,,,,,,,,,,,,,,1992.0,2012,1996.0,,2006,1990.0,2016,1998,2012,2006,1985,1997.0,1994.0,1991,6.01673752292373,6.329972442203383,6.568866126315753,-2.519230529468934,3.126248779250898,0.27609054840335534,30.89206438082823,12.663016951011159,10.86632092072113,6.298421213945314,1.5209086524792859,-0.2184711964190906,6.19330217216676,20.029455081001473,-1.987731558282202,1.9278949217830588,1.5229628118642329
50.0,Bangladesh,,,,,,,,,,,,,,,,,,,,,,80.0,,,,,,,,,,,,,,,,,,,,,,,,2.0,,,,,,,,,,,,,,,,,,,,,1993.0,1981,1994.0,2005,2001,1990.0,2016,1992,,2007,2001,1996.0,1994.0,1983,,,,,,,,,,,,,,,,,
52.0,Barbados,,,8.800000191,,,,,,,,,,,,,,,,,,,,,,,,,,,,,,,,,,,,,,,,,,,,,,,,,,,,,,,,,,,,,,,,1995.0,1992,1994.0,,2000,1992.0,2016,2006,,2004,1993,1997.0,1994.0,2002,,,,,,,,,,,,,,,,,
112.0,Belarus,2518,2304,2386,2380,2405,2397,2421.0,2475.0,2422.0,1970.006219111383,1868.506865253672,1759.3741601333022,1642.6081037558615,1518.2086961138994,1386.1759372092783,733.0,686.0,675.0,680.0,685.0,673.0,618.0,55.1132205594331,-145.6196996998042,3.0,3.0,3.0,3.0,3.0,3.0,3.0,3.0,3.0,,,,,,,,,,,,,,,,,,,,,,,,,,,,,,,,,,1999.0,1995,1993.0,2003,2005,1988.0,2016,1991,,2004,2006,2001.0,2000.0,1988,2.2304832713754648,-2.1414141414141414,-18.662005817036214,-5.152235199719044,-5.840637096377686,-6.63679500491207,-7.573285883438663,-8.69661458550331,-47.12070954891095,-6.412005457025921,-1.6034985422740524,0.7407407407407408,0.7352941176470588,-1.7518248175182483,-8.172362555720653,-91.0820031457228,-364.2191804827855
56.0,Belgium,-41770.858839035034,-23295.12380886078,-20175.83655357361,-17248.502548396587,-14513.12179338932,-11969.694288790226,-9618.220034241676,-7458.699029862881,-5491.131275892258,-3715.5167719721794,-2131.85551828146,263.013696,298.630134,536.986296,635.616432,2528.767098,5454.794466,4964.383512,3002.739696,2868.493122,2794.52052,2824.657506,1899.72600877285,987.9950096607208,,,,,,,,,,,,,,,,,,,,,,,,,,,,,,,,,,,,,,,,,,,1993.0,1983,1997.0,1990,2002,1988.0,2017,1986,2002,2006,1998,1997.0,1996.0,1996,-22.452397602578422,-26.379503263142052,-32.336041786426925,-42.62290687629219,-112.33731337534645,13.541666666666675,79.8165137614679,18.36734693877551,297.84482758620686,115.70964247020588,-8.990457056755398,-39.51434878587197,-4.470802919708037,-2.5787965616045785,1.0784313725490189,-32.74490784325022,-47.992762898533584
68.0,Bolivia (Plurinational State of),1774.05025729537,1052.9327387996018,935.1537274159491,826.1895468011498,726.0401969589293,634.7056778781116,552.1859895773232,478.4811320453882,413.5911052748561,357.51590928435326,310.25554406642914,271.81000961735845,242.1793059296906,221.36343302205205,209.36239088699222,206.17617951333523,211.80479891598225,232.3308716,249.2908783,265.3987732,311.4778748,413.1418762,411.02005,498.0203963033855,,,,,,,,,,,,,,,,,,4.0,4.0,4.0,4.0,5.0,5.0,,,,,,,,,,,,,,,,,,,,1996.0,1979,1995.0,2003,1999,1994.0,2016,1990,2003,2003,1995,1996.0,1994.0,1976,-13.34783187605922,-13.56166887775561,-13.558124262183421,-13.219094308985058,-12.391570492238836,-10.901255523805242,-8.59523187901191,-5.421420318262005,-1.5218642470398673,2.730004705651734,9.691032870393053,7.299936759674261,6.461485879405315,17.362213488935602,32.63923688489223,-0.5135829414137677,21.166934874195423
70.0,Bosnia and Herzegovina,-20.762646544957533,-7.169067054870538,-4.876532755792141,-2.7260589896468446,-0.7176457563764416,1.1487069437280297,2.8729991110158153,4.455230745195877,5.895401846559253,7.19351241493132,10.45479488,4.0,10.37260246,12.68219185,13.94794559,13.93150711,13.56986332,10.00547981,10.9588,10.9588,10.9588,13.6985,10.9588,10.9588,,,,,,,,,,,,,,,,,,,,,,,,,,,,,,,,,,,,,,,,,,,2001.0,2009,2002.0,2017,2007,1993.0,2017,1992,2007,2010,1994,2002.0,2000.0,1993,55.07247211157775,32.325398699412546,22.01903453162716,45.336440350048626,-61.74004324415784,159.31506149999998,22.2662480212319,9.980559787857167,-0.1178559228950914,-2.5958698304823997,-26.266907970595526,9.527980747581953,0.0,0.0,24.999999999999993,-19.999999999999996,0.0
76.0,Brazil,762.9990746546537,2351.8249127026647,2505.592529,2896.730957,3702.881836,3901.17627,4170.680176,4518.359863,5007.399902,5265.209961,5676.990234,6032.330078,6333.419922,6693.419922,7289.040039,7931.22998,8558.900391,8782.19043,9005.0,9806.400391,10311.91992,10424.71973,11111.90234,11621.487593386322,,,,,,,,,,,,,,,,,,,6.0,7.0,7.0,7.0,,,,,,,,,,,,,,,,,,,,,1992.0,1975,1994.0,2015,2002,1990.0,2016,1993,2004,2004,1988,1997.0,1994.0,1977,8.336282628447696,10.823397290788135,5.148581380469089,7.820775924419025,6.259299899299424,4.991269378611746,5.684132813450294,8.898591810179282,8.810350026395287,7.913910107042428,2.6088636249908816,2.5370614743091995,8.899504619655737,5.15499580726839,1.0938778702230305,6.591856930430875,4.585940712887166
100.0,Bulgaria,622.7792836725712,594.520542,902.0911779524758,942.9290152741596,982.1342397215776,1019.7068512956612,1345.205466,1238.356152,1265.753412,1290.410946,1271.232864,1126.027386,1106.849304,1073.972592,1153.424646,1169.863002,1328.76711,1309.589028,1323.287658,1408.219164,1372.602726,1449.315054,1493.15067,1457.534232,,,,,,,,,,,,,,,,,,,,,,,,,,,,,,,,,,,,,,,,,,,1996.0,1991,1996.0,1999,2002,1990.0,2016,1976,2000,2004,1996,2001.0,1995.0,1974,-7.942973523421576,2.21238938053097,1.9480519480519436,-1.4861995753715425,-11.422413793103454,-1.7031630170316214,-2.97029702970297,7.397959183673455,1.4251781472684184,13.583138173302103,-1.4432989690721578,1.0460251046025002,6.418219461697733,-2.529182879377433,5.588822355289409,3.024574669187151,-2.3853211009174324
108.0,Burundi,-13.736827107553836,-2.0763112039421685,-0.2122982281143777,1.4956846794229932,3.0476375186699443,4.443560289626475,5.683452992292587,6.767315626668278,7.695148192811757,9.699999809,8.899999619,8.0,9.846177774481475,9.993859999172855,9.985512155515607,9.821134243626148,10.10000038,8.0,8.0,8.0,9.800000191,4.300000191,3.339999914,2.880000114,,,,,,,,,,8.0,8.0,8.0,,,,,8.0,8.0,8.0,8.0,8.0,8.0,8.0,8.0,,,,,,,,,,,,,,,,,,,1997.0,1988,1997.0,2011,2001,1997.0,,2002,2004,2005,,1997.0,1997.0,1982,19.070495275416782,13.710496411414978,26.053450381384824,-8.24742480157299,-10.112355702562652,23.077222181018442,1.4998939494483903,-0.08352972382981784,-1.6461640557781902,2.8394493900216844,-20.79208218802068,0.0,0.0,22.500002387500007,-56.12244788577678,-22.325586845537885,-13.772449456416357
132.0,Cabo Verde,,,,,,,,,,,,0.302197248,2.320109606,,,,,,,,,,,,,,,,,,,,,,,9.0,9.0,,,,,,,,,,,,,,,,,,,,,,,,,,,,,,1999.0,2005,1995.0,2006,2006,2001.0,2017,2005,2006,2006,1987,1995.0,1995.0,1988,,,,,,667.7467684947283,,,,,,,,,,,
136.0,Cayman Islands,0.06828404132465948,0.6075084906660777,0.7290017331342824,0.8550444264674297,0.9856365706691577,1.1207781657358282,1.2604692116728984,1.4047097084730922,1.5534996561382286,1.7068390546719456,1.94380939,1.820783377,2.229986429,2.495722532,2.604363918,2.735339165,2.896976233,2.85382247,3.290280581,3.560483217,3.900489092,3.766485453,4.1142512644419185,4.331282975103022,,,,,,,,,,,,,,,,,,,,,,,,,,,,,,,,,,,,,,,,,,,,,,,,,,,,,,,,,11.443397067093562,10.592220354685942,9.87057820887429,13.883578224872528,-6.329119183851666,22.474010756525065,11.916489694476056,4.353103544444836,5.029068560456067,5.90921484502636,-1.4896139812411187,15.293807361464932,8.212145722778393,9.549430632802787,-3.4355598961895497,9.23316486367745,5.2751204705661845
344.0,China Hong Kong Special Administrative Region,1488.9518472217023,1958.904053,2098.630127,2087.671143,2145.205566,2186.30127,2350.684814,2424.657471,2495.890381,2487.3286368846893,2533.2155714351684,2574.6866088379174,2611.741749091074,2644.3809921965003,2693.0,2675.0,2674.0,2681.0,2755.0,2778.0,2782.0,2731.0,2739.4188084565103,2727.899080077186,,,,,,,,,,,,,,,10.0,10.0,10.0,10.0,10.0,10.0,10.0,10.0,,,,,,,,,,,,,,,,,,,,,,,,,,,,,,,,,,,3.1468556124343,2.937854556859185,-0.3430336596706019,1.8448279760872766,1.6370907344160235,1.4392097323985085,1.2497117342013384,1.8385780243835186,-0.6683995544002971,-0.037383177570093455,0.2617801047120419,2.7601641178664678,0.8348457350272231,0.14398848092152627,-1.8332135154565061,0.3082683433361518,-0.4205172405096656
446.0,China Macao Special Administrative Region,36.44378086074721,75,80.69999695,92.09999847,101.0999985,114.5,123.6999969,145.3000031,146.0,133.6000061,151.0,152.5,151.8999939,167.6999969,124.3000031,182.6999969,187.8999939,185.6999969,203.1999969,214.8999939,216.8999939,193.0,229.5211029,211.0030975,,,,,,,,,,,,,,,,,,,,,,,,,,,,,,,,,,,,,,,,,,,,,,,,,,,,,,,,,17.461606096450915,0.4817597281937031,-8.493146506849314,13.02394693528386,0.9933774834437087,-0.3934466229508208,10.401582379523719,-25.879543591094727,46.98309923051,2.8461943559014893,-1.1708339922410165,9.423801988227174,5.757872627211637,0.9306654521966462,-11.018900217682301,18.922851243523308,-8.068105793334436
188.0,Costa Rica,242.63617051020265,126.83830437948927,108.39904768811539,91.53322984231636,76.24085084209219,62.52191068697721,50.376409376971424,39.804346912074834,30.80572329228744,23.380538516677916,17.52879258710891,13.25048550311476,10.545617263764143,9.414187869988382,4.788909912,6.338910103,31.51522636,26.18227768,26.51539803,30.49419594,27.78761673,66.56824493,73.23999786,84.63903041230515,,,,,,,,,,,,,,,,,,,,,,,11.0,,,,,,,,,,,,,,,,,,,,1995.0,1975,1994.0,2007,2002,1991.0,2016,1992,2009,2007,1992,1998.0,1994.0,1977,-20.986137352078526,-22.607137958235462,-24.10326388106103,-25.02827693808169,-24.40731192826435,-20.41335193880096,-10.728906288524923,-49.13092899636482,32.366451227575304,397.17105697846813,-16.921816201100583,1.2723123407038952,15.0056126085617,-8.875719219898215,139.5608287562559,10.022425763238454,15.56394440930305
191.0,Croatia,-1505.08093130216,-743.8522133044899,-610.4109527077526,-483.2378531061113,-362.33291451074183,-247.69613691419363,-139.32752031832933,-37.22706471942365,58.60522987507284,148.16936346888542,231.46533606387675,308.49314766190946,379.25279825367033,443.74428784660995,526.027392,564.383556,564.383556,572.602734,709.589034,726.02739,734.246568,731.506842,753.42465,723.287664,,,,,,,,,,,,,,,,,,,12.0,,,,,,,,,,,,,,,,,,,,,,,,1994.0,2000,1997.0,2000,2007,1992.0,2017,1991,2007,2007,1995,2000.0,1996.0,1992,-73.2808962404779,-257.4264055379442,152.82617913918946,56.21673107375056,33.27833571450007,22.937187139504744,17.004881675204746,18.542910051347633,7.291666666666674,0.0,1.4563106796116605,23.92344497607654,2.3166023166023164,1.132075471698121,-0.37313432835821153,2.996254681647945,-4.0000000000000115
192.0,Cuba,355054.61526441574,306673.6812489033,299842.5658724308,293959.807639122,289025.4065475464,285039.36259818077,282001.6757917404,279912.34612727165,278771.3736050129,278578.7582256794,276712.0,279452.0,293151.0,298630.0,287671.0,271233.0,304110.0,306849.0,331507.0,336986.0,358904.0,339726.0,336986.0,389041.0,,,,,,,,,,,,,,,,,,,,,,,,,,,,,,,,,,,,,,,,,,,1994.0,1990,1994.0,2008,2002,1992.0,2016,2001,2008,2007,1984,1997.0,1994.0,1981,-0.7408926413656297,-0.4076177910852052,-0.06909438972970375,-0.6701007060154667,0.9901991962762727,4.902094098449823,1.8690026641560151,-3.669758564109433,-5.714166530515763,12.121312672130603,0.900660945052777,8.035874322549526,1.6527554470946317,6.504127767919142,-5.3434901812183755,-0.8065323231074454,15.447229261749746
531.0,Curaçao,,,,,,,,,,,,,,,,,,,,,,,4.0,,,,,,,,,,,,,,,,,,,,,,,,,,,,,,,,,,,,,,,,,,,,,,,,,,,,,,,,,,,,,,,,,,,,,,,,,,
196.0,Cyprus,,,,,,,,,,,57.534246,60.273972,,,,,,,,,,,,,,,,,,,,,,,,,,,,,,,,,,,,,,,,,,,,,,,,,,,,,,,1992.0,1974,1996.0,2001,1999,1992.0,2017,2001,2004,2005,1988,2000.0,1997.0,1975,,,,,4.761904761904757,,,,,,,,,,,,
203.0,Czechia,1604.507119750604,1989.4098847340792,2051.820076720789,2109.373481703922,2162.070099681616,2209.9099306575954,2252.8929746281356,2291.019231595099,2324.2887015584856,2352.7013845182955,2376.2572804745287,2394.956389427185,2479.45203,2358.904086,2260.27395,2421.917784,2668.493124,2380.821894,2284.931484,2545.205454,2260.27395,2180.821896,2260.27395,2328.7671,,,,,,,,,,,,,,,,,,,,,,,,,,,,,,,,,,,,,,,,,,,1993.0,1993,1994.0,1994,2001,1993.0,2017,1993,2000,2002,1996,2000.0,1993.0,1993,1.6923243756511144,1.4521689519045688,1.2224248623141603,1.0012276148277994,0.7869143255785104,3.5280659366421343,-4.8618784530386705,-4.181184668989556,7.151515151515171,10.180995475113116,-10.780287474332646,-4.027617951668583,11.390887290167854,-11.194833153928961,-3.5151515151515094,3.6432160804020035,3.030303030303041
818.0,Egypt,5071.200195,13749.59961,10980,13576.211392432451,14321.078356146812,14957.875149816275,15486.601773262024,15907.258226573467,16219.844509750605,16424.360622793436,16520.806565731764,16509.182338505983,16389.4879411757,16161.723373681307,15825.88863608241,15381.983728319407,14830.008650451899,14169.963402420282,13401.847984284163,12525.662396013737,11541.406637579203,10470.0,9248.684610366821,7940.218341559172,,,,,,,,,,,,,,,,,,,,,,,,,,,,,,,,,,,,,,,,,,,1993.0,1978,1994.0,1983,2005,1988.0,2017,1988,,2003,1983,1995.0,1994.0,1974,2.7162605423077157,1.9650544344276395,1.260900577190404,0.587212769819982,-0.07036113630125061,-0.7250171139675958,-1.389699106597309,-2.0779636542089865,-2.8049287971793153,-3.588451838310553,-4.450740816064887,-5.4207297247141994,-6.537796797112572,-7.857913835740704,-9.283154742080287,-11.664903434891869,-14.147593132768241
222.0,El Salvador,7219.800000302494,5726.800000198185,5482.200000181794,5255.6000001728535,5047.000000141561,4856.40000012517,4683.800000116229,4529.200000099838,4392.600000090897,4274.000000067055,4173.400000050664,4090.8000000417233,4026.2000000327826,3975.0,3959.0,3944.0,3935.0,3979.0,4016.599999964237,4077.999999962747,4157.399999953806,4254.799999952316,4370.199999950826,4503.599999934435,,,,,,,,,,,,,,,,,,,,,,,,,,,,,,,,,,,,,,,,,,,1991.0,1987,1994.0,,1998,1992.0,2017,1999,1999,2008,,1997.0,1995.0,1991,-3.3007387166948816,-3.0159851630736023,-2.6999954473748495,-2.353766963378871,-1.9792016103881236,-1.5791532220661442,-1.2716705586499844,-0.4025157232704402,-0.3788835564536499,-0.2281947261663286,1.1181702668360864,0.9449610445900279,1.5286560772558027,1.947032859043272,2.342810410342813,2.712230892164219,3.0524918764612545
246.0,Finland,1002.0596440453082,860.7776120812632,837.7843856089748,816.5455524418503,797.0611125826836,779.331066029612,763.3554127835669,749.1341528436169,736.6672862111591,725.9548128852621,716.9967328649946,723.2808,668.4868,706.8426,802.7321,632.8707,632.8707,687.6647,786.2939,665.7471,728.7602,783.5542,767.116,717.8014,,,,,,,,,,,,,,,,,,,,,,,,,,,,,,,,,,,,,,,,,,,1991.0,1976,1994.0,1989,2002,1988.0,2016,1975,2004,2002,1996,1995.0,1994.0,1987,-1.8629932665430768,-1.664170106934145,-1.4541806764616358,-1.2339721235078236,0.8764429246274806,-7.5757575757575735,5.737704918032777,13.56589147286822,-21.16040955631398,0.0,8.658008658008654,14.34262948207171,-15.331010452961669,9.465020576131689,7.5187969924811995,-2.097902097902104,-6.428571428571433
258.0,French Polynesia,,,,,,,,,,,,,,,,,,,,6.849999905,,,,,,,,,,,,,,,,,,,,,,,,,,,,,,,,,,,,,,,,,,,,,,,,,,,,,,,,,,,,,,,,,,,,,,,,,,,,,
268.0,Georgia,1153,649.2999878,677.5,686.5999756,655,686,650.0,733.5868153758347,796.7375865243375,876.6352177709341,973.279709123075,1086.6710605807602,1216.8092721365392,1363.694343790412,1527.3262755423784,1707.7050674147904,1904.8307193741202,2118.7032314501703,2349.322603613138,2596.688835877925,2860.8019282594323,3141.6618807278574,3439.2686933018267,3753.622365988791,,,,,,,,,,,,,,,,,,,,,,,,,,,,,,,,,,,,,,,,,,,1999.0,1996,1994.0,2000,1999,1996.0,2017,1997,2007,2006,1996,1999.0,1994.0,1992,12.859510057820724,8.608493204195486,10.028098661083561,11.024481950187202,11.650438244505358,11.975860614731742,12.071330735010264,11.999164805300042,11.81010205618027,11.54330778310265,11.22790124606575,10.884930401749465,10.52925774792914,10.17114907001216,9.817525278281176,9.472910321750478,9.140131252297506
276.0,Germany,-30771.223895907402,-7654.285652816296,-3722.059119582176,-20.219624638557434,3451.2328318953514,6692.298249840736,9702.97662949562,14471.23273,15033.172273397446,17352.68953758478,14334.24643,21300.562951028347,22928.919099986553,27789.04082,25494.470282673836,26431.665316462517,27517.80794,27614.89426857233,27860.928187072277,27221.91754,27661.834908604622,27216.707711696625,26473.97234,25635.2922026515,,,,,,,,,,,,,,,,,,,,,,,,,,,,,,,,,,,,,,,,,,,1995.0,1976,1994.0,1984,2002,1988.0,2016,1976,2001,2002,1994,1996.0,1993.0,1976,49.142199168135505,3.883149099195269,15.429326704995797,-17.39467015212272,48.59911230805,7.644662503530652,21.19647114118125,-8.257105929596323,3.6760718045811025,4.109247792499084,0.35281272688587456,0.8909464439990643,-2.293572715099941,1.6160410741021713,-1.6091745120260756,-2.7289684687961993,-3.1679421832790946
300.0,Greece,,,,,,,,,,,,,,15.01219748,,15.01219748,,,,,,,,,,,,,,,,,,,,,,,,,,,,,,,,,,,,,,,,,,,,,,,,,,,1994.0,1992,1994.0,1999,2002,1988.0,2016,1975,2003,2006,1995,1997.0,1994.0,1981,,,,,,,,,,,,,,,,,
348.0,Hungary,-75.06849500082899,220.23482981382404,279.00195267924573,337.671228178835,396.24265631253365,454.7162370803999,513.0919704824337,571.3698565186351,629.549895189004,687.6320864934823,745.6164304321283,803.5029270049417,861.2915762119228,918.9823780530132,976.5753325283295,1034.070439637755,1091.4676993813482,1148.7671117590507,1183.561632,1320.547932,1298.630124,1320.547932,1493.15067,1473.972588,,,,,,,,,,,,,,,,,,,,,,,,,,,,,,,,,,,,,,,,,,,1990.0,1985,1994.0,1983,2002,1989.0,2016,1979,2000,2008,2002,1999.0,1994.0,1985,11.358175412763858,10.182553035762297,9.22598697074532,8.432466296669173,7.763575775719546,7.192089445447117,6.6981732359234725,6.267035783355778,5.887421604288547,5.550614111326882,5.2497579552908675,3.0288576235151807,11.574074074074076,-1.6597510373443924,1.6877637130801628,13.07053941908714,-1.2844036697247643
364.0,Iran (Islamic Republic of),3906.4098880812526,2932.5032955370843,2785.6148341447115,2654.6906584501266,2539.730768468231,2440.735164191574,2357.7038456201553,2290.6368127539754,2239.534065593034,2204.3956041373312,2130.0,2195.0,2220.0,2265.0,2300.0,2345.0,2390.0,2450.0,2576.0,2715.0,2896.0,2995.0,3259.0,3376.0,,,,,,,,,,,,,,,,,,,,,,,,,,,,,,,,,,,,,,,,,,,1993.0,1976,1996.0,2008,2005,1990.0,,1975,2004,2006,,1997.0,1996.0,1975,-2.8445910622221957,-2.230940622119043,-1.5690076786752531,-3.3748753625574954,3.051643192488263,1.1389521640091116,2.027027027027027,1.545253863134658,1.956521739130435,1.9189765458422177,2.510460251046025,5.142857142857142,5.395962732919254,6.666666666666667,3.418508287292818,8.814691151919867,3.5900583000920525
368.0,Iraq,-85.93890762364026,160.56678022630513,211.3843949176371,262.7075019830372,314.5361014220398,366.87019323476125,419.709777421318,473.05485398194287,526.9054229160538,581.261484224,636.1230379057815,317.3999939,1195.099976,998.2000122,794.5999756,844.5,753.0999756,976.5999756,1138.900024,1273.800049,1211.400024,1386.0,1105.699951,1496.699951,,,,,,,,,,,,,,,,,,,,,,13.0,,,,,,,,,,,,,,,,,,,,,2011.0,2014,2009.0,2016,2009,2008.0,,2008,2017,2016,1985,2010.0,2009.0,1974,12.709991386994874,11.383578137043378,10.316094491326993,9.438360388702375,-50.10399325499492,276.52804000258675,-16.475606037498576,-20.396717502664842,6.279892516019856,-10.822975062166963,29.67733464895361,16.618887206124157,11.844764435618266,-4.898729988979606,14.41307351336159,-20.223668759018757,35.362215549198304
400.0,Jordan,-1188.1119776815176,-549.021750247106,-442.8358066380024,-343.8605636563152,-252.09602130576968,-167.54217957891524,-90.19903847761452,-20.066598007455468,42.855141839012504,98.56618105992675,147.06651964969933,188.35615761578083,219.8904114,249.2328796,276.7123413,280.4383545,281.9178162,281.6438293,279.0684814,259.0880387723446,235.48137109726667,204.66400279663503,166.63593386299908,121.3971643075347,,,,,,,,,,,,,14.0,14.0,14.0,14.0,14.0,14.0,14.0,,,,,,,,,,,,,,,,,,,,,,,,1989.0,1978,1994.0,2001,2003,1989.0,2016,1977,2002,2004,1995,1996.0,1993.0,1975,-77.75298013577432,-313.5645604854907,129.99849453350444,49.2058615523362,28.075484525254364,16.74182261062283,13.344132658255594,11.025616581609324,1.3465294617851624,0.5275532666128241,-0.09718679851210171,-0.914398837141502,-7.1596916023693264,-9.111446358903745,-13.086966564290295,-18.58073154731692,-27.148267787581617
398.0,Kazakhstan,6507.548052199185,4681.342424534261,4365.9000002890825,4067.05714315176,3784.813853107393,3519.170130163431,3270.125974304974,3037.6813855543733,2821.836363904178,2622.5909093394876,2439.9450218826532,2273.898701518774,2124.45194824785,1991.6047620847821,1875.3571430146694,1867.0,1578.0,1590.0,1593.0,1569.0,1542.0,1553.0,1546.0,1548.0,,,,,,,,,,,,,,,,,,,,,,,,,,,,,,,,,,,,,,,,,,,2003.0,2000,1994.0,2006,2009,1998.0,2016,2007,2007,2007,,1997.0,1995.0,1994,-7.108123374360345,-7.105584630325003,-7.060843680142483,-6.964330075514316,-6.805330401902189,-6.572269607749289,-6.2532450438633855,-5.836881959873727,-0.44562941228544684,-15.479378682378147,0.7604562737642585,0.18867924528301888,-1.5065913370998116,-1.7208413001912046,0.7133592736705577,-0.4507405022537025,0.129366106080207
404.0,Kenya,,,,,,,,,,,,,,,,,,,,,,,,3695.608398,,,,,,,,,,,,,,,,,,,,,,,,15.0,,,,,,,,,,,,,,,,,,,2000.0,1978,1994.0,1999,2005,1988.0,2016,1990,2005,2004,1989,1997.0,1994.0,1991,,,,,,,,,,,,,,,,,
414.0,Kuwait,659.7360144816339,581.2445057844743,572.3239263286814,565.6625876352191,561.2604897040874,559.1176325324923,559.2340161222965,561.6096404734999,566.2445055851713,573.1386114610359,582.2919580964372,593.7045454932377,564.0,658.0,713.0,706.0,582.0,632.0,724.0,819.0,843.0,847.0,876.0,873.0,,,,,,,,,,,,,,,,,,,,,,,,,,,,,,,,,,,,,,,,,,,1993.0,2002,2002.0,,2005,1992.0,2018,2015,2006,2006,1986,1997.0,1994.0,2002,0.4247996871999873,0.8252823273766592,1.2175139551667848,1.59705635815875,1.959942471833074,-5.003253843805379,16.666666666666664,8.358662613981762,-0.9817671809256662,-17.56373937677054,8.59106529209622,14.556962025316455,13.121546961325967,2.93040293040293,0.4744958481613286,3.4238488783943333,-0.3424657534246575
428.0,Latvia,17.434619998093694,153.84615230141208,177.14613975165412,199.11868753144518,219.7637956412509,239.08146408060566,257.0716928499751,273.7344819488935,289.06983137782663,303.07774113630876,315.75821122480556,334.246572,326.027394,350.684928,306.849312,399.999996,331.506846,432.876708,386.301366,410.9589,304.109586,298.630134,364.383558,408.219174,,,,,,,,,,,,,,,,,,,,,,,,,,,,,,,,,,,,,,,,,,,1992.0,1997,1996.0,1999,2002,1995.0,2017,1995,2003,2004,2004,2002.0,1995.0,1995,6.481767367767989,5.6022717049568636,4.845856688577506,4.183900157416636,5.855227233356594,-2.4590163934426226,7.563025210084033,-12.500000000000004,30.35714285714286,-17.12328767123288,30.57851239669422,-10.759493670886084,6.38297872340427,-26.00000000000001,-1.8018018018017956,22.01834862385321,12.03007518796993
438.0,Liechtenstein,26.84931564,27.1232872,24.31694031,26.30137062,26.30137062,36.16438293,30.60109329,29.86301422,27.94520569,24.10958862,25.13661194,24.10958862,26.02739716,29.86301422,30.60109329,27.67123222,27.39726067,23.09589005,30.9289608,29.61643791,28.05479431,27.67123222,30.9289608,28.79452133,,,,,,,,,,,,,,,,,,,,,,,,,,,,,,,,,,,,,,,,,,,1992.0,1979,1998.0,1997,2004,1989.0,2017,1991,2004,2004,,1999.0,1994.0,,-2.4119369298520943,-6.422019277329329,-13.725492352960389,4.259812708492417,-4.08576669939235,7.954546924160663,14.736844550459846,2.471549136207729,-9.574367301959887,-0.9900952289431469,-15.700002536056463,33.91543141676844,-4.243669544823505,-5.272894751035237,-1.3671891005926184,11.772979801186455,-6.901103091701678
440.0,Lithuania,3366.9601783268154,2239.7586228773,2046.803634390235,1864.6770867668092,1693.3789800144732,1532.9093141295016,1383.268089108169,1244.4553049579263,1116.4709616713226,999.3150592558086,892.9875977039337,797.4885770194232,712.8179972022772,638.9758582524955,575.9621601700783,523.7769029550254,465.75342,463.013694,446.575338,438.35616,416.438352,413.698626,454.794516,512.328762,,,,,,,,,,,,,,,,,,,,,,,,,,,,,,,,,,,,,,,,,,,1999.0,2001,1996.0,2002,2003,1995.0,2017,1993,2004,2006,2003,2003.0,1995.0,1992,-10.035132397201414,-10.28436640325389,-10.493412407263618,-10.640033947958024,-10.69432777454685,-10.617152678675154,-10.35918554800846,-9.861671183438823,-9.060535712909132,-11.077900271598587,-0.5882352941176511,-3.5502958579881656,-1.840490797546012,-4.999999999999996,-0.6578947368421098,9.933774834437086,12.650602409638553
470.0,Malta,0,0,0.0,0.0,0.0,0.0,0.0,0.0,0.0,0.0,0.0,0.0,0.0,0.0,0.0,0.0,0.0,0.0,0.0,0.0,0.0,0.0,0.0,0.0,,,,,,,,,,,,,,,,,,,,,,,,,,,,,,,,,,,,,,,,,,,2000.0,1989,2001.0,2001,2001,1988.0,2016,1989,2017,2017,1993,1998.0,1994.0,1978,,,,,,,,,,,,,,,,,
480.0,Mauritius,30,35,35,35,35,35,35.0,36.821681488188915,56.59999847,43.06885098887142,46.978828093386255,38.0,41.0,42.0,74.69999695,90.69999695,70.69999695,83.69999695,100.6999969,113.6999969,119.0,121.1999969,138.8000031,144.1000061,,,,,,,,,,,,,,,16.0,,,,,,,,,,,,,,,,,,,,,,,,,,,,1992.0,1975,1993.0,2004,2001,1992.0,2016,2001,2005,2004,1994,1996.0,1992.0,1995,5.204804251968328,53.7137799862705,-23.906621637632323,9.078433751402233,-19.11249909328902,7.894736842105263,2.4390243902439024,77.85713559523809,21.419010245354503,-22.050717389798105,18.38755383425798,20.310633894234574,12.909632969412732,4.661392475376574,1.8487368907563042,14.52145763214949,3.818445880135578
484.0,Mexico,-28.60450586117804,469,505.31025033444166,602.0056962929666,700.9039003262296,802.0048624332994,793.0,1010.8150608707219,1118.5242972001433,1228.4362916043028,1340.5510440813377,1433.0,1571.3888232596219,1690.1118499618024,1811.037634735927,1934.1661775838584,2184.0,2284.0,2337.0,2283.0,2582.8502629408613,2719.195354233496,2857.7432036018,2998.4938110429794,,,,,,,,,,,,,,,,,,,,,,,,,,,,,,,,,,,,,,,,,,,1991.0,1991,1993.0,,2000,1988.0,2016,1986,2005,2003,1983,1995.0,1993.0,1984,27.467220790759388,10.655681785809566,9.826518268694558,9.126623272470749,6.896339854184092,9.657280059987569,7.555292804991863,7.154898344559718,6.798784325974824,12.916874739699544,4.5787545787545785,2.3204903677758315,-2.3106546854942236,13.134045682911138,5.278861622329999,5.095178217063362,4.9252363635676675
492.0,Monaco,22.345295319690194,20.44994889413647,20.125127315957798,19.81838830673223,19.529731866488873,18.06999969,20.75,19.06999969,19.29000092,18.52000046,17.54999924,17.22299957,17.0909996,16.38599968,17.61700058,18.04500008,17.79999924,17.05999947,16.13999939,18.99099922,21.17200089,16.82500076,16.59000015,16.07999992,,,,,,17.0,17.0,17.0,17.0,17.0,17.0,17.0,17.0,17.0,17.0,17.0,17.0,17.0,17.0,17.0,17.0,17.0,17.0,,,,,,,,,,,,,,,,,,,,1992.0,1978,1993.0,1993,2006,1993.0,2016,1997,,2004,1996,1999.0,1992.0,1978,-8.09638703614458,1.1536509364253753,-3.9917077411938355,-5.237587450902257,-1.863246063593558,-0.7664168454717031,-4.124977687086242,7.512516319053156,2.429468615025737,-1.3577214680732934,-4.1573022561544635,-5.392732172224394,17.66418796624254,11.484396606699459,-20.531834249323037,-1.3967346174431918,-3.074142407406806
499.0,Montenegro,,,,,,,,,,,,,,,,,,14192.0,14192.0,,,,,,,,,,,,,,,,,,,,,,,,,,,,,,,,,,,,,,,,,,,,,,,,2006.0,2007,2006.0,2009,2007,2006.0,2017,2006,2011,2011,2006,2007.0,2006.0,2006,,,,,,,,,,,,0.0,,,,,
504.0,Morocco,,,,,,,,,,,,,,,,,,,,,,824.7999878,,,,,,,,,,,,,,,,,,,,,,,,,,,,,,,,,,,,,,,,,,,,,1995.0,1975,1995.0,1993,2002,1995.0,2016,1980,2011,2004,2007,1996.0,1995.0,1975,,,,,,,,,,,,,,,,,
528.0,Netherlands,5919.785908620805,5441.408260932192,5361.33559820056,5286.463891066611,5216.793139535934,5152.32334360294,5041.09584,5375.342412,5172.602688,4446.575298,4852.054746,4660.273926,4679.452008,5254.794468,4879.452006,4594.520502,4876.71228,4854.794472,5005.479402,4717.808172,4643.83557,4947.945156,4802.739678,4841.095842,,,,,,,,,,,,,,,,,,,,,,,,,,,,,,,,,,,,,,,,,,,1993.0,1984,1994.0,1983,2002,1988.0,2017,1980,2000,2002,1996,1995.0,1993.0,1992,6.630434782608696,-3.771661569826708,-14.036016949152547,9.118915588416513,-3.9525691699604737,0.41152263374486364,12.295081967213111,-7.142857142857135,-5.839416058394162,6.141920095408455,-0.4494382022471941,3.1038374717833035,-5.747126436781608,-1.5679442508710764,6.548672566371671,-2.9346622369878155,0.7986309184255522
807.0,North Macedonia,3.5,3.900000095,18.10000038,25.79999924,12,15,13.0,13.452765883179381,11.94732515141368,10.023495363537222,7.681276519433595,4.920668618869968,1.7416716620791703,-1.8557143510552123,-5.871489420649596,-10.305653546471149,-15.158206728752702,-20.429148967261426,-26.118480262113735,-32.226200613426045,-38.752310020965524,-45.69680848508142,-53.059696005424485,-60.84097258199472,,,,,,,,,,,,,,,,,,,,,,,,,,,,,,,,,,,,,,,,,,,1997.0,2000,1998.0,1999,2004,1994.0,2018,1991,2010,2004,1994,2002.0,1998.0,1997,3.482814485995242,-11.190566645094338,-16.10259839332169,-23.367286152732593,-35.93944175267356,-64.60497958752717,-206.54788680662693,216.40049651558164,75.5202608426224,47.08632170099644,34.772861545096795,27.849086146318196,23.38466974348384,20.25094265943525,17.920218073087327,16.112476482349567,14.665135992815953
591.0,Panama,42.831324811282684,59.122573013519286,62.522139225067804,65.9688109603012,69.46258821924857,73.00347100188083,82.49215698,77.85518646,82.35742188,84.25475311,89.36204529,92.49433899,99.24082947,105.5244522,109.5267334,113.1209946,117.9313431,118.090126,121.9702835,126.5344391,131.548111,135.8244629,140.3117676,144.8142853,,,,,,,,,,,,,,,,,,,,,,,,,,,,,,,,,,,,,,,,,,,1991.0,1978,1995.0,1989,1999,1989.0,2016,1990,2000,2003,1996,1996.0,1995.0,1978,-5.62110470832303,5.782833006652856,2.3037768627149644,6.061725886647729,3.505172346755276,7.293949612126409,6.331691062597892,3.7927524062522435,3.281629140598477,4.25239233177676,0.13464011841648515,3.2857594715412497,3.742022621436316,3.9622982767859014,3.2507892872745088,3.3037529500880582,3.2089380506100893
604.0,Peru,7605.35581164062,4246.974908858538,3705.478008195758,3207.374200835824,2752.663486763835,2341.345866009593,1973.4213385432959,1648.8899043649435,1367.751563489437,1130.0063159167767,935.6541616469622,784.6951006799936,585.6333618,595.2214355,732.3074951,743.1300659,703.4000854,718.2133179,709.8617554,1038.365845,1597.650757,1738.288696,1916.699951,2357.8476462215185,,,,,,,,,,,,,,,,,,,,,,,,,,,,,,,,,,,,,,,,,,,1993.0,1975,1993.0,1997,2002,1993.0,2016,1992,2005,2005,,1995.0,1993.0,1982,-16.44511629827156,-17.050158420600226,-17.382195269886562,-17.199209555933866,-16.134066106353504,-25.36803641407887,1.637214394775963,23.0311026155912,1.4778724610106744,-5.3463023934959875,2.1059469294173088,-1.1628247892171257,46.277192298504836,53.862028946069586,8.80279612949227,10.263614749986269,23.01600179993527
634.0,Qatar,-101.93963534710929,-77.34303663345054,-66.33227473823354,-53.291032125707716,-38.219308795407414,-21.117104747798294,-1.9844199824146926,19.178745499812067,42.37239170027897,67.59651861758903,67.23561859,151.4178162,164.5928497,190.7900543,238.9174805,250.274231,278.5010681,339.4151306,389.9695435,435.0499878,476.519989,541.0800171,574.0200195,634.1699829,,,,,,,,,,,,,,,,,,,,,,,,,,,,,,,,,,,,,,,,,,,1995.0,2001,1996.0,,2005,1996.0,2017,,2004,2004,2002,1999.0,1996.0,1984,-1066.46605404945,120.93411532414451,59.52962744169098,-0.5339032763369517,125.20476404528904,8.701111818042442,15.916368571143359,25.225332828054025,4.753419664493731,11.27836333257978,21.872110909868354,14.89456666549679,11.559991043249255,9.53223821697117,13.54823083822407,6.08782460245842,10.47872223209108
410.0,Republic of Korea,,,,,,,,,,,,,,,,,,,,3780.0,,,,,,,,,,,,,,,,,,,,,,,,,,,,,,,,,,,,,,,,,,,,,,,1994.0,1993,1995.0,,2002,1992.0,2016,1997,2003,2007,1996,1999.0,1993.0,1988,,,,,,,,,,,,,,,,,
498.0,Republic of Moldova,985.0162323163822,672.2000122,652.7999878,608,590.2999878,523.2999878,443.7999878,378.1000061,342.5,216.3999939,232.8999939,339.7000122,326.0,326.0,315.1000061,317.7999878,326.0,315.1000061,309.6000061,308.2000122,298.5,306.1000061,256.7000122,313.7999878,,,,,,,,,,,,,,,,,,,,,,,,,,,,,,,,,,,,,,,,,,,1998.0,2001,1996.0,2001,2003,1996.0,2017,2000,2005,2004,2007,1999.0,1995.0,2002,-14.8039620338178,-9.415500006785104,-36.817520029197084,7.624769161326672,45.8565998700097,-4.032973714447221,0.0,-3.343556411042953,0.856865010387578,2.580243082060938,-3.343556411042953,-1.7454775923598436,-0.4521944032351781,-3.147310777426375,2.5460656951423695,-16.138514510143935,22.243853870763466
642.0,Romania,-9309.476869493723,-5076.517177134752,-4340.821875154972,-3642.0921186953783,-2980.32790774107,-2355.5292422771454,-1767.696122288704,-1216.82854783535,-702.9265188872814,-225.99003544449806,213.9809025079012,616.9862949550152,983.0261418968439,1312.1004433333874,1758.904092,1660.273956,2068.49313,2060.273952,2701.369836,2597.260248,2517.808194,2468.493126,2704.109562,2550.684906,,,,,,,,,,,,,,,,,,,,,,,,,,,,,,,,,,,,,,,,,,,1991.0,1994,1994.0,1998,2001,1993.0,2017,1991,2003,2004,1996,1998.0,1994.0,1990,-31.163024430925635,-42.23290371205238,-67.8501195541412,-194.68599006457245,188.3370841620939,59.32706284318956,33.475640922586535,34.05254917310364,-5.607476635514018,24.587458745874578,-0.3973509933774752,31.117021276595736,-3.853955375253543,-3.0590717299578003,-1.9586507072905466,9.544950055493906,-5.673758865248232
882.0,Samoa,-7.299992738902802,-4.249995579688402,-3.7299960639720666,-3.2399965202857857,-2.7799969486513874,-2.34999734905432,-1.949997721501859,-1.5799980659794528,-1.2399983825089294,-0.9299986710757366,-0.6499989316871506,-0.39999916432861937,-0.17999936901469482,0.01000045424734708,0.17000030547205824,0.3000001846739906,0.4000000918167643,0.47000002691493137,0.50999999,0.519999981,0.5,0.45000004692701623,0.3700001218385296,0.2600002246981603,,,,,,,,,,,,,,,,,,,,,,,,,,,,,,,,,,,,,,,,,,,2002.0,2004,1994.0,2005,2000,1992.0,2016,2005,2002,2002,1995,1998.0,1994.0,2001,-18.974363479637194,-21.518993648878617,-25.000009339202535,-30.10754188118443,-38.46156588436641,-55.00006373342913,-105.55582739100082,1599.9258360404572,76.47037976840548,33.33328186162397,17.49997975756297,8.510629956263486,1.9607825874663334,-3.8461503328401085,-9.999990614596754,-17.777759276869922,-29.729692140040413
682.0,Saudi Arabia,-15689.880961939692,-9141.071434691548,-7987.166672185063,-6885.214290648699,-5835.214290127158,-4837.166670575738,-3891.071431994438,-2996.928574413061,-2154.7380977869034,-1364.5000021755695,-626.2142875343561,60.11904613673687,694.4999988079071,1276.928570523858,1807.4047612249851,2285.928570970893,2696.0,3092.0,3444.0,3626.0,4000.0,4022.0,4100.0,4300.0,,,,,,,,,,,,,,,,,,18.0,,,19.0,,,,,,,,,,,,,,,,,,,,,,1990.0,1996,2002.0,1991,2005,1993.0,2016,,2000,2012,1996,1997.0,1994.0,1978,-22.979348315974455,-28.101786736478967,-36.674438365524544,-54.10668475368888,-109.60039515761424,1055.2079472922974,83.86300543062288,41.543137411632976,26.47574135090714,17.938943247685955,14.688427299703264,11.384217335058215,5.284552845528456,10.314396028681742,0.5499999999999999,1.9393336648433617,4.878048780487805
688.0,Serbia,29.18059700599406,22.372343548719073,21.236421235778835,20.175741715647746,19.1903049882676,18.280111053813016,18.35599,15.61629,17.26011,13.15056,12.32865,17.53408,15.89026,14.24644,14.52041,11.50674,10.13689,13.6985,13.97247,13.97247,13.42453,14.79438,15.06835,13.6985,,,,,,,,20.0,20.0,20.0,,,,,,,,,,,,,,,,,,,,,,,,,,,,,,,,,2000.0,2006,2002.0,2008,2007,2001.0,2017,1992,2009,2009,2001,2007.0,2001.0,2001,-14.925373134328353,10.526315789473696,-23.80952380952381,-6.250000000000005,42.22222222222222,-9.375,-10.344827586206897,1.923076923076925,-20.75471698113207,-11.904761904761916,35.13513513513514,2.000000000000002,0.0,-3.921568627450972,10.204081632653057,1.8518518518518534,-9.090909090909099
702.0,Singapore,876,1177,1201,1209,1301,1308,1342.0,1280.0,1307.0,1303.3264689724892,1288.963425250724,1267.810204455629,1239.8668065816164,1205.1332316305488,1163.609479604289,1115.295550500974,1060.1914443206042,998.2971610687673,929.6127007361501,854.138063326478,771.8732488416135,682.8182572796941,586.9730886425823,484.3377429302782,,,,,,,,,,,,,,,,,,,,,,,,,,,,,,,,,,,,,,,,,,,1996.0,1986,1996.0,,2006,1989.0,2016,,2005,2005,1994,1999.0,1997.0,2012,-4.619970193740686,2.109375,-0.28106587815690603,-1.102029619109075,-1.6411032602403226,-2.204067909834414,-2.8013956633640364,-3.4455735628564605,-4.152074209617568,-4.940762666507359,-5.838028931793561,-6.8801618406972365,-8.118933546185913,-9.631325194018466,-11.537514960593395,-14.03670268263667,-17.485528331402005
703.0,Slovakia,-20997.260049521923,-13449.314924791455,-12128.766993701458,-10871.232760563493,-9676.71222539246,-8545.20538815856,-7476.712248876691,-6471.232807546854,-5528.76706418395,-4649.31501878798,-3832.8766713291407,-3079.452021807432,-2389.041070252657,-1761.6438166350126,-1197.2602609843016,-695.8904032856226,-257.53424352407455,117.80821827054024,430.13698211312294,679.4520480036736,865.7534159421921,989.041086,1049.315058,1046.575332,,,,,,,,,,,,,,,,,,,,,,,,,,,,,,,,,,,,,,,,,,,1993.0,1993,1994.0,1995,2002,1993.0,2016,1993,2007,2002,1996,2002.0,1994.0,1993,-13.448149505565112,-14.563928874012772,-15.906838453968724,-17.56040070762241,-19.65689778535036,-22.419928827127826,-26.261467893111313,-32.03732504387652,-41.87643021630807,-62.9921260146518,-145.7446810406506,265.1162783273205,57.96178339880167,27.41935482951274,14.240506336741966,6.0941828254847605,-0.26109660574412713
724.0,Spain,12376.097259931266,12093.840447410941,12045.84576256387,12000.669970270246,11958.31307052821,11918.775063337758,10547.9451,11726.02728,11917.8081,13013.6985,13589.04096,12320.54782,11808.21906,10791.78071,10424.65743,10717.80811,11460.27386,11786.30125,11813.69851,12021.91769,11923.28755,11846.57522,11591.78071,11689.121560380794,,,,,,,,,,,,,,,,,,,,,,,,,,,,,,,,,,,,,,,,,,,1994.0,1986,1994.0,1985,2002,1988.0,2017,1982,2004,2004,1997,1996.0,1993.0,1982,11.168831168831163,1.6355140186915882,9.195402298850576,4.421052631578946,-9.334677434072585,-4.158327758513585,-8.607888664965186,-3.401878613599086,2.8120893369251045,6.927402901599433,2.8448481596756636,0.23245002328444414,1.7625232252520047,-0.820419358569083,-0.6433823698229812,-2.1507862421693185,0.839740267833217
756.0,Switzerland,,,,,,,,,,,,,,,,,3862.977,,,3838.3197,,,,,,,,,,,,,,,,,,,,,,,,,,,,,,,,,,,,,,,,,,,,,,,1990.0,1974,1995.0,1995,2003,1988.0,2017,1976,2002,2003,2009,1996.0,1993.0,1975,,,,,,,,,,,,,,,,,
780.0,Trinidad and Tobago,234.33999630000002,234.33999630000002,234.33999630000002,234.33999630000002,234.33999630000002,234.33999630000002,234.33999630000002,234.33999630000002,234.33999630000002,234.33999630000002,234.33999630000002,234.33999630000002,234.33999630000002,234.33999630000002,234.33999630000002,234.33999630000002,234.33999630000002,234.33999630000002,234.33999630000002,234.33999630000002,234.3399963,234.3399963,234.3399963,234.33999630000002,,,,,,,,,,,,,,,,,,,,,21.0,21.0,21.0,,,,,,,,,,,,,,,,,,,,1994.0,1984,1996.0,2018,1999,1989.0,2018,1993,2009,2002,1986,2000.0,1994.0,2005,0.0,0.0,0.0,0.0,0.0,0.0,0.0,0.0,0.0,0.0,0.0,0.0,0.0,-1.2128407390609831e-14,0.0,0.0,1.2128407390609831e-14
788.0,Tunisia,196.37968506338075,371.2038077255711,401.18681795848534,429.5092234229669,456.17102412180975,481.1722200526856,504.5128112169914,526.1927976151928,546.2121792454273,564.5709561095573,581.269128206186,596.306695535779,595.4000244,622.7000122,642.5,654.2000122,657.4000244,650.2000122,641.0,630.2999878,658.7000122,672.4000244,652.1200215518475,647.2303316788748,,,,,,,,,,,,,22.0,22.0,22.0,22.0,22.0,22.0,22.0,22.0,22.0,22.0,,,,,,,,,,,,,,,,,,,,,1995.0,1974,1993.0,1987,2003,1989.0,2017,1981,2016,2004,1985,1995.0,1993.0,1975,4.297212264224715,3.8045715792702057,3.361107196381459,2.9576746582387683,2.587023222100129,-0.15204778724886742,4.585150601481893,3.1796992792800296,1.8210135719844274,0.48914890558298596,-1.0952254232986092,-1.4149510961820846,-1.6692686739469493,4.505794851611434,2.0798560719990316,-3.0160621820692115,-0.7498144070683018
792.0,Turkey,-1347.9642074517906,713.5186750814319,1140.0247947033495,1571.2674286924303,2007.2465770561248,2447.962239790708,2901.3423,3271.2018,3594.4864,4347.9039,5208.1697,5128.7184,5862.958,6021.8606,6169.8044,6912.2631,7498.5589,8241.0176,8983.4763,9224.5699,9594.4294,10093.0548,10580.7214,11190.78812642023,,,,,,,,,,,,,,,,,,20.0,,20.0,,20.0,,,,,,,,,,,,,,,,,,,,,1994.0,1996,1997.0,,2009,1991.0,,1994,2017,2009,,1998.0,2004.0,1983,12.747875354107652,9.882747068676716,20.96036585365855,19.78575929426591,-1.5255128879537205,14.316239316239315,2.710280373831782,2.4567788898999092,12.033747779751334,8.481965913594925,9.90135184508585,9.009308510638311,2.6837450442208004,4.009504009504015,5.197030268418036,4.831704668838224,5.765833002844487
804.0,Ukraine,16562.69922,15550.7002,14884.90039,14430,13860.2998,13465.7998,12753.40039,12191.7998,5783.600098,6486.923174083233,4437.719690978527,2202.2125135064125,-219.5983585715294,-2827.71292501688,-5622.131186068058,-8602.85314154625,-11769.878791570663,-15123.208136022091,-18662.84117501974,-22388.777908444405,-26301.018336474895,-30399.562458872795,-34684.41027587652,-39155.56178724766,,,,,,,,,,,,,,,,,,,,,,,,,,,,,,,,,,,,,,,,,,,1999.0,1999,1995.0,1999,2004,1988.0,2016,1991,2002,2007,1999,2002.0,1997.0,1988,-4.403536098814506,-52.561556186314675,12.160644999062884,-31.58976032415106,-50.37513257127739,-109.97171513760404,1187.6748912928756,98.82255855355248,53.017652147011084,36.813666325764835,28.490772112734163,23.40530532385235,19.964466816616536,17.474113343877097,15.583214573535878,14.095097002796164,12.890954396537287
784.0,United Arab Emirates,-8376.620611801744,-5027.379637405276,-4435.040074788034,-3868.5367228984833,-3327.8695817664266,-2813.0386513993144,-2324.043931759894,-1860.8854228779674,-1423.5631247535348,-1012.0770373642445,-626.4271607473493,-266.6134948581457,67.36396028101444,375.50520465523005,657.8102382943034,914.2790611833334,1144.9116733074188,1363.524048,1523.736816,1659.099976,1789.300049,1948.099976,2002.880493,2015.211792,,,,,,,,,,,,,,,,,,23.0,23.0,23.0,23.0,23.0,23.0,23.0,,,,,,,,,,,,,,,,,,,1992.0,1990,2000.0,2016,2005,1989.0,2016,2007,2002,2002,,1998.0,1995.0,2001,-19.928991124156482,-23.500764353782095,-28.905362904826013,-38.104794633148124,-57.43902698279133,-125.26652310561252,457.4274479837266,75.18005879526267,38.98826864629707,25.22562551367874,19.094256770136173,11.7499040985011,8.883631253023413,7.847632745671258,8.874974719234473,2.811997211379254,0.6156782215962284
834.0,United Republic of Tanzania,101.9040001409594,81.10114294732921,77.49771436722949,74.08000007318333,70.84800006524893,67.80171434348449,64.94114290789003,62.26628575846553,59.777142895211,57.473714318242855,55.356000027270056,53.42400002252543,51.67771430389257,50.117142871487886,48.74228572519496,47.553142865072004,46.54971429123543,45.732000003394205,45.100000001781154,44.66,44.36,44.38,44.38,44.74,,,,,,,,,,,,,,,,,,,,,,,,,,,,,,,,,,,,,,,,,,,1993.0,1979,1996.0,1999,2002,1993.0,2018,2000,2002,2004,1985,1997.0,1996.0,1977,-4.118894478371607,-3.997577232902658,-3.8533601062299714,-3.6846657921682486,-3.4901365774132174,-3.268728881956736,-3.0198151242287765,-2.743287161876688,-2.439653459887472,-2.1101204113547567,-1.7566472754811073,-1.381964492185218,-0.975609760008383,-0.6717420510523896,0.04508566275924961,0.0,0.8111762054979708
716.0,Zimbabwe,-2649.897859353572,-1651.4853047765791,-1476.6472729668021,-1310.0907341912389,-1151.8156884536147,-1001.822135746479,-860.1100760772824,-726.6795094422996,-601.5304358452559,-484.6628552824259,-376.0767677538097,-275.7721732631326,-183.74907180294394,-100.00746338069439,-24.547347992658615,42.63127436116338,101.52840367332101,152.14403995499015,209.2366943,204.3336792,251.9747009,276.3713379,301.8183899,268.2941895,,,,,,,,,,,,,,,,,,,,,,,,,,,,,,,,,,,,,,,,,,,2012.0,1981,1995.0,2012,2009,1992.0,2017,2013,2012,2012,1993,1997.0,1992.0,1982,-15.5131965484606,-17.22204520299343,-19.428373628112517,-22.404458345655602,-26.67130838465919,-33.36924838039524,-45.573894660026184,-75.4544839326489,-273.66957267201786,138.1547471773733,49.853670943680555,37.52539656624077,-2.3432864471516384,23.315305575919947,9.682177184003168,9.207558277699384,-11.107408137425752
,,,,,,,,,,,,,,,,,,,,,,,,,,,,,,,,,,,,,,,,,,,,,,,,,,,,,,,,,,,,,,,,,,,,,,,,,,,,,,,,,,,,,,,,,,,,,,,,,,
,,,,,,,,,,,,,,,,,,,,,,,,,,,,,,,,,,,,,,,,,,,,,,,,,,,,,,,,,,,,,,,,,,,,,,,,,,,,,,,,,,,,,,,,,,,,,,,,,,
