Country ID,Country,1990,1991,1992,1993,1994,1995,1996,1997,1998,1999,2000,2001,2002,2003,2004,2005,2006,2007,2008,2009,2010,2011,2012,2013,2014,2015,2016,2017,2018,Latest Year,"1000 t of
 CO₂ equivalent",%,kg of CO₂ equivalent,Basel Convention,CITES,Convention on Biological Diversity,Convention on Migratory Species,Kyoto Protocol,Montreal Protocol,Paris Agreement,Ramsar Convention,Rotterdam Convention,Stockholm Convention,UN Convention on the Law of the Sea,UN Convention to Combat Desertification,UN Framework Convention on Climate Change,World Heritage Convention,1990 Percent Change,1991 Percent Change,1992 Percent Change,1993 Percent Change,1994 Percent Change,1995 Percent Change,1996 Percent Change,1997 Percent Change,1998 Percent Change,1999 Percent Change,2000 Percent Change,2001 Percent Change,2002 Percent Change,2003 Percent Change,2004 Percent Change,2005 Percent Change,2006 Percent Change,2007 Percent Change,2008 Percent Change,2009 Percent Change,2010 Percent Change,2011 Percent Change,2012 Percent Change,2013 Percent Change,2014 Percent Change,2015 Percent Change,2016 Percent Change,2017 Percent Change
4,Afghanistan,,,,,,,,,,,,,,,,19328.02,,,,,,,,43377.0,,,,,,2013,43377.0,...,1.34,2013,1985,2002,2015,2013,2004.0,2017,...,2013,2013,...,1995.0,2002.0,1979,,,,,,,,,,,,,,,,,,,,,,,,,,,,
8,Albania,4341.63,6486.66,4581.28,4588.0,4906.36,4883.76,4998.58,5107.07,5830.67,6303.45,5775.17,6454.8,6471.21,6827.43,7192.71,7131.13,7183.33,7551.47,7630.94,8125.7,,,,,,,,,,2009,8125.7,87.16,2.73,1999,2003,1994,2001,2005,1999.0,2016,1996,2010 ,2004,2003,2000.0,1994.0,1989,49.40609863115925,-29.373822583579223,0.14668389620368663,6.938971229293803,-0.46062661525039855,2.351057382017128,2.1704163982571005,14.168593733784743,8.108502110392111,-8.380807335665386,11.768138427093923,0.2542294106711262,5.5046892312256945,5.350183011762841,-0.8561446242097892,0.7320018005561505,5.124921171657161,1.0523778813926208,6.483604903196725,,,,,,,,,
12,Algeria,,,,,91758.0,,,,,,111022.59,,,,,,,,,,,,,,,,,,,2000,111022.59,...,3.58,1998,1983,1995,2005,2005,1992.0,2016,1984,...,2006,1996,1996.0,1993.0,1974,,,,,,,,,,,,,,,,,,,,,,,,,,,,
24,Angola,,,,,,,,,,,46188.93,,,,,61610.76,,,,,,,,,,,,,,2005,61610.76,...,3.17,2017,2013,1998,2006,2007,2000.0,...,...,...,2006,1990,1997.0,2000.0,1991,,,,,,,,,,,,,,,,,,,,,,,,,,,,
28,Antigua and Barbuda,388.63,,,,,,,,,,597.75,,,,,,,,,,,,,,,,,,,2000,597.75,53.81,7.86,1993,1997,1993,2007,1998,1992.0,2016,2005,2010,2003,1989,1997.0,1993.0,1983,,,,,,,,,,,,,,,,,,,,,,,,,,,,
32,Argentina,231057.28,,,,257522.43,,,270910.29,,,282000.76,,,,,,,,,,332498.16,,338963.35,,,,,,,2012,338963.35,46.70,8.12,1991,1981,1995,1992,2005,1990.0,2016,1992,2004,2005,1995,1997.0,1994.0,1978,,,,,,,,,,,,,,,,,,,,,,,,,,,,
51,Armenia,24954.83,,,,,,,,,,5525.91,,,,,,7021.64,,,,7202.17,,,,,,,,,2010,7202.17,-71.14,2.5,1999,2008,1993,2011,2003,1999.0,2017,1993,2003,2003,2002,1997.0,1993.0,1993,,,,,,,,,,,,,,,,,,,,,,,,,,,,
36,Australia,424998.38,426015.21,430216.38,430612.56,430653.33,439004.9,446681.85,458841.6,472629.67,478199.84,489373.84,496982.31,500807.89,502301.78,520315.18,526206.97,530787.99,536888.6,540669.0,544285.46,540571.41,542511.92,544732.76,535006.81,530411.02,538618.78,548862.55,556612.27,558047.22,2018,558047.22,31.31,22.41,1992,1976,1993,1991,2007,1989.0,2016,1975,2004,2004,1994,2000.0,1992.0,1974,0.2392550296309403,0.98615493094718,0.09208854390899598,0.009467907763772295,1.9392790948580398,1.7487162443972613,2.722239553722633,3.0049738297486557,1.1785485240484461,2.3366799955432858,1.554735741493655,0.7697618050026803,0.2982960192580061,3.58617084733404,1.1323502035823707,0.8705737972265968,1.1493496678400705,0.7041311735805199,0.6688861392090101,-0.6823717098744343,0.35897384954191514,0.40936243391665333,-1.7854534763064285,-0.8590152338434789,1.5474339126664467,1.901859047692325,1.411960061767736,0.2578006410099356
40,Austria,78492.61,82157.14,75524.0,75771.05,76016.83,79382.99,82605.5,82175.96,81511.96,79931.07,80261.99,84151.51,85906.92,91545.24,91139.81,92427.27,90022.83,87337.77,86747.76,80163.13,84612.84,82286.89,79528.79,79971.98,76346.01,78509.78,79467.29,82023.36,78950.34,2018,78950.34,0.58,8.88,1993,1982,1994,2005,2002,1989.0,2016,1983,2002,2002,1995,1997.0,1994.0,1992,4.668630588280857,-8.073723111588354,0.327114559610194,0.32437190721258163,4.428177286529842,4.059446488473154,-0.519989589070938,-0.8080222001665693,-1.9394577188427309,0.4140067185388588,4.846029857968871,2.0860112908253265,6.563289662811806,-0.442873927688657,1.4126208953036072,-2.601440029549723,-2.9826434027901563,-0.67554965051204,-7.590547583015389,5.550818686845176,-2.7489326679024098,-3.3518097475794817,0.5572698893067559,-4.534050551205562,2.834162518774726,1.2196060159638644,3.2165058101264146,-3.746518065097558
31,Azerbaijan,73385.78,66568.96,57604.85,50842.94,45065.06,47539.94,40316.85,39318.38,38821.97,39090.76,40624.5,40828.82,40779.79,43684.26,46259.96,49322.49,49235.65,46944.33,53779.54,48281.83,48048.28,49128.55,51803.95,57994.77,,,,,,2013,57994.77,-20.97,6.18,2001,1998,2000,...,2000,1996.0,2017,2001,...,2004,2016,1998.0,1995.0,1993,-9.28902029793782,-13.465900623954477,-11.7384386904922,-11.364173668949915,5.491793420445918,-15.193729735460337,-2.4765575683616188,-1.2625393009579648,0.6923656888097149,3.9235358944159637,0.5029477285874281,-0.12008674264893975,7.122327015416217,5.896174045296857,6.620260804375963,-0.17606572579769697,-4.653782371107114,14.560246146872261,-10.222679479965798,-0.48372234440990103,2.2483010838265263,5.445713337763874,11.950478679714578,,,,,
44,Bahamas,1915.2,,,,2197.2,,,,,,724.58,,,,,,,,,,,,,,,,,,,2000,724.58,-62.17,2.43,1992,1979,1993,...,1999,1993.0,2016,1997,...,2005,1983,2000.0,1994.0,2014,,,,,,,,,,,,,,,,,,,,,,,,,,,,
48,Bahrain,,,,,19598.96,,,,,,22372.8,,,,,,,,,,,,,,,,,,,2000,22372.8,...,33.66,1992,2012,1996,...,2006,1990.0,2016,1998,2012,2006,1985,1997.0,1994.0,1991,,,,,,,,,,,,,,,,,,,,,,,,,,,,
50,Bangladesh,,,,,45926.15,,,,,,,84906.86,,,,99442.24,,,,,,,,,,,,,,2005,99442.24,...,0.72,1993,1981,1994,2005,2001,1990.0,2016,1992,...,2007,2001,1996.0,1994.0,1983,,,,,,,,,,,,,,,,,,,,,,,,,,,,
52,Barbados,3276.39,,,,3750.5,,,4056.44,,,1516.0,1435.0,1544.0,1544.0,1594.0,1643.0,1673.0,1773.0,1865.0,1921.0,1979.0,,,,,,,,,2010,1979.0,-39.60,7.01,1995,1992,1994,...,2000,1992.0,2016,2006,...,2004,1993,1997.0,1994.0,2002,,,,,,,,,,,-5.343007915567282,7.595818815331011,0.0,3.2383419689119166,3.0740276035131746,1.8259281801582472,5.977286312014345,5.1889452904681335,3.0026809651474533,3.019260801665799,,,,,,,,
112,Belarus,137766.41,129185.87,118221.92,105280.61,88379.27,81851.22,83443.71,84415.87,85898.56,79655.96,79588.94,79623.44,78345.45,80496.12,85276.39,86694.06,90609.15,90175.18,93988.59,90091.83,92278.15,91896.01,92826.79,93891.18,93037.12,88445.26,90043.58,91112.5,91992.61,2018,91992.61,-33.23,9.73,1999,1995,1993,2003,2005,1988.0,2016,1991,...,2004,2006,2001.0,2000.0,1988,-6.2283251773781485,-8.486957590640523,-10.946624788364119,-16.05361139149934,-7.386404074168073,1.94559103700593,1.1650488694713943,1.7564114425403687,-7.2674093721710715,-0.08413683043930933,0.0433477314812837,-1.6050424347403291,2.7451115540213227,5.938509831281314,1.6624413861796896,4.515984140089871,-0.4789472144921359,4.228890920982917,-4.1459926146354515,2.426768331823199,-0.41411753486605385,1.0128622559347231,1.146640964316443,-0.9096275070778722,-4.935513911006704,1.8071290649154144,1.1871140618798122,0.965959665249006
56,Belgium,146410.76,149137.37,148737.28,147741.14,152361.11,154495.96,158184.69,149720.79,154897.83,148647.76,149704.63,148114.45,148157.11,148419.33,149273.6,146251.99,143391.88,139789.97,139699.33,127051.68,134315.86,123782.51,120922.5,120949.31,115215.77,119418.39,118172.44,118005.1,118455.74,2018,118455.74,-19.09,10.32,1993,1983,1997,1990,2002,1988.0,2017,1986,2002,2006,1998,1997.0,1996.0,1996,1.8623016505070977,-0.26826944849570333,-0.6697312200411255,3.1270707671539366,1.401177767738766,2.3875899408631853,-5.350644237441685,3.457796342111192,-4.034962917169323,0.7109895231519098,-1.0622116363401672,0.02880205138659623,0.17698779356589853,0.5755786662020498,-2.024209237266345,-1.9556041596425364,-2.5119344275282556,-0.064840131234032,-9.05347935455381,5.717500154267928,-7.842223546794841,-2.310512204026235,0.022171225371620393,-4.740448705329525,3.647608309175033,-1.0433485160870088,-0.14160662164545007,0.38188180002389677
84,Belize,,,,,6335.01,,,,,,11779.02,,,1277.13,,,1302.15,,,1202.82,,,,,,,,,,2009,1202.82,...,3.82,1997,1986,1994,...,2003,1998.0,2016,1998,2005,2010,1983,1998.0,1994.0,1990,,,,,,,,,,,,,,,,,,,,,,,,,,,,
204,Benin,,,,,,39347.62,,,,,6251.03,,,,,,,,,,,,,,,,,,,2000,6251.03,...,0.91,1997,1984,1994,1986,2002,1993.0,2016,2000,2004,2004,1997,1996.0,1994.0,1982,,,,,,,,,,,,,,,,,,,,,,,,,,,,
64,Bhutan,,,,,1292.59,,,,,,1555.9,,,,,,,,,,,,,,,,,,,2000,1555.9,...,2.63,2002,2002,1995,...,2002,2004.0,2017,2012,...,...,...,2003.0,1995.0,2001,,,,,,,,,,,,,,,,,,,,,,,,,,,,
68,Bolivia (Plurinational State of),15323.57,,,,20693.76,,,,48078.28,,42969.19,,30844.61,,43665.1,,,,,,,,,,,,,,,2004,43665.1,184.95,4.81,1996,1979,1995,2003,1999,1994.0,2016,1990,2003,2003,1995,1996.0,1994.0,1976,,,,,,,,,,,,,,,,,,,,,,,,,,,,
70,Bosnia and Herzegovina,34043.49,30796.73,10566.84,4009.57,4473.75,4457.51,7389.56,10243.55,14224.54,14598.5,15249.48,16118.46,16080.08,16436.75,17451.84,16461.55,18721.69,18788.5,20379.4,23782.87,25740.2,28107.84,21816.44,24029.0,25740.0,,,,,2014,25740.0,-24.39,7.39,2001,2009,2002,2017,2007,1993.0,2017,1992,2007,2010,1994,2002.0,2000.0,1993,-9.53709505106556,-65.68843510333727,-62.055165025684126,11.576802500018701,-0.36300642637607783,65.77775484519385,38.62192065562765,38.86338232351091,2.6289778087727202,4.45922526286947,5.698423815107136,-0.2381120777046889,2.218085979671743,6.175734254034405,-5.674415992812224,13.729812806205974,0.35685880922075575,8.467413577454302,16.700540742121934,8.229999154853902,9.1982191280565,-22.383078884752443,10.141709646486785,7.120562653460402,,,,
72,Botswana,,,,,9291.74,,,,,,6139.54,,,,,,,,,,,,,,,23977.58,,,,2015,23977.58,...,11.31,1998,1977,1996,...,2003,1991.0,2016,1997,2008,2002,1990,1996.0,1994.0,1998,,,,,,,,,,,,,,,,,,,,,,,,,,,,
76,Brazil,549508.95,571124.5,579937.39,592150.01,610399.21,636112.07,642566.41,667841.99,686733.41,702806.13,726356.22,745108.42,761523.8,779225.0,814206.76,829852.13,835405.2,840726.07,868919.21,855372.9,917073.32,953766.85,983403.27,1023745.34,1051252.38,1026660.5,,,,2015,1026660.5,86.83,5.02,1992,1975,1994,2015,2002,1990.0,2016,1993,2004,2004,1988,1997.0,1994.0,1977,3.933612000314107,1.5430768597740097,2.1058514609654666,3.081854207855194,4.212466133434214,1.0146545403548286,3.9335358348407845,2.828725998495549,2.34045988821193,3.3508657643609294,2.5816809278510853,2.203086095846294,2.324444751431269,4.4893015496166075,1.9215475440169514,0.6691637942774152,0.636920861876368,3.3534275914627,-1.5589838323404013,7.213277390480798,4.001155545556601,3.107302376885928,4.102291626506382,2.6869025845822088,-2.3392936337513826,,,
96,Brunei Darussalam,,,,,,,,,,,,,,,,,,,,,9488.83,,,,,,,,,2010,9488.83,...,24.42,2002,1990,2008,...,2009,1993.0,2016,...,...,...,1996,2002.0,2007.0,2011,,,,,,,,,,,,,,,,,,,,,,,,,,,,
100,Bulgaria,101794.34,83349.88,77727.07,76742.25,73107.41,74614.54,74782.9,71967.78,67955.96,60709.3,59580.03,62640.66,59963.84,64510.04,63592.41,64117.73,64678.35,68555.8,67142.57,58154.08,60726.73,65995.81,60940.95,55666.99,58679.25,61920.68,59345.03,61682.76,57815.59,2018,57815.59,-43.20,8.2,1996,1991,1996,1999,2002,1990.0,2016,1976,2000,2004,1996,2001.0,1995.0,1974,-18.119337479863802,-6.746032507785251,-1.2670231876745217,-4.736426153780996,2.0615283731156526,0.22563966755005205,-3.764389987550624,-5.574466796113472,-10.663759293518925,-1.860126866888605,5.137006476834611,-4.273294693893721,7.581569159013172,-1.422460751845755,0.8260734260582351,0.8743603368366212,5.994973588534656,-2.0614302509780296,-13.387170017471783,4.4238512585875345,8.676706287330132,-7.659365041507939,-8.65421362811049,5.411214078576912,5.523979941802256,-4.159595792552668,3.939217824980463,-6.269450329395126
854,Burkina Faso,,,,,5968.24,,,,,,,,,,,,,20413.01,,,,,,,,,,,,2007,20413.01,...,1.43,1999,1989,1993,1990,2005,1989.0,2016,1990,2002,2004,2005,1996.0,1993.0,1987,,,,,,,,,,,,,,,,,,,,,,,,,,,,
108,Burundi,,,,,,,,,1995.44,,,,,,,1480.91,,,,,1939.17,,,,,1707.29,,,,2015,1707.29,...,0.17,1997,1988,1997,2011,2001,1997.0,...,2002,2004,2005,...,1997.0,1997.0,1982,,,,,,,,,,,,,,,,,,,,,,,,,,,,
132,Cabo Verde,,,,,,292.92,,,,,447.66,,,,,,,,,,,,,,,,,,,2000,447.66,...,1.05,1999,2005,1995,2006,2006,2001.0,2017,2005,2006,2006,1987,1995.0,1995.0,1988,,,,,,,,,,,,,,,,,,,,,,,,,,,,
116,Cambodia,,,,,12762.59,,,,,,24109.09,,,,,,,,,,,,,,,,,,,2000,24109.09,...,1.98,2001,1997,1995,...,2002,2001.0,2017,1999,2013,2006,...,1997.0,1995.0,1991,,,,,,,,,,,,,,,,,,,,,,,,,,,,
120,Cameroon,,,,,165725.02,,,,,,28939.0,,,,,,,,,,,,,,,,,,,2000,28939.0,...,1.87,2001,1981,1995,1983,2002,1989.0,2016,2006,2002,2009,1985,1997.0,1994.0,1982,,,,,,,,,,,,,,,,,,,,,,,,,,,,
124,Canada,603221.87,594872.98,612470.51,615048.51,636374.33,653057.98,674575.22,686114.63,693059.08,707363.77,730681.59,719697.17,723948.36,740245.8,741584.48,729747.17,720516.11,742313.66,722567.97,680493.57,690530.62,702412.98,710108.3,720877.45,721353.74,720380.18,706196.41,713838.21,729349.27,2018,729349.27,20.91,19.67,1992,1975,1993,...,2002,1988.0,2016,1981,2002,2001,2003,2016.0,1992.0,1976,-1.3840496200842343,2.958199580690323,0.4209182251076872,3.467339511154974,2.6216723732398233,3.2948437441955756,1.710618720918926,1.0121413676895292,2.063992870564521,3.296439680533815,-1.503311449245618,0.5906914987591161,2.2511881924837924,0.18084263362249872,-1.596218680304628,-1.2649668788712198,3.0252689284074505,-2.660019754991449,-5.822898571050696,1.4749661778582341,1.7207578716784473,1.095554925536835,1.5165503628108425,0.06607086960481803,-0.13496291015278294,-1.9689284066643835,1.082106888648716,2.1729097409901965
140,Central African Republic,,,,,37737.0,,,,,,,,,32263.41,32278.75,32295.57,9756.02,9777.2,9782.46,5201.63,5225.25,,,,,,,,,2010,5225.25,...,1.19,2006,1980,1995,...,2008,1993.0,2016,2006,...,2008,...,1996.0,1995.0,1980,,,,,,,,,,,,,,0.047546121132267624,0.052108585369630825,-69.79146056254774,0.21709672591897403,0.053798633555602826,-46.8269739922269,0.4540884299729102,,,,,,,,
148,Chad,,,,8021.11,,,,,24245.39,23065.11,22880.45,24406.47,22584.31,25714.0,,,,,,,,,,,,,,,,2003,25714.0,...,2.74,2004,1989,1994,1997,2009,1994.0,2017,1990,2004,2004,2009,1996.0,1994.0,1999,,,,,,,,,-4.868059453776569,-0.8006031620920075,6.66953665684023,-7.465889167913262,13.857806592275782,,,,,,,,,,,,,,,
152,Chile,49990.2,,,50171.86,56201.6,,,,,,74101.41,,,,,,78955.19,,,,89416.32,,,101480.59,,,108800.02,,,2016,108800.02,117.64,5.98,1992,1975,1994,1983,2002,1990.0,2017,1981,2005,2005,1997,1997.0,1994.0,1980,,,,12.018171142150196,,,,,,,,,,,,,,,,,,,,,,,,
156,China,,,,,4057617.0,,,,,,,,,,,8015000.0,,,,,10543331.0,,11895765.0,,12300200.0,,,,,2014,12300200.0,...,8.79,1991,1981,1993,...,2002,1991.0,2016,1992,2005,2004,1996,1997.0,1993.0,1985,,,,,,,,,,,,,,,,,,,,,,,,,,,,
170,Colombia,118729.57,,,,137475.64,,,,,,147282.17,,,,153884.77,,,,,,,,,,,,,,,2004,153884.77,29.61,3.66,1996,1981,1995,...,2001,1993.0,2018,1998,2008,2008,...,1999.0,1995.0,1983,,,,,,,,,,,,,,,,,,,,,,,,,,,,
174,Comoros,,,,,512.13,,,,,,285.05,,,,,,,,,,,,,,,,,,,2000,285.05,...,0.53,1994,1994,1994,...,2008,1994.0,2016,1995,...,2007,1994,1998.0,1994.0,2000,,,,,,,,,,,,,,,,,,,,,,,,,,,,
178,Congo,,,,,1374.69,,,,,,2065.05,,,,,,,,,,,,,,,,,,,2000,2065.05,...,0.66,2007,1983,1996,2000,2007,1994.0,2017,1998,2006,2007,2008,1999.0,1996.0,1987,,,,,,,,,,,,,,,,,,,,,,,,,,,,
184,Cook Islands,,,,,80.3,,,,,,,,,,,,,,,,,,,,,,,,,1994,80.3,...,4.21,,,,,,,,,,,,,,,,,,,,,,,,,,,,,,,,,,,,,,,,,,
188,Costa Rica,6091.36,,,,,,10794.44,,,,11033.31,,,,,12114.03,,,,,,,,,,,,,,2005,12114.03,98.87,2.83,1995,1975,1994,2007,2002,1991.0,2016,1992,2009,2007,1992,1998.0,1994.0,1977,,,,,,,,,,,,,,,,,,,,,,,,,,,,
384,Côte d’Ivoire,,,,,24726.54,,,,,,271197.46,,,,,,,,,,,,,,,,,,,2000,271197.46,...,16.48,1994,1994,1995,2003,2007,1993.0,2016,1996,2004,2004,1984,1997.0,1994.0,1981,,,,,,,,,,,,,,,,,,,,,,,,,,,,
191,Croatia,31875.85,25034.42,23037.6,23009.78,22116.19,22739.43,23288.23,24534.4,24923.52,26053.24,25708.82,26894.15,28007.78,29468.13,29465.49,29920.38,30299.87,31726.83,30822.85,28468.42,28033.73,27707.92,25887.46,24463.77,23697.28,24125.31,24275.34,25032.08,23792.8,2018,23792.8,-25.36,5.72,1994,2000,1997,2000,2007,1992.0,2017,1991,2007,2007,1995,2000.0,1996.0,1992,-21.462737464255856,-7.976298232593365,-0.12075910685140688,-3.8835225717064668,2.8180260704940663,2.4134290085547407,5.351072193979542,1.586017999217421,4.532746578332439,-1.321985288585995,4.610596674604286,4.1407889819904975,5.214086942985135,-0.00895883111686903,1.5438059913478426,1.2683328219761847,4.709459149494711,-2.849260389392836,-7.638586308534093,-1.5269200046929148,-1.1622070983775663,-6.570179212297419,-5.499535296239951,-3.133163858227908,1.8062410538255973,0.6218780193912485,3.1173198809985836,-4.950767175560331
192,Cuba,47641.49,,33265.77,,32590.16,,37331.09,,39023.34,,37697.2,,36296.71,,,,,,,,,,,,,,,,,2002,36296.71,-23.81,3.24,1994,1990,1994,2008,2002,1992.0,2016,2001,2008,2007,1984,1997.0,1994.0,1981,,,,,,,,,,,,,,,,,,,,,,,,,,,,
196,Cyprus,5690.44,6207.65,6662.69,6944.99,7204.88,7143.86,7490.33,7581.99,7909.48,8187.1,8457.56,8401.04,8634.01,9023.85,9235.4,9390.6,9600.37,9943.99,10094.96,9849.21,9518.12,9167.14,8631.48,7915.92,8291.26,8345.5,8794.1,8974.4,8811.61,2018,8811.61,54.85,7.41,1992,1974,1996,2001,1999,1992.0,2017,2001,2004,2005,1988,2000.0,1997.0,1975,9.089103830283776,7.3303101817918215,4.2370273868362505,3.7421220188942006,-0.8469259723964929,4.84989907416999,1.2237111048511862,4.3193145862761595,3.509965256881626,3.303489636134884,-0.6682778484574584,2.7731090436422074,4.515167344026706,2.344343046482369,1.6804902873725096,2.2338295742551106,3.5792370502386777,1.5182034575658196,-2.4343830981004384,-3.3615894066630556,-3.687492908263411,-5.843261911566747,-8.290119423320213,4.741584048348141,0.6541828383140774,5.375351986100298,2.05023822790279,-1.813937422000346
203,Czechia,197202.55,178986.52,172533.93,164898.96,157406.67,156526.03,159559.05,154994.17,148844.49,139281.76,149457.61,149497.29,145776.8,148967.36,150048.22,147905.91,149080.89,150918.18,146084.37,137219.22,139900.21,138359.07,134202.23,128984.26,126856.68,128303.74,130134.22,129059.0,127449.6,2018,127449.6,-35.37,11.95,1993,1993,1994,1994,2001,1993.0,2017,1993,2000,2002,1996,2000.0,1993.0,1993,-9.237218281406605,-3.605070370662548,-4.425199147785019,-4.543564131635505,-0.5594680327078985,1.9377096576205182,-2.860934556830199,-3.9676847200123864,-6.424644943188682,7.305945875468529,0.026549333954973667,-2.4886671858734157,2.1886610215068503,0.7255683392657394,-1.4277476933748348,0.7944104464791234,1.2324114780908397,-3.2029341991799782,-6.068513695202296,1.9538006410472166,-1.101599490093678,-3.0043856177986714,-3.8881395637017473,-1.6494880848252351,1.140704612480803,1.4266770399678106,-0.8262392474477513,-1.2470265537467315
408,Democratic People's Republic of Korea,207544.0,,,,157529.0,,,,,,81892.0,,87330.0,,,,,,,,,,,,,,,,,2002,87330.0,-57.92,3.74,2008,...,1995,...,2005,1995.0,2016,1998,2004,2002,...,2003.0,1994.0,1998,,,,,,,,,,,,,,,,,,,,,,,,,,,,
180,Democratic Republic of the Congo,,,,,44641.58,,,,,48207.0,46749.16,46007.38,45914.01,45998.98,,,,,,,,,,,,,,,,2003,45998.98,...,0.89,1994,1976,1995,1990,2005,1994.0,2017,1996,2005,2005,1989,1997.0,1995.0,1974,,,,,,,,,,-3.0241251270562297,-1.5867236972814187,-0.20294570132008247,0.18506333905490102,,,,,,,,,,,,,,,
208,Denmark,71000.02,81630.67,75643.54,77804.11,81684.72,78731.96,91922.97,82464.94,78486.88,76046.63,71773.41,73508.24,72974.28,78060.17,71947.75,67541.34,75268.34,70696.82,67108.81,64354.79,64654.77,59421.5,54837.72,56561.6,52361.36,49742.09,51798.27,49678.02,49694.48,2018,49694.48,-30.01,8.64,1994,1977,1994,1983,2002,1988.0,2016,1978,2004,2003,2004,1995.0,1993.0,1979,14.972742261199354,-7.334412421213749,2.8562518359135587,4.987667103961475,-3.614825392068424,16.75432695947109,-10.289082260940871,-4.823940937809447,-3.109118364750898,-5.619210213522941,2.4170929039041082,-0.726394755200242,6.969428132761296,-7.83039545007396,-6.124458374306359,11.440400797496764,-6.073629363953011,-5.075207060232708,-4.103812897293213,0.4661346886533169,-8.094174644809652,-7.714009239080129,3.1436026151342493,-7.425956832904299,-5.0022955859053395,4.133682360351164,-4.093283424330582,0.03313336562126752
262,Djibouti,,,,,510.76,,,,,,1071.81,,,,,,,,,,,,,,,,,,,2000,1071.81,...,1.49,2002,1992,1994,2004,2002,1999.0,2016,2003,2004,2004,1991,1997.0,1995.0,2007,,,,,,,,,,,,,,,,,,,,,,,,,,,,
212,Dominica,,,,,152.19,,,,,,173.9,184.38,177.34,176.8,167.21,181.89,172.36,179.21,174.07,184.52,192.54,206.3,211.4,213.31,219.71,222.64,222.29,211.53,,2017,211.53,...,2.96,1998,1995,1994,...,2005,1993.0,2016,...,2005,2003,1991,1997.0,1993.0,1995,,,,,,,,,,,6.026451983898786,-3.818201540297208,-0.3044998308334228,-5.424208144796381,8.779379223730626,-5.2394304249821175,3.9742399628684115,-2.8681435187768622,6.003331992876439,4.346412313028388,7.14656694712788,2.472127968977215,0.9035004730368952,3.0003281608926002,1.3335760775567695,-0.15720445562342542,-4.840523640289708,
214,Dominican Republic,12640.92,,,,20441.8,,,,23749.48,,26433.24,,,,,,,,,,25230.77,,,,,,,,,2010,25230.77,99.60,2.6,2000,1986,1997,2017,2002,1993.0,2017,2002,2006,2007,2009,1997.0,1998.0,1985,,,,,,,,,,,,,,,,,,,,,,,,,,,,
218,Ecuador,178646.8,,,,33494.53,,,,,,37033.73,,,,,,48201.19,,,,56333.13,,60191.63,,,,,,,2012,60191.63,-66.31,3.89,1993,1975,1993,2004,2000,1990.0,2017,1991,2004,2004,2012,1995.0,1993.0,1975,,,,,,,,,,,,,,,,,,,,,,,,,,,,
818,Egypt,116739.56,,,,,,,,,,193237.58,,,,,241631.56,,,,,,,,,,,,,,2005,241631.56,106.98,3.2,1993,1978,1994,1983,2005,1988.0,2017,1988,...,2003,1983,1995.0,1994.0,1974,,,,,,,,,,,,,,,,,,,,,,,,,,,,
222,El Salvador,,,,,11716.71,,,,,,,,,,,11069.0,,,,,,,,,,,,,,2005,11069.0,...,1.83,1991,1987,1994,...,1998,1992.0,2017,1999,1999,2008,...,1997.0,1995.0,1991,,,,,,,,,,,,,,,,,,,,,,,,,,,,
232,Eritrea,,,,,4167.71,833.29,928.01,855.1,708.82,758.47,3934.0,,,,,,,,,,,,,,,,,,,2000,3934.0,...,1.72,2005,1994,1996,2005,2005,2005.0,...,...,2005,2005,...,1996.0,1995.0,2001,,,,,-80.00604648595991,11.366991083536346,-7.856596372883909,-17.106771137878606,7.004599193025024,418.67575513863426,,,,,,,,,,,,,,,,,,
233,Estonia,40277.31,37156.12,27157.9,21206.14,21900.77,20109.1,20797.26,20423.99,18916.39,17585.33,17246.55,17619.03,17067.92,18971.86,19305.7,19012.24,18295.81,22023.1,19872.67,16519.6,21019.06,21058.29,19966.95,21848.04,21056.79,18109.74,19640.42,20923.49,19974.14,2018,19974.14,-50.41,15.1,1992,1992,1994,2008,2002,1996.0,2016,1994,2006,2008,2005,2012.0,1994.0,1995,-7.749251377512538,-26.90867614810158,-21.915391101668398,3.275607913557116,-8.180853915181986,3.4221322684754663,-1.7948037385693925,-7.381515560867403,-7.036543441956937,-1.9264921386178278,2.1597362950851013,-3.127924749546375,11.155079236368595,1.759658778844036,-1.5200692023599203,-3.768256659920137,20.37236941135701,-9.764429167555887,-16.872770493345886,27.237100171917017,0.1866401256764078,-5.182472081066412,9.42101823262942,-3.6216063317350202,-13.995722994815447,8.452247243748372,6.532803269991189,-4.537244981597248
748,Eswatini,,,,,7538.68,,,,,,,,,,,,,,,,,,,,,,,,,1994,7538.68,...,8.31,2005,1997,1995,2013,2006,1992.0,2016,2013,2012,2006,2012,1996.0,1996.0,2005,,,,,,,,,,,,,,,,,,,,,,,,,,,,
231,Ethiopia,43018.0,44607.0,43683.0,44095.0,45525.57,45164.66,47441.01,68313.47,69184.28,69450.89,67907.18,71058.02,78599.97,78329.96,81163.65,62776.98,72297.33,74642.46,83531.34,86741.5,92482.99,90195.1,94222.52,94995.96,,,,,,2013,94995.96,120.83,1.0,2000,1989,1994,2010,2005,1994.0,2017,...,2003,2003,...,1997.0,1994.0,1977,3.6938025942628667,-2.071423767570112,0.9431586658425475,3.2442907359111004,-0.7927632756712244,5.040113221266358,43.996660273463824,1.2747266388312548,0.3853621082708392,-2.2227360945266597,4.639921728453474,10.61379137780647,-0.34352430414412977,3.617632384849919,-22.653823478860293,15.165352012791947,3.243729747696083,11.908610729067597,3.8430605806156155,6.61908083212765,-2.473849515462248,4.4652314815328085,0.8208653302841002,,,,,
242,Fiji,,,,,1391.33,,,,,,,,,,2710.07,,,,,,,,,,,,,,,2004,2710.07,...,3.31,...,1997,1993,2013,1998,1989.0,2016,2006,...,2001,1982,1998.0,1993.0,1990,,,,,,,,,,,,,,,,,,,,,,,,,,,,
246,Finland,71065.26,68854.17,67416.61,69684.06,75215.37,71656.56,77633.33,76321.12,72626.36,72016.77,70145.35,75475.58,77909.24,85532.07,81839.01,69837.08,81207.9,79544.79,71452.38,67834.7,75649.74,67899.41,62419.24,62856.36,58700.07,55086.25,58039.64,55336.72,56359.07,2018,56359.07,-20.69,10.21,1991,1976,1994,1989,2002,1988.0,2016,1975,2004,2002,1996,1995.0,1994.0,1987,-3.1113514535794238,-2.087832879257709,3.3633402806815664,7.937697659981346,-4.731493044573201,8.34085532434156,-1.6902662812480238,-4.841071514673782,-0.8393508913292592,-2.598589189712338,7.598835845854351,3.224433651255152,9.784243820116846,-4.317748886470317,-14.665292260988977,16.281923585579456,-2.0479657767286197,-10.17340042006521,-5.063064379381075,11.520711376331006,-10.245018687440302,-8.071012693630188,0.7002968956366701,-6.612361899416384,-6.156415145671887,5.361392361977806,-4.65702406148625,1.847507405570837
250,France,551404.78,578699.48,566925.42,544411.47,538971.27,546666.86,564234.85,557026.92,570706.96,562824.23,556689.81,561632.97,555016.01,559892.55,558006.76,559561.38,547350.92,536920.91,529131.49,510222.31,516993.59,488626.08,489044.21,490340.67,460180.56,464049.06,465667.52,470593.2,452209.68,2018,452209.68,-17.99,6.96,1991,1978,1994,1990,2002,1988.0,2016,1986,2004,2004,1996,1997.0,1994.0,1975,4.95002963158933,-2.0345724174488526,-3.9712366399093675,-0.9992809299186797,1.4278293535015265,3.2136555707803454,-1.2774698337048722,2.4559028493631727,-1.3812219847467748,-1.0899353071561837,0.8879558977377214,-1.1781644514209988,0.8786305101361016,-0.33681284024944375,0.27860235958431673,-2.1821484534904756,-1.9055435222434647,-1.4507574309221896,-3.5736259053491586,1.327123465063695,-5.487013871874119,0.08557259162261757,0.2651007768806756,-6.150848144005674,0.8406482881415069,0.34876915815754933,1.0577675677272902,-3.906456786880902
266,Gabon,,,,,6524.33,,,,,,6159.55,,,,,,,,,,,,,,,,,,,2000,6159.55,...,5.01,2008,1989,1997,2008,2006,1994.0,2016,1987,2003,2007,1998,1996.0,1998.0,1986,,,,,,,,,,,,,,,,,,,,,,,,,,,,
270,Gambia,,,,4257.81,,,,,,,19383.19,,,,,,,,,,,,,,,,,,,2000,19383.19,...,14.71,1997,1977,1994,2001,2001,1990.0,2016,1997,2002,2006,1984,1996.0,1994.0,1987,,,,,,,,,,,,,,,,,,,,,,,,,,,,
268,Georgia,38688.05,36347.18,23622.48,14600.33,10689.9,8539.54,11746.65,9167.12,,,10620.63,10018.09,9844.42,10428.84,11139.53,11408.13,13768.41,14424.61,13770.38,13052.95,12877.32,15947.92,17159.07,16610.14,,,,,,2013,16610.14,-57.07,4.1,1999,1996,1994,2000,1999,1996.0,2017,1997,2007,2006,1996,1999.0,1994.0,1992,-6.050628036305791,-35.008768218057085,-38.193068636315914,-26.783161750453587,-20.11581025079747,37.55600418757917,-21.959707661333223,,,,-5.67329810001854,-1.7335639827551965,5.9365610162914635,6.814660115602507,2.4112327898932766,20.689455677661464,4.7659824191754945,-4.535512571917032,-5.209950633170606,-1.3455195951873027,23.84502365399012,7.594407295747656,-3.1990661498554425,,,,,
276,Germany,1249458.56,1202408.48,1152233.12,1143321.08,1124269.24,1121370.24,1139309.8,1104200.14,1078910.26,1045140.62,1043426.39,1058627.88,1037293.21,1034945.73,1018676.23,993198.75,1000519.9,973838.74,976672.15,909260.14,942338.0,919434.65,924147.41,941570.26,902388.74,906320.05,909052.47,894296.28,858368.68,2018,858368.68,-31.30,10.33,1995,1976,1994,1984,2002,1988.0,2016,1976,2001,2002,1994,1996.0,1993.0,1976,-3.765637493411552,-4.172904702069289,-0.7734580654998041,-1.6663595496726153,-0.25785638322720633,1.5997892007549672,-3.0816604930458906,-2.290334793835463,-3.129976722994553,-0.16401907716494468,1.4568818793245084,-2.015313445173948,-0.22630823930679944,-1.572014795403813,-2.501038038356896,0.7371283944930482,-2.6667295672979647,0.29095268894314397,-6.902214832275089,3.6378873927102955,-2.4304814196180113,0.5125715024988464,1.8852890579436863,-4.161295408799341,0.43565592363220934,0.30148511003369344,-1.6232495358601187,-4.0174157942376745
288,Ghana,9228.17,8794.78,9210.57,9576.36,9758.88,10126.71,10778.95,11671.36,11819.09,12651.88,14302.41,14347.54,15047.29,15698.35,15386.25,16217.13,18227.04,,,,,,,,,,,,,2006,18227.04,97.52,0.81,2003,1975,1994,1988,2003,1989.0,2016,1988,2003,2003,1983,1996.0,1995.0,1975,-4.6963807558811705,4.727690743827577,3.9714154498581613,1.9059433855869934,3.769182529142688,6.440788765551711,8.279192314650311,1.265747950538751,7.046143146384358,13.045729172265313,0.31554122696804954,4.877142701815084,4.326759170588189,-1.9881070303566957,5.400146234462584,12.393746612378404,,,,,,,,,,,,
300,Greece,103308.91,103363.79,104609.04,104210.52,106996.16,109332.94,112478.84,117379.08,122976.55,123133.87,126492.93,127546.73,127561.99,131300.83,131982.9,136446.5,132540.1,135170.74,131846.08,124640.14,118522.25,115593.36,112326.85,102705.1,99276.89,95482.14,91839.59,95585.97,92221.66,2018,92221.66,-10.73,8.76,1994,1992,1994,1999,2002,1988.0,2016,1975,2003,2006,1995,1997.0,1994.0,1981,0.05312223311618534,1.2047255620174144,-0.3809613394788725,2.6730890508942853,2.1839849205803263,2.877357912446143,4.356588314744361,4.7687117670371935,0.12792682832620725,2.727974033464552,0.8330900391033735,0.01196424243883737,2.930998489440296,0.5194712021241655,3.381953268188535,-2.862953611855192,1.9847880000090423,-2.4596003543370433,-5.465418463711616,-4.908442817859479,-2.4711731341583536,-2.825863008048209,-8.56585046228929,-3.3379160333810165,-3.822390084943233,-3.8149019282559054,4.079264726682692,-3.519669256900356
308,Grenada,,,,,1606.47,,,,,,,,,,,,,,,,,,,,,,,,,1994,1606.47,...,16.17,...,1999,1994,...,2002,1993.0,2016,2012,...,...,1991,1997.0,1994.0,1998,,,,,,,,,,,,,,,,,,,,,,,,,,,,
320,Guatemala,14742.18,,,,17577.53,,,,,,19869.48,,,,,22948.27,,,,,,,,,,,,,,2005,22948.27,55.66,1.75,1995,1979,1995,...,1999,1989.0,2017,1990,2010,2008,1997,1998.0,1995.0,1979,,,,,,,,,,,,,,,,,,,,,,,,,,,,
324,Guinea,,,,,5057.64,,,,,,47713.0,,,,,,,,,,,,,,,,,,,2000,47713.0,...,5.79,1995,1981,1993,1993,2000,1992.0,2016,1993,2000,2007,1985,1997.0,1993.0,1979,,,,,,,,,,,,,,,,,,,,,,,,,,,,
624,Guinea-Bissau,,,,,1693.96,,,,,,,,,,,,2150.28,,,,13064.99,,,,,,,,,2010,13064.99,...,8.58,2005,1990,1996,1995,2005,2002.0,2018,1990,2008,2008,...,1995.0,1995.0,2006,,,,,,,,,,,,,,,,,,,,,,,,,,,,
328,Guyana,2553.23,2563.73,2570.03,2584.73,2587.46,2561.8,2690.23,2872.56,2896.46,2996.83,2845.66,3305.84,2666.82,2923.23,2891.31,,,,,,,,,,,,,,,2004,2891.31,13.24,3.88,2001,1977,1994,...,2003,1993.0,2016,...,2007,2007,1993,1997.0,1994.0,1977,0.41124379707272746,0.24573570539800144,0.5719777590144791,0.10562031624192926,-0.9917061519791553,5.013271918182522,6.777487426725594,0.8320104714958119,3.4652644952804423,-5.04433017555217,16.171292424253085,-19.330034121433584,9.6148221477265,-1.0919428166788132,,,,,,,,,,,,,,
332,Haiti,,,,,4066.67,5361.73,6116.9,6432.88,6495.03,6742.03,6683.12,,,,,,,,,,,,,,,,,,,2000,6683.12,...,0.79,…,...,1996,...,2005,2000.0,2017,...,...,...,1996,1996.0,1996.0,1980,,,,,31.845711601875728,14.084446624503661,5.165688502345968,0.9661302558107664,3.802907761780931,-0.8737724394581432,,,,,,,,,,,,,,,,,,
340,Honduras,,,,,,10825.89,,,,,10298.1,,,,,13185.67,,,,,,,,,,15977.15,,,,2015,15977.15,...,1.75,1995,1985,1995,2007,2000,1993.0,2016,1993,2011,2005,1993,1997.0,1995.0,1979,,,,,,,,,,,,,,,,,,,,,,,,,,,,
348,Hungary,93950.88,87286.6,77236.19,78119.02,76973.33,75352.36,77569.03,76028.72,75560.09,76110.41,73234.56,75218.53,73535.06,76488.13,75630.98,75386.68,74139.16,72456.79,70519.93,64481.6,64856.75,63239.46,59569.73,56763.15,57391.17,60797.34,61257.34,63781.35,63219.56,2018,63219.56,-32.71,6.51,1990,1985,1994,1983,2002,1989.0,2016,1979,2000,2008,2002,1999.0,1994.0,1985,-7.093366235632917,-11.514264503371654,1.1430263455512262,-1.466595459082823,-2.1058852462274937,2.941739316459363,-1.9857280669875563,-0.6163854922192622,0.7283209959120046,-3.7785238576431337,2.7090624972690507,-2.238105424288405,4.015866717182263,-1.1206313973161701,-0.3230157800414631,-1.6548281473597055,-2.2692056397725704,-2.673124216515803,-8.56258649150672,0.5817938760824817,-2.493634047342799,-5.802911663066061,-4.711419709305384,1.1063868020009404,5.935007075130196,0.7566120491455712,4.120338885103405,-0.8808060663501179
352,Iceland,3732.87,3516.77,3428.21,3516.12,3434.54,3551.04,3609.56,3776.82,3922.02,4147.96,4171.05,4061.52,4153.12,4112.7,4211.34,4059.46,4648.29,4947.06,5342.91,5005.6,4928.92,4680.96,4683.54,4688.54,4722.1,4799.81,4754.6,4835.51,4856.95,2018,4856.95,30.11,14.42,1995,2000,1994,...,2002,1989.0,2016,1978,...,2002,1985,1997.0,1993.0,1995,-5.7891113272093575,-2.518219843777101,2.5643119878887193,-2.3201710976872216,3.392011739563377,1.6479679192574563,4.63380578242224,3.8445041066293815,5.76080693112223,0.5566591770412479,-2.6259574927176654,2.255313281727036,-0.973244211580693,2.398424392734708,-3.6064530529475203,14.505131224350034,6.427524960792043,8.001722235024427,-6.3132263130017074,-1.5318842895956586,-5.030716668154485,0.055116899097619444,0.10675685485765042,0.7157878572007577,1.6456661231231875,-0.9419122840279102,1.7017204391536584,0.44338653006610673
356,India,,,,,1214248.0,,,,,,1523766.56,,,,,,,,,,2100849.73,,,,,,,,,2010,2100849.73,...,1.7,1992,1976,1994,1983,2002,1992.0,2016,1982,2005,2006,1995,1996.0,1993.0,1977,,,,,,,,,,,,,,,,,,,,,,,,,,,,
360,Indonesia,266818.39,292610.4,306828.59,318657.49,334191.21,,,,,,554333.48,,,,,,,,,,,,,,,,,,,2000,554333.48,107.76,2.62,1993,1978,1994,...,2004,1992.0,2016,1992,2013,2009,1986,1998.0,1994.0,1989,9.66650387179085,4.859085664761062,3.8552144048897024,4.874738704557056,,,,,,,,,,,,,,,,,,,,,,,,
364,Iran (Islamic Republic of),,,,,385433.3,,,,,,483669.17,,,,,,,,,,,,,,,,,,,2000,483669.17,...,7.37,1993,1976,1996,2008,2005,1990.0,...,1975,2004,2006,...,1997.0,1996.0,1975,,,,,,,,,,,,,,,,,,,,,,,,,,,,
368,Iraq,,,,,,,,72658.0,,,,,,,,,,,,,,,,,,,,,,1997,72658.0,...,3.39,2011,2014,2009,2016,2009,2008.0,...,2008,2017,2016,1985,2010.0,2009.0,1974,,,,,,,,,,,,,,,,,,,,,,,,,,,,
372,Ireland,55468.3,56146.92,56013.36,56416.31,57760.82,59164.25,61234.15,62565.16,65031.48,66174.54,68314.28,70221.21,68244.22,68550.02,67990.21,69702.11,68825.59,68042.03,67490.64,61736.43,61277.54,57156.86,57752.7,57589.73,57325.32,59415.93,61491.44,61004.88,60934.54,2018,60934.54,9.85,12.65,1994,2002,1996,1983,2002,1988.0,2016,1985,2005,2010,1996,1997.0,1994.0,1991,1.2234375309861585,-0.23787591554442822,0.7193819474496747,2.383193796262113,2.4297265862915385,3.4985654343628143,2.1736400358296835,3.942002226159095,1.757702577274868,3.2334792202560156,2.7914075944297556,-2.815374443134781,0.448096556748693,-0.816644546566139,2.5178624981449444,-1.257522907125773,-1.138471896862777,-0.8103667688926968,-8.525937818933112,-0.743305046955257,-6.724617208850095,1.042464544063471,-0.2821859410901895,-0.4591270005954247,3.646922511727803,3.49318776967726,-0.7912646052849063,-0.11530225122973196
376,Israel,,,,,,,57653.4,,,,67162.86,,,69900.28,70223.7,70784.48,72125.21,75367.21,76733.41,72892.51,75738.28,77881.67,83821.96,78272.45,76032.39,79163.87,79049.45,78034.61,78697.77,2018,78697.77,...,9.39,1994,1979,1995,1983,2004,1992.0,2016,1997,2011,...,...,1996.0,1996.0,1999,,,,,,,,,,,,,,0.46268770311077184,0.7985623087362228,1.8941016448803618,4.494960915885028,1.8127246583759662,-5.005511940626656,3.9040636685442776,2.829995611202155,7.627327457153921,-6.620592026242298,-2.861875410824623,4.118613133166004,-0.14453563222717417,-1.2838039986362924,0.8498280442485757
380,Italy,516051.74,517107.0,516117.31,509104.9,503368.55,529435.48,523538.23,531260.38,543481.19,548740.28,552474.43,554029.53,560213.53,579418.02,585375.66,586529.47,576602.67,569689.77,557101.8,502603.75,513756.38,501288.05,482361.63,447072.72,426491.71,439431.75,436088.45,431324.46,427529.02,2018,427529.02,-17.15,7.05,1994,1979,1994,1983,2002,1988.0,2016,1977,2002,...,1995,1997.0,1994.0,1978,0.2044872477321769,-0.19138978973404003,-1.3586852957905973,-1.126752070152936,5.178497941518197,-1.1138751033459262,1.474992571220639,2.300342818713479,0.9676673446600947,0.6804949693140848,0.28147909035355295,1.116185991024702,3.428066080446145,1.0282110314760342,0.19710590631662742,-1.6924639779822028,-1.1989018365107507,-2.209618403363636,-9.782422171315915,2.2189707100275324,-2.426895409065288,-3.7755577855885423,-7.315861752934211,-4.603503877400516,3.034066007988755,-0.7608234953436998,-1.0924366375674455,-0.879950096036752
388,Jamaica,,,,,116314.2,,,,,,,,,,,,15966.0,15762.05,18465.11,15533.79,14866.26,,14918.49,,,,,,,2012,14918.49,...,5.25,2003,1997,1995,...,1999,1993.0,2017,1998,2002,2007,1983,1997.0,1995.0,1983,,,,,,,,,,,,,,,,,-1.2774019792058169,17.149165241830865,-15.874912199277446,-4.29727709721839,,,,,,,,
392,Japan,1270039.97,1284001.18,1296664.52,1289105.6,1353440.83,1374505.1,1386969.52,1379301.65,1330779.96,1354370.0,1374774.03,1349333.28,1373167.46,1379116.92,1371688.86,1378770.81,1357162.21,1393190.47,1321204.29,1248422.29,1302549.97,1353603.93,1396323.77,1407809.07,1358344.55,1319800.19,1302842.08,1289239.53,1238342.71,2018,1238342.71,-2.50,9.74,1993,1980,1993,...,2002,1988.0,2016,1980,2004,2002,1996,1998.0,1993.0,1992,1.099273277202446,0.9862405266636971,-0.5829510936259693,4.990687341673171,1.5563495302561559,0.9068296654555827,-0.5528506495225729,-3.5178447006135274,1.7726476734741359,1.506532926748232,-1.8505404848242586,1.766367164678539,0.4332654372686608,-0.5386098808794126,0.5162941980880382,-1.567236544556676,2.654676039056526,-5.167002039570364,-5.508762009847849,4.335686765092919,3.919539455365383,3.1560073854100055,0.8225384575384007,-3.5135815682733185,-2.8375981631464637,-1.2848997998704539,-1.044067443692028,-3.947817206628784
400,Jordan,,,,,21943.44,,,,,,19401.93,,,,,,27752.0,,,,,,,,,,,,,2006,27752.0,...,4.63,1989,1978,1994,2001,2003,1989.0,2016,1977,2002,2004,1995,1996.0,1993.0,1975,,,,,,,,,,,,,,,,,,,,,,,,,,,,
398,Kazakhstan,401871.42,388981.94,360142.31,322478.57,274206.46,255808.65,237527.36,230633.86,228926.65,203735.18,238979.34,198340.6,216042.5,237980.28,248963.98,262116.25,284307.53,292204.62,295595.6,289196.42,320259.32,311437.82,317589.18,326985.99,351113.73,359580.68,360520.71,381931.52,396570.47,2018,396570.47,-1.32,21.65,2003,2000,1994,2006,2009,1998.0,2016,2007,2007,2007,...,1997.0,1995.0,1994,-3.207364186286246,-7.414130846280423,-10.458015888219297,-14.96909081431364,-6.709473584247442,-7.146470613874866,-2.9021919832730005,-0.740225221049499,-11.004166618434333,17.299005503124203,-17.005126886700747,8.925000731065648,10.154381661015773,4.615382417400304,5.282800347263081,8.466197727153515,2.777657700448513,1.1604813092961985,-2.1648427784446027,10.741108067658661,-2.7544865829353538,1.9751486829698417,2.9587941251650944,7.378829900326919,2.4114551145578993,0.2614239452464543,5.938857160244691,3.83287297157353
404,Kenya,,,,,21466.23,34868.51,,,,,34213.05,,,,,39765.16,,,,,49964.09,,,,,,,,,2010,49964.09,...,1.19,2000,1978,1994,1999,2005,1988.0,2016,1990,2005,2004,1989,1997.0,1994.0,1991,,,,,62.434251379958205,,,,,,,,,,,,,,,,,,,,,,,
296,Kiribati,,,,,27.97,,,,,,,,,,29.66,31.23,256.41,271.21,170.31,,,,,,,,,,,2008,170.31,...,1.72,2000,...,1994,...,2000,1993.0,2016,2013,...,2004,2003,1998.0,1995.0,2000,,,,,,,,,,,,,,,5.293324342548889,721.0374639769453,5.772005772005754,-37.20364293352014,,,,,,,,,,
414,Kuwait,,,,,32373.39,,,,,,,,,,,,,,,,,,,,,,86336.98,,,2016,86336.98,...,21.82,1993,2002,2002,...,2005,1992.0,2018,2015,2006,2006,1986,1997.0,1994.0,2002,,,,,,,,,,,,,,,,,,,,,,,,,,,,
417,Kyrgyzstan,28392.48,25545.53,22097.85,17662.99,13326.1,9839.62,9788.59,10790.37,9642.83,9223.92,9279.34,9241.1,9828.88,10268.92,10990.12,11369.69,11435.36,12478.44,13746.3,13636.63,12773.96,,,,,,,,,2010,12773.96,-55.01,2.36,1996,2007,1996,2014,2003,2000.0,...,2003,2000,2006,...,1997.0,2000.0,1995,-10.027126901207646,-13.496216363489037,-20.069192251734886,-24.553543879037473,-26.162793315373584,-0.5186175888906345,10.234160384692796,-10.634853114397382,-4.344264080150743,0.6008291485615668,-0.412098274230708,6.36049820908765,4.477010605481,7.023133883602177,3.4537384487157525,0.5775883071570119,9.121531810104797,10.160404665967851,-0.7978146846787869,-6.326123096395518,,,,,,,,
418,Lao People's Democratic Republic,6866.56,,,,,,,,,,8898.18,,,,,,,,,,,,,,,,,,,2000,8898.18,29.59,1.67,2010,2004,1996,...,2003,1998.0,2016,2010,2010,2006,1998,1996.0,1995.0,1987,,,,,,,,,,,,,,,,,,,,,,,,,,,,
428,Latvia,26288.57,24408.85,19652.62,16239.32,14312.39,12954.57,13004.99,12454.06,11956.98,11177.51,10561.51,11142.87,11118.97,11308.07,11276.28,11451.43,11932.7,12380.71,11906.52,11221.35,12309.64,11519.61,11336.64,11264.06,11166.0,11214.0,11203.13,11248.15,11745.26,2018,11745.26,-55.32,6.09,1992,1997,1996,1999,2002,1995.0,2017,1995,2003,2004,2004,2002.0,1995.0,1995,-7.1503318742708375,-19.485678350270497,-17.36816770486581,-11.865829357386888,-9.48702487844448,0.38920628010038216,-4.2362969906166805,-3.991308858316083,-6.5189537826441075,-5.511066418191529,5.504515926226464,-0.21448693200227098,1.7006970969433353,-0.28112666440868384,1.5532604724253,4.202706561538607,3.754473002757116,-3.8300711348541294,-5.754578163896756,9.698387448925477,-6.41797810496488,-1.5883350217585592,-0.6402249696559116,-0.8705564423484915,0.42987641053197206,-0.0969324059211771,0.401851982437055,4.419482314869562
422,Lebanon,,,,,15702.33,,,,,,18446.84,,,,,,,,,,,24484.86,26223.53,26134.76,,,,,,2013,26134.76,...,4.42,1994,2013,1995,2019,2006,1993.0,...,1999,2006,2003,1995,1996.0,1994.0,1983,,,,,,,,,,,,,,,,,,,,,,7.101000373291896,-0.33851277840931576,,,,,
426,Lesotho,,,,,1820.29,,,,,,3512.89,,,,,,,,,,,,,,,,,,,2000,3512.89,...,1.73,2000,2003,1995,...,2000,1994.0,2017,2004,2008,2002,2007,1995.0,1995.0,2003,,,,,,,,,,,,,,,,,,,,,,,,,,,,
430,Liberia,,,,,,,,,,,8021.78,,,,,,,,,,,,,,,,,,,2000,8021.78,...,2.82,2004,1981,2001,2004,2002,1996.0,2018,2003,2004,2002,2008,1998.0,2002.0,2002,,,,,,,,,,,,,,,,,,,,,,,,,,,,
438,Liechtenstein,228.39,235.9,236.09,243.22,229.68,233.53,235.9,248.47,259.49,256.5,247.12,246.7,253.01,263.28,263.96,264.51,267.84,238.55,258.55,243.91,229.02,215.97,225.2,231.77,199.73,197.79,187.99,194.0,181.08,2018,181.08,-20.72,4.78,1992,1979,1998,1997,2004,1989.0,2017,1991,2004,2004,...,1999.0,1994.0,...,3.288235036560278,0.08054260279779471,3.0200347325172587,-5.566976399967104,1.6762452107279668,1.0148589046375218,5.328529037727848,4.4351430756228165,-1.1522602027053102,-3.656920077972708,-0.16995791518291353,2.5577624645318213,4.059128097703641,0.2582801580066875,0.20836490377330333,1.2589316093909433,-10.935633213859008,8.383986585621463,-5.662347708373627,-6.104710753966621,-5.698192297615933,4.273741723387503,2.91740674955596,-13.824049704448385,-0.9713112702147889,-4.954749987360323,3.1969785626894995,-6.659793814432984
440,Lithuania,48016.43,50014.7,30804.47,24733.05,23313.27,22332.61,23384.19,22935.81,23918.89,21059.86,19523.18,20317.59,20680.25,20844.98,21702.41,22801.83,23095.7,25282.97,24376.27,20068.47,20887.59,21462.69,21396.48,20167.64,20110.69,20400.43,20420.35,20617.61,20266.83,2018,20266.83,-57.79,7.23,1999,2001,1996,2002,2003,1995.0,2017,1993,2004,2006,2003,2003.0,1995.0,1992,4.161638005990859,-38.409167704694816,-19.709542154109457,-5.74041616379702,-4.206445513649522,4.708719670472901,-1.9174493536017172,4.286223159330314,-11.9530212313364,-7.296724669584699,4.069060470681517,1.7849557944618424,0.7965571015824257,4.113364464729639,5.06588899573827,1.2888000656087646,9.470464198963445,-3.5862084240894196,-17.67210487904835,4.081626551500931,2.7533095010003477,-0.30848882409427303,-5.743187664513042,-0.28238306514793365,1.4407263002910473,0.09764500062007642,0.9659971547990219,-1.7013611179957269
442,Luxembourg,12741.06,13382.78,13146.8,13293.45,12468.53,10091.81,10155.26,9503.14,8622.18,9087.98,9669.11,10158.18,10934.88,11376.3,12766.97,13009.12,12838.07,12253.93,12135.1,11587.58,12169.06,12046.25,11773.25,11234.48,10776.85,10290.1,10050.69,10235.7,10547.15,2018,10547.15,-17.22,17.46,1994,1983,1994,1983,2002,1988.0,2016,1998,2002,2003,2000,1997.0,1994.0,1983,5.03662960538606,-1.7633107620389887,1.1154805732193498,-6.205462088472142,-19.061749861451197,0.6287276514322082,-6.421499794195332,-9.270199113135229,5.402346042416179,6.39449030477621,5.058066357710271,7.646054706650196,4.036806988279708,12.22427326986806,1.8966912274408216,-1.314846815157375,-4.550060873635986,-0.9697297112028543,-4.511870524346733,5.018131482155891,-1.0091987384399412,-2.266265435301442,-4.5762215191217415,-4.0734417614344345,-4.5166259157360455,-2.3266051836230925,1.840769141223142,3.042781636820138
450,Madagascar,,,,,21933.66,,,,,,29343.9,,,,,25924.6,27695.96,27733.32,27239.25,27414.91,27756.08,,,,,,,,,2010,27756.08,...,1.31,1999,1975,1996,2007,2003,1996.0,2016,1999,2004,2005,2001,1997.0,1999.0,1983,,,,,,,,,,,,,,,,6.832738017172881,0.134893320180996,-1.7815032603381047,0.6448782547243402,1.2444687945355353,,,,,,,,
454,Malawi,8044.56,,,,7070.34,,,,,,,,,,,,,,,,,,,,,,,,,1994,7070.34,-12.11,0.73,1994,1982,1994,2019,2001,1991.0,2017,1997,2009,2009,2010,1996.0,1994.0,1982,,,,,,,,,,,,,,,,,,,,,,,,,,,,
458,Malaysia,67367.88,94590.97,102038.42,112581.63,123587.83,125005.3,143655.76,163827.66,155853.09,169353.53,195703.31,204986.35,213125.6,227260.32,244841.99,262996.44,263945.15,279777.19,288268.42,280071.16,301001.12,287740.31,,,,,,,,2011,287740.31,327.12,10.04,1993,1977,1994,...,2002,1989.0,2016,1995,2002,...,1996,1997.0,1994.0,1988,40.40959875834002,7.873320254565523,10.332588450507178,9.776195281592562,1.1469333185961768,14.919735403218908,14.041831667592023,-4.867657879017504,8.662285746147223,15.559037948603727,4.743425136754206,3.970630239525705,6.6321080151797815,7.736357143209155,7.414761659141887,0.360731118641766,5.99823107187231,3.034997241912388,-2.843620539495797,7.473086482735325,-4.405568324795602,,,,,,,
462,Maldives,,,,,152.98,,,,,,,,,,,,,,,,,1282.1,1351.7,1447.68,1508.21,1535.9,,,,2015,1535.9,...,3.38,1992,2012,1993,2019,1998,1989.0,2016,...,2006,2006,2000,2002.0,1992.0,1986,,,,,,,,,,,,,,,,,,,,,,5.4285937134389,7.100688022490198,4.181172634836426,1.8359512269511575,,,
466,Mali,,,,,,8666.21,,,,,12298.7,,,,,,,,,,52732.84,,,,,,,,,2010,52732.84,...,3.5,2000,1994,1995,1987,2002,1994.0,2016,1987,2003,2003,1985,1995.0,1994.0,1977,,,,,,,,,,,,,,,,,,,,,,,,,,,,
470,Malta,2570.37,2424.28,2493.29,3079.73,2864.0,2660.74,2783.21,2798.73,2765.98,2853.1,2789.77,2917.46,2969.38,3250.05,3139.28,2972.18,3032.32,3130.48,3078.43,2899.98,2984.08,2992.34,3207.53,2894.18,2933.25,2255.29,1944.05,2156.18,2186.11,2018,2186.11,-14.95,4.98,2000,1989,2001,2001,2001,1988.0,2016,1989,2017,2017,1993,1998.0,1994.0,1978,-5.683617533662457,2.8466183774151403,23.520729638349334,-7.004834839417742,-7.097067039106153,4.602854844892784,0.5576294997502877,-1.1701736144608448,3.149697394775085,-2.219690862570535,4.577079830953808,1.7796302262927368,9.452141524493332,-3.4082552576114207,-5.322876583165578,2.0234306132199373,3.2371253693541533,-1.6626843167820968,-5.796786024044718,2.900020000137929,0.276802230503211,7.1913619441641,-9.769199352773017,1.3499505904954139,-23.112929344583655,-13.800442515153263,10.911756384866639,1.3881030340695255
584,Marshall Islands,,,,,,,,,,,122.53,,,,,135.09,,,,,169.82,,,,,,,,,2010,169.82,...,3.01,2003,...,1993,...,2003,1993.0,2016,2004,2003,2003,1991,1998.0,1992.0,2002,,,,,,,,,,,,,,,,,,,,,,,,,,,,
478,Mauritania,,,,,,4329.86,,,,,6943.85,,,,,,,,,,,,,,,,,,,2000,6943.85,...,2.64,1996,1998,1996,1998,2005,1994.0,2017,1983,2005,2005,1996,1996.0,1994.0,1981,,,,,,,,,,,,,,,,,,,,,,,,,,,,
480,Mauritius,,,,,,3505.57,,,,,3996.22,4232.05,4148.89,4329.32,4319.23,4342.16,5488.04,,,,,,,6591.27,,,,,,2013,6591.27,...,5.25,1992,1975,1993,2004,2001,1992.0,2016,2001,2005,2004,1994,1996.0,1992.0,1995,,,,,,,,,,,5.901326753782334,-1.9650051393532648,4.348874036187977,-0.23306200511859013,0.5308816617776848,26.3896309670763,,,,,,,,,,,,
484,Mexico,404179.37,416948.34,417845.81,424326.64,449255.55,437655.32,458823.48,480816.27,504742.35,493564.82,525638.24,517097.89,513514.59,523480.21,552855.52,561540.1,581689.21,610557.23,643223.27,623101.9,638605.89,650407.17,647100.66,605887.32,,,,,,2013,605887.32,49.91,5.1,1991,1991,1993,...,2000,1988.0,2016,1986,2005,2003,1983,1995.0,1993.0,1984,3.1592334858654536,0.21524728938841006,1.5510099287581742,5.8749339895322095,-2.582100543888658,4.836719453107522,4.793300900817028,4.976137766719075,-2.214502111820015,6.498319714115763,-1.6247581226206027,-0.6929635702052446,1.9406693001653554,5.611541647391024,1.5708588746658363,3.588187201590766,4.962791040940921,5.3502011596849055,-3.128209276383921,2.4881949485308885,1.8479754391241252,-0.508375391987147,-6.368922572262573,,,,,
583,Micronesia (Federated States of),,,,,246.01,,,,,,173.93,,,,,,,,,,,,,,,,,,,2000,173.93,...,1.62,1995,...,1994,...,1999,1995.0,2016,...,...,2005,1991,1996.0,1993.0,2002,,,,,,,,,,,,,,,,,,,,,,,,,,,,
492,Monaco,102.74,103.56,109.17,108.13,108.87,105.59,109.91,108.02,107.24,108.2,109.07,106.94,107.24,104.54,100.09,98.69,92.72,92.63,93.36,91.05,87.89,85.57,87.56,90.29,84.81,85.76,86.53,85.52,86.93,2018,86.93,-15.39,2.25,1992,1978,1993,1993,2006,1993.0,2016,1997,...,2004,1996,1999.0,1992.0,1978,0.7981312049834606,5.417149478563151,-0.9526426673994745,0.6843614168131038,-3.012767520896483,4.0912965242920665,-1.7195887544354478,-0.7220885021292365,0.8951883625512943,0.8040665434380687,-1.95287430090767,0.2805311389564215,-2.517717269675484,-4.256743830112878,-1.3987411329803234,-6.04924511095349,-0.09706643658326512,0.7880816150275333,-2.4742930591259666,-3.4706205381658397,-2.6396632153828734,2.325581395348848,3.117862037460032,-6.069332151954816,1.1201509255984,0.8978544776119356,-1.167225239801231,1.648737137511706
496,Mongolia,19317.4,17680.3,16005.3,15223.6,14345.0,14251.5,15299.2,15925.3,15929.7,,,,,,,,17710.95,,,,,,,,,,,,,2006,17710.95,-8.32,6.92,1997,1996,1993,1999,1999,1996.0,2016,1998,2001,2004,1996,1996.0,1993.0,1990,-8.474742977833467,-9.473821145568797,-4.884007172624061,-5.77130245145695,-0.6517950505402579,7.351506858927135,4.092370842919882,0.02762899286042621,,,,,,,,,,,,,,,,,,,,
499,Montenegro,5706.3,6540.17,4564.26,3329.86,2215.3,1406.29,4431.93,4303.56,4703.4,4760.97,5605.98,5196.93,5689.96,4856.03,4842.96,4510.42,4643.92,4655.01,4365.87,3084.51,4024.82,3863.59,,,,,,,,2011,3863.59,-32.29,6.18,2006,2007,2006,2009,2007,2006.0,2017,2006,2011,2011,2006,2007.0,2006.0,2006,14.613146872754673,-30.211905806729796,-27.04490979917884,-33.47167748794243,-36.519207330835556,215.15050238570996,-2.8964807657160625,9.290912639767987,1.224008164306685,17.74869406864566,-7.296672481885402,9.48694710146182,-14.656166299938844,-0.26914990228642965,-6.866461833258998,2.959813055103516,0.23880687005805754,-6.211372263432309,-29.34947673659545,30.484906840956903,-4.005893431259038,,,,,,,
504,Morocco,,,,,44394.0,,,,,,59699.69,,,,71387.7,74681.6,76369.4,,85287.9,,100516.44,,96108.05,,,,,,,2012,96108.05,...,2.89,1995,1975,1995,1993,2002,1995.0,2016,1980,2011,2004,2007,1996.0,1995.0,1975,,,,,,,,,,,,,,,4.614100188127659,2.2599944296854755,,,,,,,,,,,,
508,Mozambique,6783.15,,,,8223.89,,,,,,,,,,,,,,,,,,,,,,,,,1994,8223.89,21.24,0.55,1997,1981,1995,2009,2005,1994.0,2018,2004,2010,2005,1997,1997.0,1995.0,1982,,,,,,,,,,,,,,,,,,,,,,,,,,,,
104,Myanmar,,,,,,,,,,,33995.69,34125.14,34774.81,36134.45,37542.13,38374.9,,,,,,,,,,,,,,2005,38374.9,...,0.78,2015,1997,1995,...,2003,1993.0,2017,2005,...,2004,1996,1997.0,1994.0,1994,,,,,,,,,,,0.3807835640341381,1.9037870613864096,3.9098416353676684,3.895672965826242,2.2182278949010197,,,,,,,,,,,,,
516,Namibia,,,,,5602.09,,,,,,9085.8,,,,,,,,,,,,,,,,,,,2000,9085.8,...,5.06,1995,1990,1997,...,2003,1993.0,2016,1995,2005,2005,1983,1997.0,1995.0,2000,,,,,,,,,,,,,,,,,,,,,,,,,,,,
520,Nauru,,,,,35.9,,,,,,19.29,,,41.5,,,,22.6,,,42.19,,,,,,,,,2010,42.19,...,4.21,2001,...,1994,...,2001,2001.0,2016,...,...,2002,1996,1998.0,1993.0,...,,,,,,,,,,,,,,,,,,,,,,,,,,,,
524,Nepal,,,,,31188.87,,,,,,26031.33,,,,,,,,,,,,,,,,,,,2000,26031.33,...,1.09,1996,1975,1994,...,2005,1994.0,2016,1988,2007,2007,1998,1996.0,1994.0,1978,,,,,,,,,,,,,,,,,,,,,,,,,,,,
528,Netherlands,220740.87,228385.56,229110.63,229867.6,230750.53,230937.8,241763.55,233603.08,234161.15,220828.43,219239.07,219714.04,217608.55,218291.27,219893.84,214226.59,209176.56,207676.79,207040.28,201382.08,213281.34,199175.46,195272.03,194878.14,187184.61,195422.37,194991.61,192876.47,187756.39,2018,187756.39,-14.94,11.01,1993,1984,1994,1983,2002,1988.0,2017,1980,2000,2002,1996,1995.0,1993.0,1992,3.463196461987308,0.31747628878113265,0.3303949711979759,0.3841037188364054,0.08115691001879369,4.687734099831211,-3.375393023472729,0.23889667893077737,-5.693822395388818,-0.7197261693161456,0.2166447796006438,-0.958286507316519,0.3137376725317094,0.7341429641231219,-2.577266375447352,-2.357331085744304,-0.7169876012876345,-0.3064906771719696,-2.7328981587544274,5.908797843383091,-6.613743143211686,-1.9597946453845234,-0.2017134763232527,-3.947867113263718,4.400874623186174,-0.22042512328553243,-1.0847338508564472,-2.6545902670242705
554,New Zealand,63590.93,64453.52,65668.78,65433.4,66679.18,67426.24,69549.34,72259.28,70221.38,72059.93,74103.08,77105.36,77474.96,79643.61,79294.83,81274.42,81455.21,79415.58,79526.33,76771.18,77267.81,76975.49,79401.58,78804.91,79449.84,79493.71,77623.31,79640.86,78862.29,2018,78862.29,24.02,16.63,1994,1989,1993,2000,2002,1988.0,2016,1976,2003,2004,1996,2000.0,1993.0,1984,1.3564670307542233,1.885482747877854,-0.3584351650814853,1.9038900622617678,1.1203797047294408,3.1487741271053986,3.896428060999576,-2.8202605949021278,2.6182196932045314,2.8353482996722437,4.05149151695179,0.4793441078545069,2.7991624648789672,-0.4379259051667784,2.4964931509406054,0.22244391285721649,-2.5039896158882953,0.13945626286428933,-3.4644500758428167,0.646896400446111,-0.37832054512738544,3.1517694788302046,-0.7514585981790265,0.8183880928231413,0.05521722888304104,-2.3528905620331577,2.599154815737699,-0.9776011961699145
558,Nicaragua,,,,,7651.84,,,,,,11980.64,,,,,,,,,,,,,,,,,,,2000,11980.64,...,2.36,1997,1977,1996,...,1999,1993.0,2017,1997,2008,2005,2000,1998.0,1995.0,1979,,,,,,,,,,,,,,,,,,,,,,,,,,,,
562,Niger,4852.38,,,,,,,,,,13627.0,,,,,,,,15520.0,,,,,,,,,,,2008,15520.0,219.84,1.02,1998,1975,1995,1983,2004,1992.0,2016,1987,2006,2006,2013,1996.0,1995.0,1974,,,,,,,,,,,,,,,,,,,,,,,,,,,,
566,Nigeria,,,,,242626.4,,,,,,212444.0,,,,,,,,,,,,,,,,,,,2000,212444.0,...,1.74,1991,1974,1994,1987,2004,1988.0,2017,2001,2001,2004,1986,1997.0,1994.0,1974,,,,,,,,,,,,,,,,,,,,,,,,,,,,
570,Niue,,,,,4.42,,,,,,4.85,,,,,5.57,6.74,8.15,4.87,26.08,,,,,,,,,,2009,26.08,...,16.08,,,,,,,,,,,,,,,,,,,,,,,,,,,,,,21.005385996409334,20.919881305637983,-40.24539877300614,435.52361396303894,,,,,,,,,
807,North Macedonia,13257.34,12496.89,11880.3,12289.73,12050.82,12076.94,11612.05,12268.55,12900.85,12435.15,12092.05,12121.15,12232.14,12284.35,12417.18,13034.86,11938.33,12404.59,12484.65,11491.3,,,,,,,,,,2009,11491.3,-13.32,5.55,1997,2000,1998,1999,2004,1994.0,2018,1991,2010,2004,1994,2002.0,1998.0,1997,-5.736067717958511,-4.93394756615446,3.446293443768258,-1.9439808685788855,0.21674873577068451,-3.8494022492452658,5.6536098277220646,5.153828284516109,-3.6098396617277215,-2.7591142849101167,0.24065398340232108,0.9156721928199864,0.4268263770689425,1.0812944925860946,4.974398373865888,-8.412288279275732,3.90557138226201,0.6454062568774904,-7.956570668781267,,,,,,,,,
578,Norway,51459.02,49199.53,47536.73,49405.88,51267.85,51620.17,54604.38,54596.46,54758.82,55717.7,55114.75,56348.39,55289.87,55795.67,56190.76,55403.47,55355.14,57008.7,55587.36,53179.2,55468.97,54643.09,54121.12,53969.36,53930.25,54353.97,53472.21,52386.53,52022.4,2018,52022.4,1.09,9.75,1990,1976,1993,1985,2002,1988.0,2016,1975,2001,2002,1996,1996.0,1993.0,1977,-4.390853148777412,-3.37970708256765,3.9320121514458273,3.768721455826718,0.6872143068219161,5.7810929332468275,-0.014504330971248558,0.2973819181683219,1.7510969009193356,-1.082151632246121,2.2383118856567426,-1.8785274965265144,0.914814956157422,0.7081015426465956,-1.4011022452801862,-0.08723280328831703,2.987184207284089,-2.493198406558993,-4.332207897622775,4.3057624033456765,-1.4889045172463173,-0.9552351450110049,-0.2804080920720082,-0.07246704426363511,0.7856815052776525,-1.6222550073159365,-2.0303630614855837,-0.6950832589980619
512,Oman,,,,,20878.67,,,,,,,,,,,,,,,,,,,,,,,,,1994,20878.67,...,9.72,1995,2008,1995,...,2005,1999.0,2019,2013,2000,2005,1989,1996.0,1995.0,1981,,,,,,,,,,,,,,,,,,,,,,,,,,,,
586,Pakistan,,,,,175199.0,,,,,,,,,,,,,,320234.0,,,,364449.0,,,394583.0,,,,2015,394583.0,...,1.98,1994,1976,1994,1987,2005,1992.0,2016,1976,2005,2008,1997,1997.0,1994.0,1976,,,,,,,,,,,,,,,,,,,,,,,,,,,,
585,Palau,,,,,104.86,19.82,32.37,85.17,171.18,47.04,164.51,,,,,346.48,,,,,,,,,,,,,,2005,346.48,...,17.51,2011,2004,1999,2008,1999,2001.0,2016,2003,...,2011,1996,1999.0,1999.0,2002,,,,,-81.09860766736601,63.319878910191704,163.11399443929565,100.98626276858049,-72.52015422362426,249.72363945578232,,,,,,,,,,,,,,,,,,
591,Panama,,,,,10692.08,,,,,,9707.74,,,,,,,,,,,,,,,,,,,2000,9707.74,...,3.2,1991,1978,1995,1989,1999,1989.0,2016,1990,2000,2003,1996,1996.0,1995.0,1978,,,,,,,,,,,,,,,,,,,,,,,,,,,,
598,Papua New Guinea,,,,,5012.24,,,,,,10195.68,,,,,,,,,,,,,,,,,,,2000,10195.68,...,1.74,1995,1975,1993,...,2002,1992.0,2016,1993,...,2003,1997,2000.0,1993.0,1997,,,,,,,,,,,,,,,,,,,,,,,,,,,,
600,Paraguay,56196.95,,,,26355.62,,,,,,23429.88,,,,,32296.22,,,,,,44088.45,45230.73,,,,,,,2012,45230.73,-19.51,7.04,1995,1976,1994,1999,1999,1992.0,2016,1995,2003,2004,1986,1997.0,1994.0,1988,,,,,,,,,,,,,,,,,,,,,,2.5908826461352263,,,,,,
604,Peru,,,,,57582.87,,,,,,63197.0,,,,,,,,,,80591.02,,84564.0,,,,,,,2012,84564.0,...,2.87,1993,1975,1993,1997,2002,1993.0,2016,1992,2005,2005,...,1995.0,1993.0,1982,,,,,,,,,,,,,,,,,,,,,,,,,,,,
608,Philippines,,,,,100866.61,,,,,,126878.71,,,,,,,,,,,,,,,,,,,2000,126878.71,...,1.63,1993,1981,1994,1994,2003,1991.0,2017,1994,2006,2004,1984,2000.0,1994.0,1985,,,,,,,,,,,,,,,,,,,,,,,,,,,,
616,Poland,475080.32,463126.7,450485.86,450327.26,444648.99,446722.54,460555.49,450448.67,420050.15,408500.81,395949.88,394895.9,385174.51,398551.08,404101.55,404459.53,419741.76,419497.5,413124.39,394084.8,412926.32,412006.11,404526.56,401147.19,388469.51,391674.13,400268.49,414679.37,412856.37,2018,412856.37,-13.10,10.89,1992,1989,1996,1996,2002,1990.0,2016,1978,2005,2008,1998,2001.0,1994.0,1976,-2.5161261152640453,-2.729456107799448,-0.035206432450505046,-1.2609207801455364,0.4663341302090866,3.0965417594554356,-2.194484751446564,-6.748498114113638,-2.7495145520124264,-3.0724369922301973,-0.2661902562011084,-2.4617601752765763,3.472859613685238,1.3926621400699684,0.08858664362956281,3.77843241819521,-0.05819292319163319,-1.5192247867984878,-4.608682145346108,4.78108265023163,-0.22285089504588154,-1.8153978347554092,-0.8353889049955077,-3.160356177491856,0.8249347548537324,2.194262868471805,3.600303386359492,-0.43961675739981954
620,Portugal,58558.61,60519.11,64463.09,62938.84,63906.04,68546.69,66206.27,69401.65,74238.09,82290.12,81528.17,81121.33,85574.06,80229.86,83350.56,85503.56,80733.33,78449.13,76066.24,72999.62,68749.86,67356.05,65466.54,63611.12,63520.26,67698.41,65865.83,70447.04,67280.28,2018,67280.28,14.89,6.56,1994,1980,1994,1983,2002,1988.0,2016,1981,2005,2004,1997,1996.0,1993.0,1980,3.3479278282049387,6.516916722668255,-2.364531393080909,1.5367299429096635,7.261676674067117,-3.4143442958368935,4.826400883179176,6.9687680336130375,10.846224626738106,-0.9259313268713147,-0.4990177014889412,5.48897558755508,-6.2451168029190125,3.8896989225707204,2.5830660285905696,-5.578984079727202,-2.829314732837103,-3.037497037889393,-4.031512534338505,-5.8216193454157645,-2.0273641284505857,-2.805256543398851,-2.8341500864411016,-0.1428366612630002,6.577665141798855,-2.7069764267728025,6.955366690133552,-4.495235002066793
634,Qatar,,,,,,,,,,,,,,,,,,61592.97,,,,,,,,,,,,2007,61592.97,...,50.55,1995,2001,1996,...,2005,1996.0,2017,...,2004,2004,2002,1999.0,1996.0,1984,,,,,,,,,,,,,,,,,,,,,,,,,,,,
410,Republic of Korea,292959.18,316165.43,343246.07,378850.65,403823.65,437240.23,470924.43,500803.78,430185.41,468314.21,501335.34,514458.22,536099.11,546424.65,555143.69,559059.09,564427.04,579427.36,592707.18,597583.32,657515.9,682985.64,687091.84,696853.31,690884.85,692861.37,693942.65,,,2016,693942.65,136.87,13.61,1994,1993,1995,...,2002,1992.0,2016,1997,2003,2007,1996,1999.0,1993.0,1988,7.921325421514355,8.56533872156738,10.372902448671887,6.591779636645734,8.275042831196231,7.703819934409973,6.3448290418910815,-14.101005787136842,8.863341041715024,7.051063003191811,2.6175852673781077,4.206539843021658,1.9260505767301195,1.5956527583446172,0.7052948759986849,0.9601757839229607,2.6576189546127957,2.29188694161768,0.8226895446078276,10.029158779063659,3.873631040709432,0.6012132260935901,1.4206936295445,-0.8564872856814124,0.2860853006112406,0.1560600788004717,,
498,Republic of Moldova,43418.87,38747.4,28754.48,23218.02,20991.45,17423.99,17263.96,16025.55,14044.25,11771.85,10730.67,11420.96,11141.81,11617.26,12304.47,12752.98,11943.3,11658.57,13058.72,13136.8,13939.38,14141.72,13364.24,12836.34,,,,,,2013,12836.34,-70.44,3.15,1998,2001,1996,2001,2003,1996.0,2017,2000,2005,2004,2007,1999.0,1995.0,2002,-10.759077792674017,-25.789911065000492,-19.25425185918855,-9.58983582579393,-16.994824083138607,-0.9184463489706,-7.173383163538377,-12.363382224011028,-16.180287306192923,-8.844659080773203,6.432869522592709,-2.4441903307602835,4.267259987380871,5.915422397363915,3.6450980822416588,-6.348947461691309,-2.384014468363012,12.009620390836952,0.5979146501341628,6.109402594239084,1.451571016788409,-5.49777537668685,-3.950093682843167,,,,,
642,Romania,247994.3,204473.46,191274.11,182090.01,180133.16,187227.78,189592.38,184139.93,166852.83,147899.99,143154.46,146187.17,148897.93,153779.79,152551.97,151387.14,152110.74,154670.41,149918.1,128031.3,124173.34,129010.35,125638.73,116001.0,116214.83,116418.66,114287.85,116875.47,116115.12,2018,116115.12,-53.18,5.95,1991,1994,1994,1998,2001,1993.0,2017,1991,2003,2004,1996,1998.0,1994.0,1990,-17.54912915337167,-6.455287644665477,-4.8015384831747365,-1.0746608229633277,3.9385419097738557,1.2629536065641571,-2.8758803491996945,-9.388023553609479,-11.359016206078133,-3.2086073839491127,2.11848796048689,1.8543077343928196,3.278662100943926,-0.7984274136412898,-0.7635627386522686,0.4779798336899533,1.6827674364085092,-3.072539860727076,-14.599171147446507,-3.013294405352446,3.8953691670047768,-2.613449231011318,-7.670986486412268,0.18433461780502042,0.17539069669507906,-1.8302993695340573,2.2641251891605236,-0.6505642287470638
643,Russian Federation,3187507.08,3024887.55,2537506.16,2399711.49,2137226.57,2084988.22,2029941.37,1912753.07,1879354.9,1905174.11,1901067.27,1942384.53,1924360.11,1959432.5,1974435.64,1995073.02,2057942.51,2059557.1,2098480.69,1961217.41,2057878.02,2119644.44,2147996.18,2092550.41,2094363.54,2094011.75,2098138.55,2155270.61,2220122.95,2018,2220122.95,-30.35,15.23,1995,1992,1995,...,2004,1988.0,2019,1977,2011,2011,1997,2003.0,1994.0,1988,-5.10177784452169,-16.1123804420432,-5.430318640093466,-10.93818657342014,-2.444212079957431,-2.640151607187491,-5.772989394270044,-1.7460784940734748,1.3738336489824354,-0.21556245061508228,2.1733718028820728,-0.9279532307642465,1.8225481716101408,0.7656880244662624,1.045229309171107,3.1512375421727667,0.07845651626099526,1.8899009889067824,-6.541079012740404,4.9286024847189225,3.001461670697077,1.337570559711431,-2.5812787991084907,0.08664689707523564,-0.016796988358574905,0.1970762580486864,2.7229879552043914,3.00901147628976
646,Rwanda,,,,,,,,,,,,,2381.07,,,6180.08,,,,,,,,,,,,,,2005,6180.08,...,0.7,2004,1980,1996,2005,2004,2001.0,2016,2006,2004,2002,...,1998.0,1998.0,2000,,,,,,,,,,,,,,,,,,,,,,,,,,,,
659,Saint Kitts and Nevis,,,,,164.41,,,,,,,,,,,,,,,,,,,,,,,,,1994,164.41,...,3.95,1994,1994,1993,...,2008,1992.0,2016,...,2012,2004,1993,1997.0,1993.0,1986,,,,,,,,,,,,,,,,,,,,,,,,,,,,
662,Saint Lucia,,,,,886.07,,,,,,493.63,,,,,546.14,,,,,647.6,,,,,,,,,2010,647.6,...,3.72,1993,1982,1993,...,2003,1993.0,2016,2002,...,2002,1985,1997.0,1993.0,1991,,,,,,,,,,,,,,,,,,,,,,,,,,,,
670,Saint Vincent and the Grenadines,392.18,,,,379.57,,,410.4,,,295.12,,,,381.02,,,,,,,,,,,,,,,2004,381.02,-2.84,3.51,1996,1988,1996,...,2004,1996.0,2016,...,2010,2005,1993,1998.0,1996.0,2003,,,,,,,,,,,,,,,,,,,,,,,,,,,,
882,Samoa,,,,,560.83,,,,,,,,,,,,,,,,,,,,,,,,,1994,560.83,...,3.32,2002,2004,1994,2005,2000,1992.0,2016,2005,2002,2002,1995,1998.0,1994.0,2001,,,,,,,,,,,,,,,,,,,,,,,,,,,,
674,San Marino,,,,,,,,,,,,,,,,,,237.45,,,267.27,,,,,,,,,2010,267.27,...,8.56,...,2005,1995,...,2010,2009.0,2018,...,...,...,...,1999.0,1994.0,1991,,,,,,,,,,,,,,,,,,,,,,,,,,,,
678,Sao Tome and Principe,,,,,,,,,88.17,,,,,,,102.29,,,,,,,153.42,,,,,,,2012,153.42,...,0.81,2013,2001,1999,2001,2008,2001.0,2016,2006,2013,2006,1987,1998.0,1999.0,2006,,,,,,,,,,,,,,,,,,,,,,,,,,,,
682,Saudi Arabia,165268.97,,,,,,,,,,296059.87,,,,,,,,,,525332.15,,548262.55,,,,,,,2012,548262.55,231.74,18.81,1990,1996,2002,1991,2005,1993.0,2016,...,2000,2012,1996,1997.0,1994.0,1978,,,,,,,,,,,,,,,,,,,,,,,,,,,,
686,Senegal,,,,,,,,,,,16882.11,,,,,13580.08,,,,,,,,,,,,,,2005,13580.08,...,1.22,1992,1977,1995,1988,2001,1993.0,2016,1977,2001,2003,1984,1995.0,1994.0,1976,,,,,,,,,,,,,,,,,,,,,,,,,,,,
688,Serbia,80802.93,,,,,,,,66342.41,,,,,,,,,,,,,,,,,,,,,1998,66342.41,-17.90,6.85,2000,2006,2002,2008,2007,2001.0,2017,1992,2009,2009,2001,2007.0,2001.0,2001,,,,,,,,,,,,,,,,,,,,,,,,,,,,
690,Seychelles,,,,,,249.28,,,,,330.08,,,,,,,,,,,,,,,,,,,2000,330.08,...,4.08,1993,1977,1993,2005,2002,1993.0,2016,2005,...,2008,1991,1997.0,1992.0,1980,,,,,,,,,,,,,,,,,,,,,,,,,,,,
702,Singapore,,,,,26859.08,,,,,,38789.97,,,,,,,,,,46869.5,,48333.87,,,,,,,2012,48333.87,...,9.0,1996,1986,1996,...,2006,1989.0,2016,...,2005,2005,1994,1999.0,1997.0,2012,,,,,,,,,,,,,,,,,,,,,,,,,,,,
703,Slovakia,73517.13,64096.66,58415.82,55050.77,52701.64,53302.33,53189.63,53130.67,52525.6,51197.48,49291.58,51564.19,50196.23,50412.28,51271.02,51271.66,51168.78,49417.37,49935.39,45653.72,46405.54,45704.01,43185.82,42855.65,40791.62,41830.67,42316.79,43475.29,43348.35,2018,43348.35,-41.04,7.95,1993,1993,1994,1995,2002,1993.0,2016,1993,2007,2002,1996,2002.0,1994.0,1993,-12.813979544631298,-8.862926711001794,-5.760511450494066,-4.267206435078015,1.139793752148894,-0.21143541004681102,-0.11084867482627558,-1.138833747061725,-2.52851942671763,-3.722644161392321,4.610544032063895,-2.6529263816613797,0.4304108097361009,1.7034341632633911,0.0012482685150533262,-0.20065665905883417,-3.422809767987425,1.0482548949893464,-8.574419865350002,1.646788038302245,-1.511737607190863,-5.509779120037831,-0.7645333584032867,-4.816237765615499,2.547214354320803,1.1621138270077975,2.737684025655065,-0.2919819511267258
705,Slovenia,18609.59,17289.66,17371.45,17555.31,17944.6,18634.26,19281.69,19647.74,19411.18,18788.62,19037.6,19952.64,20121.41,19844.1,20156.01,20456.75,20625.25,20789.28,21514.46,19530.1,19555.22,19565.61,19004.84,18307.64,16575.01,16750.9,17607.61,17366.76,17502.14,2018,17502.14,-5.95,8.42,1993,2000,1996,1999,2002,1992.0,2016,1991,1999,2004,1995,2001.0,1995.0,1992,-7.092740893270621,0.4730573070841236,1.0584032996669857,2.217505700554403,3.8432731852479294,3.4744068184086747,1.8984331767599363,-1.2040061605049805,-3.207223878198035,1.3251638491810447,4.8064882127999375,0.8458529798563019,-1.3781837356328475,1.5718021981344574,1.4920611767904541,0.8236890024075183,0.7952873298505416,3.4882400929709942,-9.223378137308586,0.12862197326179908,0.05313159350802198,-2.866100264699135,-3.6685391721266827,-9.46397241807246,1.0611758303615084,5.114411762950045,-1.3678744588277578,0.7795351579684467
90,Solomon Islands,,,,,294.38,,,,,,422.29,,,,,493.02,,,,,618.61,,,,,,,,,2010,618.61,...,1.17,...,2007,1996,...,2003,1993.0,2016,...,...,2004,1997,1999.0,1994.0,1992,,,,,,,,,,,,,,,,,,,,,,,,,,,,
710,South Africa,347349.36,,,,379837.16,,,,,,,,,,,,,,,,,,,,,,,,,1994,379837.16,9.35,9.36,1994,1975,1996,1991,2002,1990.0,2016,1975,2002,2002,1997,1997.0,1997.0,1997,,,,,,,,,,,,,,,,,,,,,,,,,,,,
728,South Sudan,,,,,,,,,,,,,,,,,,,,,,,31521.81,32646.6,33381.66,33638.5,,,,2015,33638.5,...,3.14,...,...,2014,...,...,2012.0,...,2013,...,...,...,2014.0,2014.0,2016,,,,,,,,,,,,,,,,,,,,,,,3.5682912878416477,2.2515667787763656,0.7694045173307633,,,
724,Spain,289383.33,296990.56,306740.1,296219.09,312944.73,328901.25,321217.52,335660.95,345704.24,373171.35,388776.13,386579.77,404906.86,412869.59,428860.79,443439.52,436395.82,447253.68,413027.78,373425.05,358858.91,358230.88,350958.86,324693.22,326815.62,338254.29,326890.38,340298.29,334255.16,2018,334255.16,15.51,7.16,1994,1986,1994,1985,2002,1988.0,2017,1982,2004,2004,1997,1996.0,1993.0,1982,2.628772707812845,3.2827777421612256,-3.429942808260137,5.646374782935142,5.09883007136756,-2.336181452639654,4.496463953771884,2.992093658794679,7.945262690443133,4.181666143448587,-0.5649420914807671,4.74083007499331,1.9665584327220438,3.8731842662473523,3.3994084653903753,-1.5884240538597036,2.4880760773556414,-7.652457996544593,-9.588393787943279,-3.900686362631541,-0.17500749807214477,-2.0299813349424314,-7.483965499546019,0.6536631716547772,3.5000377276948957,-3.359576016020366,4.101653282057421,-1.7758331962232328
144,Sri Lanka,,,,28326.0,29598.41,29128.0,,,,,18797.24,,,,,,,,,,,,,,,,,,,2000,18797.24,...,1.0,1992,1979,1994,1990,2002,1989.0,2016,1990,2006,2005,1994,1998.0,1993.0,1980,,,,4.4920214643790155,-1.5893083446036453,,,,,,,,,,,,,,,,,,,,,,,
275,State of Palestine,,,,,,,,,,,,,,,,,,,,,,3261.75,,,,,,,,2011,3261.75,...,0.79,2015,...,2015,...,...,2019.0,2016,...,2017,2017,2015,2017.0,2015.0,2011,,,,,,,,,,,,,,,,,,,,,,,,,,,,
729,Sudan,,,,,,54194.0,,,,,67839.6,,,,,,,,,,,,,,,,,,,2000,67839.6,...,2.49,2006,1982,1996,...,2004,1993.0,2017,2005,2005,2006,1985,1995.0,1993.0,1974,,,,,,,,,,,,,,,,,,,,,,,,,,,,
740,Suriname,,,,,,,,,,,,,,3330.0,,,,,,,,,,,,,,,,2003,3330.0,...,6.82,2011,1980,1996,...,2006,1997.0,2019,1985,2000,2011,1998,2000.0,1997.0,1997,,,,,,,,,,,,,,,,,,,,,,,,,,,,
752,Sweden,71184.93,71428.09,70970.22,71276.38,73788.74,73120.48,77087.95,72084.29,72549.44,69454.61,68114.65,68934.26,69642.1,70017.22,69455.15,66624.03,66247.36,65129.16,62753.43,58496.75,64467.31,60131.47,57294.3,55607.71,53846.36,53739.18,53285.94,52715.03,51779.24,2018,51779.24,-27.26,5.19,1991,1974,1994,1983,2002,1988.0,2016,1975,2003,2002,1996,1995.0,1993.0,1985,0.3415891537717372,-0.6410223204904336,0.4313922092956785,3.524814251228809,-0.9056395325357356,5.425935387732686,-6.4908458455569304,0.6452862336578592,-4.265822038047435,-1.929259987206042,1.2032800579611003,1.0268333916981354,0.5386397021341909,-0.8027596639798138,-4.076184415410514,-0.565366580196362,-1.6879163184766868,-3.647720928690011,-6.783183006889026,10.206652506335818,-6.725641259112559,-4.718278132897796,-2.943730877242594,-3.1674564552289577,-0.19904780935981614,-0.8434069890906374,-1.0714083302274549,-1.7751863178300398
756,Switzerland,53778.9,55658.49,55396.14,52921.29,51914.23,52829.75,53432.35,52303.07,53869.04,53658.46,53080.7,54601.12,53068.38,54095.78,54698.08,55414.41,55022.4,53159.34,54524.83,53082.11,54726.72,50615.83,52037.42,52816.49,48877.39,48412.5,48725.31,47873.18,46332.51,2018,46332.51,-13.85,5.43,1990,1974,1995,1995,2003,1988.0,2017,1976,2002,2003,2009,1996.0,1993.0,1975,3.4950324383726636,-0.47135666095145334,-4.467549544065704,-1.9029392518587467,1.763524182098043,1.140645185714486,-2.113476199343654,2.9940307519233595,-0.39091099451559147,-1.076736082250594,2.864355594406264,-2.807158534476958,1.9359927700826773,1.1133955365834507,1.309607211075785,-0.7074152733918885,-3.386002791590343,2.568673726949968,-2.6459871585110877,3.098237805543149,-7.511668888616016,2.8085877481412367,1.49713417767445,-7.4580874268623285,-0.9511350749293271,0.6461347792408937,-1.748844696934709,-3.218232003806721
760,Syrian Arab Republic,,,,,52787.4,55114.49,55256.94,57356.71,62271.89,64533.88,69648.27,69197.2,71073.91,72926.55,74843.52,79215.75,,,,,,,,,,,,,,2005,79215.75,...,4.31,1992,2003,1996,2003,2006,1989.0,2017,1998,2003,2005,...,1997.0,1996.0,1975,,,,,4.408419433425394,0.258461976151833,3.8000113650882525,8.56949431025594,3.632441539834423,7.925123981387772,-0.647639919842958,2.712118409415419,2.606638638566528,2.6286311363968284,5.841828390754465,,,,,,,,,,,,,
762,Tajikistan,24181.0,23972.0,20283.9,18018.0,12093.0,9526.0,7896.0,7932.0,7022.0,6750.0,6750.0,6980.0,7178.0,7500.0,8382.0,7876.0,8458.0,7630.0,7675.0,8266.0,8184.0,,,,,,,,,2010,8184.0,-66.16,1.09,2016,2016,1998,2001,2008,1998.0,2017,2001,...,2007,...,1997.0,1998.0,1992,-0.8643149580248956,-15.38503253796095,-11.170928667563937,-32.883782883782885,-21.227156206069626,-17.11106445517531,0.4559270516717325,-11.472516389309128,-3.8735403019082884,0.0,3.4074074074074074,2.836676217765043,4.48592922819727,11.76,-6.036745406824147,7.389537836465212,-9.789548356585481,0.5897771952817824,7.700325732899023,-0.9920154851197677,,,,,,,,
764,Thailand,,,,,223990.13,,,,,,226086.0,238303.0,249798.0,261886.0,279133.0,287728.0,290984.0,301055.0,303027.0,304459.0,314920.0,314272.0,324780.0,318660.9,,,,,,2013,318660.9,...,4.68,1997,1983,2004,...,2002,1989.0,2016,1998,2002,2005,2011,2001.0,1994.0,1987,,,,,,,,,,,5.403695938713587,4.823690847366588,4.839110000880711,6.585689956698716,3.0791773097412345,1.1316243118500806,3.4610150386275533,0.6550298118284035,0.47256515096014545,3.4359306179157127,-0.20576654388416105,3.34360044801955,-1.884075374099383,,,,,
626,Timor-Leste,,,,,,,,,,,,,,,,,,,,,1276.59,,,,,,,,,2010,1276.59,...,1.17,...,...,2007,...,2008,2009.0,2017,...,...,...,2013,2003.0,2006.0,2016,,,,,,,,,,,,,,,,,,,,,,,,,,,,
768,Togo,,,4258.24,4625.05,4660.06,4995.74,5527.08,5774.8,6277.31,,4917.19,,,,,6158.02,,,,,,,,,,,,,,2005,6158.02,...,1.1,2004,1978,1996,1996,2004,1991.0,2017,1995,2004,2004,1985,1995.0,1995.0,1998,,,8.6141222664763,0.7569647895698471,7.20334072951849,10.635861754214595,4.481932593702285,8.701773221583435,,,,,,,,,,,,,,,,,,,,
776,Tonga,,,,,229.22,,,,,,245.09,,,,,,192.19,,,,,,,,,,,,,2006,192.19,...,1.89,2010,2016,1998,...,2008,1998.0,2016,...,2010,2009,1995,1998.0,1998.0,2004,,,,,,,,,,,,,,,,,,,,,,,,,,,,
780,Trinidad and Tobago,16006.18,,,,,,,,,,,,,,,,,,,,,,,,,,,,,1990,16006.18,0.00,13.11,1994,1984,1996,2018,1999,1989.0,2018,1993,2009,2002,1986,2000.0,1994.0,2005,,,,,,,,,,,,,,,,,,,,,,,,,,,,
788,Tunisia,,,,,25140.76,,,,,,34237.87,,,,,,,,,,,,,,,,,,,2000,34237.87,...,3.53,1995,1974,1993,1987,2003,1989.0,2017,1981,2016,2004,1985,1995.0,1993.0,1975,,,,,,,,,,,,,,,,,,,,,,,,,,,,
792,Turkey,219367.81,226756.07,232975.38,240316.7,234287.67,247761.96,267396.69,278626.96,280231.0,277650.22,298759.82,280301.38,286003.42,305260.93,314668.94,337139.73,358291.53,391422.39,387590.13,395596.0,398882.58,427830.53,447254.81,439325.69,458368.97,472595.01,497741.9,523752.84,520941.59,2018,520941.59,137.47,6.33,1994,1996,1997,...,2009,1991.0,...,1994,2017,2009,...,1998.0,2004.0,1983,3.3679781915131533,2.7427314294166405,3.151114079092824,-2.5087852820881773,5.751173333193325,7.924836403457582,4.199853782782434,0.5756944697670243,-0.9209473612840935,7.6029473342394756,-6.178354237862375,2.0342532741008905,6.7333145876367535,3.0819568033157765,7.1410892984862055,6.273897176105601,9.246900143020401,-0.979059986834174,2.065550534013855,0.830792020141765,7.257261021526689,4.540180898263611,-1.772841749874081,4.3346611485433435,3.10362195765565,5.321023173731778,5.225788706958365,-0.5367512661124664
795,Turkmenistan,,,,,34901.24,,,,,,50315.64,,,,75408.52,,,,,,66367.2,,,,,,,,,2010,66367.2,...,13.05,1996,...,1996,...,1999,1993.0,2016,2009,...,...,...,1996.0,1995.0,1994,,,,,,,,,,,,,,,,,,,,,,,,,,,,
798,Tuvalu,,,,,5.56,,,,,,,,,,,,,,,,,,,,18.43,,,,,2014,18.43,...,1.68,...,...,2003,...,1998,1993.0,2016,...,...,2004,2002,1998.0,1993.0,...,,,,,,,,,,,,,,,,,,,,,,,,,,,,
800,Uganda,,,,,41547.17,,,,,,27559.78,,,,,,,,,,,,,,,,,,,2000,27559.78,...,1.17,1999,1991,1993,2000,2002,1988.0,2016,1988,2008,2004,1990,1997.0,1993.0,1987,,,,,,,,,,,,,,,,,,,,,,,,,,,,
804,Ukraine,942072.46,855689.21,800682.92,710580.89,604307.69,561511.11,514681.25,498995.26,480322.33,449025.44,427203.05,445295.32,430433.29,439724.29,442498.57,441635.07,459266.97,462601.91,450384.56,389970.18,406799.09,428125.58,417169.51,408768.45,362502.5,318938.91,337397.31,322778.65,339244.28,2018,339244.28,-63.99,7.67,1999,1999,1995,1999,2004,1988.0,2016,1991,2002,2007,1999,2002.0,1997.0,1988,-9.169491060167495,-6.428302397315484,-11.253147500636086,-14.95582016003837,-7.081918815231354,-8.33997033469204,-3.0477096261035332,-3.7421056865349764,-6.515809914563,-4.859945129166849,4.23505169263188,-3.3375670779562716,2.158522636573951,0.6309135208337088,-0.1951418735658287,3.9924139176718834,0.7261440987145238,-2.641007253947563,-13.413954510341119,4.315435093011479,5.24251172734924,-2.5590785768979294,-2.0138240687820157,-11.31837596565978,-12.017459189936629,5.787440610491842,-4.332773133253485,5.101214098268272
784,United Arab Emirates,,,,,130435.7,,,,,,129834.0,,,,,195308.0,,,,,,,,,199878.61,,,,,2014,199878.61,...,21.69,1992,1990,2000,2016,2005,1989.0,2016,2007,2002,2002,...,1998.0,1995.0,2001,,,,,,,,,,,,,,,,,,,,,,,,,,,,
826,United Kingdom of Great Britain and Northern Ireland,797812.04,807236.09,786435.91,767022.5,758171.05,751691.0,773629.78,748416.32,747129.66,716725.96,716279.71,719097.19,699596.36,706682.23,703280.27,695430.66,688259.17,676546.33,656112.47,600031.69,614493.22,567259.49,583865.7,570218.68,529981.28,512121.42,486371.7,475259.76,465931.88,2018,465931.88,-41.60,6.94,1994,1976,1994,1985,2002,1988.0,2016,1976,2004,2005,1997,1996.0,1993.0,1984,1.1812368737879575,-2.576715815567653,-2.4685304616875943,-1.1540013493737087,-0.8546949926405191,2.9185902185871626,-3.2591118713139604,-0.17191768346258354,-4.069400751671413,-0.062262290597092367,0.39334912893176627,-2.711849006112784,1.012851181787166,-0.4813988318342125,-1.1161425017653326,-1.0312300582203249,-1.7018066028818886,-3.0203193918737226,-8.547433948329015,2.410127705088381,-7.686615321809406,2.9274450745636647,-2.3373560049853763,-7.056485767881196,-3.36990393321063,-5.02804979334783,-2.284660065542465,-1.9626908871897768
834,United Republic of Tanzania,38988.84,,,,39236.7,,,,,,,,,,,,,,,,,,,,,,,,,1994,39236.7,0.64,1.36,1993,1979,1996,1999,2002,1993.0,2018,2000,2002,2004,1985,1997.0,1996.0,1977,,,,,,,,,,,,,,,,,,,,,,,,,,,,
840,United States of America,6437000.13,6373259.7,6480086.59,6596774.55,6685730.47,6771015.64,6974407.04,7028804.64,7077750.26,7125608.98,7275396.97,7172475.08,7214460.6,7255112.41,7381668.68,7391771.13,7314388.89,7416454.47,7210129.3,6753906.09,6981613.04,6820533.47,6580674.82,6769551.03,6829016.66,6676371.43,6524080.44,6488234.64,6676649.62,2018,6676649.62,3.72,20.41,…,1974,…,...,…,1988.0,2016,1987,...,...,...,2000.0,1992.0,1973,-0.9902194921968986,1.6761734972136733,1.8007160611105348,1.3484759760358935,1.275629796664536,3.0038536434395295,0.7799602129330213,0.6963576668706518,0.6761854860925917,2.1021079099403415,-1.414656690547563,0.5853700365871408,0.5634767760738831,1.7443736616067063,0.13685862151158196,-1.0468700753725884,1.395408167858574,-2.7819919994735693,-6.327531601964474,3.3714852851914645,-2.307197048549117,-3.516713920619459,2.87016476526035,0.8784279745653958,-2.235244656732181,-2.2810443007362653,-0.5494383511923826,2.9039483072702263
858,Uruguay,25658.13,,,,28109.2,,,,32240.39,,28371.21,,30812.3,,30396.31,,35019.52,,37228.81,,31199.58,,34294.76,,32564.6,,32147.55,32006.48,,2017,32006.48,24.74,9.31,1991,1975,1994,1990,2001,1991.0,2016,1984,2003,2004,1992,1999.0,1994.0,1989,,,,,,,,,,,,,,,,,,,,,,,,,,,-0.4388203766694498,
860,Uzbekistan,180315.32,183155.74,176299.41,203048.7,183614.0,184178.05,188963.96,179273.1,173629.76,182190.66,197973.67,199796.95,204220.18,201710.11,198948.62,196226.63,211745.07,212548.44,227298.98,207574.59,199239.54,204026.59,205269.93,,,,,,,2012,205269.93,13.84,6.97,1996,1997,1995,1998,1999,1993.0,2018,2002,...,2019,...,1995.0,1993.0,1993,1.5752516203282028,-3.7434426024540577,15.172648620888754,-9.5714476379312,0.3071933512695047,2.598523548272991,-5.128417080167026,-3.147901163085815,4.930548772284195,8.662908405952319,0.9209709553800759,2.213862624029036,-1.2290998862110527,-1.3690389638873286,-1.3681874244717007,7.908427107982235,0.37940434693473396,6.939848629328922,-8.67772921814256,-4.015448133608255,2.4026606365383034,0.6094009609237682,,,,,,
548,Vanuatu,,,,,299.39,,,,,,586.23,,,,,,,,,,,,,,,,,,,2000,586.23,...,3.17,2019,1989,1993,...,2001,1994.0,2016,2019,2018,2005,1999,1999.0,1993.0,2002,,,,,,,,,,,,,,,,,,,,,,,,,,,,
862,Venezuela (Bolivarian Republic of),,,,,,,,,,192192.24,,,,,,,,,,,,,,,,,,,,1999,192192.24,...,8.1,1998,1977,1994,...,2005,1989.0,2017,1988,2005,2005,...,1998.0,1994.0,1990,,,,,,,,,,,,,,,,,,,,,,,,,,,,
704,Viet Nam,,,,,84454.06,,,,,,135795.01,,,,,,,,,,266049.23,,,278441.86,,,,,,2013,278441.86,...,3.07,1995,1994,1995,...,2002,1994.0,2016,1989,2007,2002,1994,1998.0,1994.0,1987,,,,,,,,,,,,,,,,,,,,,,,,,,,,
887,Yemen,,,,,,17870.11,,,,,25742.09,,,,,,,,,,34139.25,,37942.87,,,,,,,2012,37942.87,...,1.55,1996,1997,1996,2006,2004,1996.0,...,2008,2006,2004,1987,1997.0,1996.0,1980,,,,,,,,,,,,,,,,,,,,,,,,,,,,
894,Zambia,,,,,32770.07,,,,,,14404.7,,,,,,,,,,,,,,,,,,,2000,14404.7,...,1.38,1994,1980,1993,...,2006,1990.0,2016,1991,2011,2006,1983,1996.0,1993.0,1984,,,,,,,,,,,,,,,,,,,,,,,,,,,,
716,Zimbabwe,,,,,27594.22,,,,,,68540.68,,,,,,21184.72,,,,,,,,,,,,,2006,21184.72,...,1.74,2012,1981,1995,2012,2009,1992.0,2017,2013,2012,2012,1993,1997.0,1992.0,1982,,,,,,,,,,,,,,,,,,,,,,,,,,,,
