Country ID,Country,1990,1991,1992,1993,1994,1995,1996,1997,1998,1999,2000,2001,2002,2003,2004,2005,2006,2007,2008,2009,2010,2011,2012,2013,2014,2015,2016,2017,2018,Latest Year,"1000 tonnes of 
CO2 equivalent",%,kg,Basel Convention,CITES,Convention on Biological Diversity,Convention on Migratory Species,Kyoto Protocol,Montreal Protocol,Paris Agreement,Ramsar Convention,Rotterdam Convention,Stockholm Convention,UN Convention on the Law of the Sea,UN Convention to Combat Desertification,UN Framework Convention on Climate Change,World Heritage Convention,1990 Percent Change,1991 Percent Change,1992 Percent Change,1993 Percent Change,1994 Percent Change,1995 Percent Change,1996 Percent Change,1997 Percent Change,1998 Percent Change,1999 Percent Change,2000 Percent Change,2001 Percent Change,2002 Percent Change,2003 Percent Change,2004 Percent Change,2005 Percent Change,2006 Percent Change,2007 Percent Change,2008 Percent Change,2009 Percent Change,2010 Percent Change,2011 Percent Change,2012 Percent Change,2013 Percent Change,2014 Percent Change,2015 Percent Change,2016 Percent Change,2017 Percent Change
4,Afghanistan,,,,,,,,,,,,,,,,5942.65,,,,,,,,19610.0,,,,,,2013,"19,610.00",...,0.608,2013,1985,2002,2015,2013,2004.0,2017,...,2013,2013,...,1995.0,2002.0,1979,,,,,,,,,,,,,,,,,,,,,,,,,,,,
8,Albania,96.1,136.4,108.5,96.1,96.1,93.0,83.7,77.5,74.4,77.5,111.72,114.82,114.83,114.82,117.92,114.97,117.92,117.89,120.98,120.96,,,,,,,,,,2009,120.96,25.87,0.041,1999,2003,1994,2001,2005,1999.0,2016,1996,2010 ,2004,2003,2000.0,1994.0,1989,41.93548387096776,-20.45454545454546,-11.428571428571434,0.0,-3.2258064516128977,-9.999999999999996,-7.407407407407411,-3.9999999999999925,4.166666666666659,44.15483870967742,2.7747941281775814,0.008709284096851694,-0.008708525646612486,2.6998780700226517,-2.5016960651289035,2.5658867530660197,-0.02544097693351521,2.621087454406653,-0.016531658125318423,,,,,,,,,
12,Algeria,,,,,9300.0,,,,,,6500.7,,,,,,,,,,,,,,,,,,,2000,"6,500.70",...,0.209,1998,1983,1995,2005,2005,1992.0,2016,1984,...,2006,1996,1996.0,1993.0,1974,,,,,,,,,,,,,,,,,,,,,,,,,,,,
24,Angola,,,,,,,,,,,13940.7,,,,,13869.4,,,,,,,,,,,,,,2005,"13,869.40",...,0.714,2017,2013,1998,2006,2007,2000.0,...,...,...,2006,1990,1997.0,2000.0,1991,,,,,,,,,,,,,,,,,,,,,,,,,,,,
28,Antigua and Barbuda,1.58,,,,,,,,,,83.7,,,,,,,,,,,,,,,,,,,2000,83.70,"5,194.12",1.101,1993,1997,1993,2007,1998,1992.0,2016,2005,2010,2003,1989,1997.0,1993.0,1983,,,,,,,,,,,,,,,,,,,,,,,,,,,,
32,Argentina,51823.68,,,,56689.61,,,62089.62,,,67503.73,,,,,,,,,,75178.82,,73154.41,,,,,,,2012,"73,154.41",41.16,1.752,1991,1981,1995,1992,2005,1990.0,2016,1992,2004,2005,1995,1997.0,1994.0,1978,,,,,,,,,,,,,,,,,,,,,,,,,,,,
51,Armenia,169.57,,,,,,,,,,480.81,,,,,,682.93,,,,484.07,,,,,,,,,2010,484.07,185.47,0.168,1999,2008,1993,2011,2003,1999.0,2017,1993,2003,2003,2002,1997.0,1993.0,1993,,,,,,,,,,,,,,,,,,,,,,,,,,,,
36,Australia,53.48,52.21,51.57,53.14,54.75,52.3,56.55,59.22,60.04,61.7,64.99,66.06,67.83,63.83,69.46,69.78,69.54,64.29,65.21,66.51,66.15,68.72,69.87,65.95,67.44,65.63,65.66,71.36,67.5,2018,67.50,26.20,0.003,1992,1976,1993,1991,2007,1989.0,2016,1975,2004,2004,1994,2000.0,1992.0,1974,-2.3747195213163725,-1.2258188086573463,3.04440566220671,3.0297327813323287,-4.474885844748864,8.126195028680689,4.721485411140587,1.384667342114151,2.764823451032651,5.332252836304687,1.646407139559944,2.679382379654853,-5.897095680377414,8.820303932320218,0.4606968039159335,-0.3439380911435868,-7.549611734253666,1.431015710063754,1.9935592700506235,-0.5412719891745593,3.885109599395303,1.673457508731091,-5.610419350221842,2.2592873388930927,-2.6838671411625183,0.04571080298644087,8.681084374048131,-5.409192825112107
40,Austria,14.5,14.61,13.98,14.08,13.92,14.24,14.34,14.43,14.59,14.56,14.49,14.08,14.09,14.06,12.09,12.09,12.12,12.16,12.77,12.02,11.37,11.68,11.58,11.53,11.81,11.84,12.15,11.95,11.83,2018,11.83,-18.39,0.001,1993,1982,1994,2005,2002,1989.0,2016,1983,2002,2002,1995,1997.0,1994.0,1992,0.7586206896551685,-4.312114989733053,0.7153075822603694,-1.1363636363636374,2.2988505747126458,0.7022471910112335,0.6276150627615054,1.1088011088011098,-0.20562028786839862,-0.4807692307692327,-2.8295376121463085,0.07102272727272575,-0.21291696238466543,-14.011379800853488,0.0,0.24813895781637188,0.3300330033003377,5.016447368421048,-5.873140172278778,-5.407653910149754,2.726473175021992,-0.8561643835616408,-0.4317789291882618,2.4284475281873474,0.25402201524131546,2.6182432432432474,-1.6460905349794326,-1.0041841004184036
31,Azerbaijan,3772.7,1925.1,2132.8,1701.9,1429.1,1295.8,1308.2,1515.9,1729.8,2346.7,2343.6,2548.2,2700.1,2777.6,2879.9,2852.0,2873.7,3084.5,3025.6,3193.0,3137.2,3087.6,3422.4,2767.12,,,,,,2013,"2,767.12",-26.65,0.295,2001,1998,2000,...,2000,1996.0,2017,2001,...,2004,2016,1998.0,1995.0,1993,-48.97288414133114,10.789049919484716,-20.203488372093027,-16.029143897996367,-9.32754880694143,0.9569377990430693,15.876777251184837,14.110429447852752,35.663082437275975,-0.13210039630118506,8.730158730158728,5.961070559610709,2.8702640642939152,3.6830357142857206,-0.9687836383207782,0.7608695652173849,7.335490830636468,-1.9095477386934703,5.532786885245905,-1.7475728155339862,-1.5810276679841868,10.843373493975909,-19.146797568957464,,,,,
44,Bahamas,,,,,310.0,,,,,,38.51,,,,,,,,,,,,,,,,,,,2000,38.51,...,0.129,1992,1979,1993,...,1999,1993.0,2016,1997,...,2005,1983,2000.0,1994.0,2014,,,,,,,,,,,,,,,,,,,,,,,,,,,,
48,Bahrain,,,,,40.92,,,,,,,,,,,,,,,,,,,,,,,,,1994,40.92,...,0.074,1992,2012,1996,...,2006,1990.0,2016,1998,2012,2006,1985,1997.0,1994.0,1991,,,,,,,,,,,,,,,,,,,,,,,,,,,,
50,Bangladesh,,,,,4458.76,,,,,,,16414.5,,,,19114.6,,,,,,,,,,,,,,2005,"19,114.60",...,0.137,1993,1981,1994,2005,2001,1990.0,2016,1992,...,2007,2001,1996.0,1994.0,1983,,,,,,,,,,,,,,,,,,,,,,,,,,,,
52,Barbados,49.6,,,,49.6,,,49.6,,,,,,,,,,,,,,,,,,,,,,1997,49.60,...,0.185,1995,1992,1994,...,2000,1992.0,2016,2006,...,2004,1993,1997.0,1994.0,2002,,,,,,,,,,,,,,,,,,,,,,,,,,,,
112,Belarus,55.77,54.2,48.47,48.96,41.79,38.96,41.68,42.99,52.52,41.1,41.7,41.72,37.32,39.33,40.66,41.94,44.29,43.95,46.37,47.35,46.88,49.48,48.49,48.21,47.31,46.35,46.89,48.44,47.05,2018,47.05,-15.64,0.005,1999,1995,1993,2003,2005,1988.0,2016,1991,...,2004,2006,2001.0,2000.0,1988,-2.815133584364354,-10.571955719557202,1.0109345987208624,-14.644607843137258,-6.7719550131610395,6.981519507186855,3.1429942418426156,22.16794603396139,-21.744097486671745,1.4598540145985435,0.0479616306954341,-10.546500479386383,5.385852090032149,3.38164251207729,3.148057058534189,5.603242727706251,-0.7676676450665981,5.506257110352661,2.113435410825974,-0.9926082365364284,5.54607508532422,-2.0008084074373382,-0.5774386471437433,-1.866832607342872,-2.0291693088142058,1.1650485436893185,3.3056088718276753,-2.8695293146160212
56,Belgium,33.8,33.36,32.43,33.35,34.71,36.33,37.8,37.05,36.67,36.69,34.27,32.94,31.76,28.75,29.38,28.55,25.18,23.42,23.4,23.73,25.46,21.39,21.16,20.63,20.74,20.25,19.34,20.06,19.14,2018,19.14,-43.39,0.002,1993,1983,1997,1990,2002,1988.0,2017,1986,2002,2006,1998,1997.0,1996.0,1996,-1.3017751479289874,-2.787769784172661,2.8368794326241185,4.077961019490253,4.667242869490053,4.046242774566471,-1.9841269841269844,-1.0256410256410136,0.054540496318505646,-6.5958026710275135,-3.8809454333236224,-3.5822707953855377,-9.477329974811086,2.191304347826083,-2.825051055139545,-11.803852889667253,-6.989674344718022,-0.0853970964987324,1.4102564102564183,7.290349768225876,-15.98586017282011,-1.075268817204303,-2.5047258979206104,0.5332040717401815,-2.3625843780134934,-4.4938271604938285,3.7228541882109556,-4.586241276171476
84,Belize,,,,,171.12,,,,,,11637.47,,,598.3,,,620.0,,,489.8,,,,,,,,,,2009,489.80,...,1.557,1997,1986,1994,...,2003,1998.0,2016,1998,2005,2010,1983,1998.0,1994.0,1990,,,,,,,,,,,,,,,,,,,,,,,,,,,,
204,Benin,,,,,,530.16,,,,,2511.0,,,,,,,,,,,,,,,,,,,2000,"2,511.00",...,0.366,1997,1984,1994,1986,2002,1993.0,2016,2000,2004,2004,1997,1996.0,1994.0,1982,,,,,,,,,,,,,,,,,,,,,,,,,,,,
64,Bhutan,,,,,660.3,,,,,,465.0,,,,,,,,,,,,,,,,,,,2000,465.00,...,0.787,2002,2002,1995,...,2002,2004.0,2017,2012,...,...,...,2003.0,1995.0,2001,,,,,,,,,,,,,,,,,,,,,,,,,,,,
68,Bolivia (Plurinational State of),576.6,,,,858.7,,,,855.6,,914.5,,1225.8,,1386.91,,,,,,,,,,,,,,,2004,"1,386.91",140.53,0.153,1996,1979,1995,2003,1999,1994.0,2016,1990,2003,2003,1995,1996.0,1994.0,1976,,,,,,,,,,,,,,,,,,,,,,,,,,,,
70,Bosnia and Herzegovina,3127.9,2600.9,1596.5,747.1,852.5,936.2,1094.3,1140.8,1168.7,1261.7,1233.8,1460.1,,,,,,,,,,,,1860.0,1550.0,,,,,2014,"1,550.00",-50.45,0.445,2001,2009,2002,2017,2007,1993.0,2017,1992,2007,2010,1994,2002.0,2000.0,1993,-16.84836471754212,-38.61740166865316,-53.20388349514563,14.107883817427384,9.818181818181824,16.887417218543035,4.2492917847025495,2.4456521739130515,7.957559681697612,-2.2113022113022183,18.341708542713565,,,,,,,,,,,,,-16.666666666666664,,,,
72,Botswana,,,,,2038.56,,,,,,,,,,,,,,,,,,,,,12475.14,,,,2015,"12,475.14",...,5.883,1998,1977,1996,...,2003,1991.0,2016,1997,2008,2002,1990,1996.0,1994.0,1998,,,,,,,,,,,,,,,,,,,,,,,,,,,,
76,Brazil,103022.3,106320.7,108732.5,110961.4,114938.7,117431.1,110338.3,113915.7,119024.5,120118.8,125584.1,128228.4,134986.4,144497.2,149711.4,151890.7,153865.4,151456.7,152578.9,153654.6,160747.4,168748.5,168751.6,173308.6,177397.5,175884.7,,,,2015,"1,75,884.70",70.72,0.86,1992,1975,1994,2015,2002,1990.0,2016,1993,2004,2004,1988,1997.0,1994.0,1977,3.201636927150718,2.2684199784237715,2.0498930862437583,3.584399620048056,2.1684602314103163,-6.039967265911673,3.2422105470176668,4.4847198410754645,0.9193905456439664,4.549912253535669,2.1056009478906867,5.270283338168456,7.045746830791856,3.6085128293143276,1.4556673706878818,1.3000795967099912,-1.5654591610589401,0.7409378389995176,0.7050122920010641,4.616067465601413,4.977436649053114,0.0018370533664037432,2.7004188404732163,2.3593174256788143,-0.8527741371778003,,,
96,Brunei Darussalam,,,,,,,,,,,,,,,,,,,,,27.6,,,,,,,,,2010,27.60,...,0.071,2002,1990,2008,...,2009,1993.0,2016,...,...,...,1996,2002.0,2007.0,2011,,,,,,,,,,,,,,,,,,,,,,,,,,,,
100,Bulgaria,30.72,24.05,20.31,18.34,17.83,17.27,16.81,16.0,13.19,13.74,13.98,14.25,14.02,13.46,15.48,14.93,13.34,13.47,14.25,12.93,14.56,13.4,13.65,14.98,16.53,16.9,17.99,17.93,17.58,2018,17.58,-42.77,0.002,1996,1991,1996,1999,2002,1990.0,2016,1976,2000,2004,1996,2001.0,1995.0,1974,-21.71223958333333,-15.55093555093556,-9.699655342195959,-2.7808069792802703,-3.140773976444188,-2.663578459756809,-4.818560380725751,-17.562500000000004,4.169825625473849,1.746724890829696,1.9313304721030013,-1.6140350877193015,-3.9942938659058393,15.007429420505197,-3.552971576227395,-10.649698593436034,0.9745127436281917,5.790645879732734,-9.263157894736844,12.606341840680594,-7.967032967032968,1.8656716417910446,9.743589743589745,10.347129506008015,2.238354506957032,6.449704142011833,-0.3335186214563576,-1.9520356943669905
854,Burkina Faso,,,,,365.8,,,,,,,,,,,,,8728.67,,,,,,,,,,,,2007,"8,728.67",...,0.612,1999,1989,1993,1990,2005,1989.0,2016,1990,2002,2004,2005,1996.0,1993.0,1987,,,,,,,,,,,,,,,,,,,,,,,,,,,,
108,Burundi,,,,,,,,,909.23,,,,,,,295.92,,,,,353.8,,,,,386.0,,,,2015,386.00,...,0.038,1997,1988,1997,2011,2001,1997.0,...,2002,2004,2005,...,1997.0,1997.0,1982,,,,,,,,,,,,,,,,,,,,,,,,,,,,
132,Cabo Verde,,,,,,6.23,,,,,93.0,,,,,,,,,,,,,,,,,,,2000,93.00,...,0.217,1999,2005,1995,2006,2006,2001.0,2017,2005,2006,2006,1987,1995.0,1995.0,1988,,,,,,,,,,,,,,,,,,,,,,,,,,,,
116,Cambodia,,,,,3667.3,,,,,,2864.4,,,,,,,,,,,,,,,,,,,2000,"2,864.40",...,0.236,2001,1997,1995,...,2002,2001.0,2017,1999,2013,2006,...,1997.0,1995.0,1991,,,,,,,,,,,,,,,,,,,,,,,,,,,,
120,Cameroon,,,,,145246.16,,,,,,16120.0,,,,,,,,,,,,,,,,,,,2000,"16,120.00",...,1.039,2001,1981,1995,1983,2002,1989.0,2016,2006,2002,2009,1985,1997.0,1994.0,1982,,,,,,,,,,,,,,,,,,,,,,,,,,,,
124,Canada,130.42,125.44,127.29,127.25,137.17,138.97,146.07,141.82,129.17,121.88,120.31,116.89,116.42,121.34,128.67,124.87,117.22,119.67,125.53,114.86,112.05,112.79,117.41,123.89,119.84,122.45,124.97,122.67,127.33,2018,127.33,-2.37,0.003,1992,1975,1993,...,2002,1988.0,2016,1981,2002,2001,2003,2016.0,1992.0,1976,-3.8184327557123066,1.4748086734693946,-0.031424306701238316,7.795677799607064,1.3122402857767816,5.109016334460671,-2.909563907715479,-8.919757439007196,-5.64372532321746,-1.2881522809320587,-2.84265647078381,-0.40208743262896646,4.226077993471914,6.040876874896971,-2.953291365508653,-6.126371426283339,2.090087015867602,4.896799532046461,-8.499960168883934,-2.4464565558070714,0.6604194556001866,4.096107810976141,5.519121028873183,-3.2690289773185865,2.177903871829105,2.057982850142912,-1.84044170600944,3.798809814950678
140,Central African Republic,,,,,25643.2,,,,,,,,,2612.37,2614.23,2615.78,78.74,80.29,81.84,83.7,85.56,,,,,,,,,2010,85.56,...,0.02,2006,1980,1995,...,2008,1993.0,2016,2006,...,2008,...,1996.0,1995.0,1980,,,,,,,,,,,,,,0.07119971520114407,0.059290881062499544,-96.98980801137711,1.9685039370078885,1.9305019305019266,2.272727272727272,2.2222222222222214,,,,,,,,
148,Chad,,,,773.85,,,,,17877.7,16557.1,16324.6,17666.9,15633.3,14973.0,,,,,,,,,,,,,,,,2003,"14,973.00",...,1.597,2004,1989,1994,1997,2009,1994.0,2017,1990,2004,2004,2009,1996.0,1994.0,1999,,,,,,,,,-7.386856251083765,-1.4042314173375663,8.22255981769845,-11.510791366906487,-4.22367638310529,,,,,,,,,,,,,,,
152,Chile,5797.0,,,7123.8,6386.0,,,,,,6944.0,,,,,,7969.0,,,,7378.0,,,7192.0,,,6913.0,,,2016,"6,913.00",19.25,0.38,1992,1975,1994,1983,2002,1990.0,2017,1981,2005,2005,1997,1997.0,1994.0,1980,,,,-10.356832027850308,,,,,,,,,,,,,,,,,,,,,,,,
156,China,,,,,264120.0,,,,,,,,,,,500000.0,,,,,546530.0,,638600.0,,609770.0,,,,,2014,"6,09,770.00",...,0.436,1991,1981,1993,...,2002,1991.0,2016,1992,2005,2004,1996,1997.0,1993.0,1985,,,,,,,,,,,,,,,,,,,,,,,,,,,,
170,Colombia,24636.63,,,,28337.72,,,,,,33321.9,,,,34375.9,,,,,,,,,,,,,,,2004,"34,375.90",39.53,0.817,1996,1981,1995,...,2001,1993.0,2018,1998,2008,2008,...,1999.0,1995.0,1983,,,,,,,,,,,,,,,,,,,,,,,,,,,,
174,Comoros,,,,,386.17,,,,,,146.86,,,,,,,,,,,,,,,,,,,2000,146.86,...,0.271,1994,1994,1994,...,2008,1994.0,2016,1995,...,2007,1994,1998.0,1994.0,2000,,,,,,,,,,,,,,,,,,,,,,,,,,,,
178,Congo,,,,,117.8,,,,,,266.6,,,,,,,,,,,,,,,,,,,2000,266.60,...,0.085,2007,1983,1996,2000,2007,1994.0,2017,1998,2006,2007,2008,1999.0,1996.0,1987,,,,,,,,,,,,,,,,,,,,,,,,,,,,
184,Cook Islands,,,,,37.14,,,,,,,,,,,,,,,,,,,,,,,,,1994,37.14,...,1.947,,,,,,,,,,,,,,,,,,,,,,,,,,,,,,,,,,,,,,,,,,
188,Costa Rica,184.83,,,,,,2551.3,,,,2565.13,,,,,2592.28,,,,,,,,,,,,,,2005,"2,592.28","1,302.51",0.605,1995,1975,1994,2007,2002,1991.0,2016,1992,2009,2007,1992,1998.0,1994.0,1977,,,,,,,,,,,,,,,,,,,,,,,,,,,,
384,Côte d’Ivoire,,,,,1700.04,,,,,,185677.6,,,,,,,,,,,,,,,,,,,2000,"1,85,677.60",...,11.284,1994,1994,1995,2003,2007,1993.0,2016,1996,2004,2004,1984,1997.0,1994.0,1981,,,,,,,,,,,,,,,,,,,,,,,,,,,,
191,Croatia,9.78,9.25,9.21,7.87,7.98,7.72,7.63,8.24,7.14,7.83,8.15,8.07,7.96,7.61,8.34,8.32,8.37,8.55,9.58,7.42,8.22,8.47,7.78,5.78,5.56,6.21,5.35,5.81,5.66,2018,5.66,-42.14,0.001,1994,2000,1997,2000,2007,1992.0,2017,1991,2007,2007,1995,2000.0,1996.0,1992,-5.4192229038854745,-0.43243243243242324,-14.549402823018465,1.397712833545112,-3.2581453634085293,-1.1658031088082883,7.994757536041944,-13.349514563106801,9.663865546218494,4.086845466155815,-0.9815950920245406,-1.3630731102850102,-4.396984924623111,9.592641261498022,-0.23980815347721313,0.6009615384615257,2.1505376344086202,12.046783625730987,-22.546972860125262,10.78167115902966,3.041362530413625,-8.146399055489969,-25.70694087403599,-3.8062283737024334,11.690647482014397,-13.848631239935594,8.598130841121495,-2.5817555938037775
192,Cuba,6423.2,,4349.3,,3202.3,,3555.7,,3608.4,,3428.97,,3038.62,,,,,,,,,,,,,,,,,2002,"3,038.62",-52.69,0.271,1994,1990,1994,2008,2002,1992.0,2016,2001,2008,2007,1984,1997.0,1994.0,1981,,,,,,,,,,,,,,,,,,,,,,,,,,,,
196,Cyprus,0.98,0.99,1.09,1.15,1.13,1.27,1.19,1.17,1.25,1.22,1.17,1.28,1.29,1.28,1.15,1.06,1.11,1.09,1.05,1.02,1.08,1.04,1.02,0.94,0.92,0.95,0.97,0.99,1.0,2018,1.00,1.54,0.001,1992,1974,1996,2001,1999,1992.0,2017,2001,2004,2005,1988,2000.0,1997.0,1975,1.020408163265307,10.101010101010111,5.5045871559632875,-1.7391304347826104,12.389380530973463,-6.2992125984252025,-1.6806722689075646,6.8376068376068435,-2.400000000000002,-4.098360655737709,9.40170940170941,0.7812500000000007,-0.7751937984496131,-10.156250000000009,-7.826086956521728,4.7169811320754755,-1.8018018018018032,-3.6697247706422047,-2.8571428571428594,5.8823529411764754,-3.703703703703707,-1.9230769230769247,-7.843137254901968,-2.1276595744680753,3.2608695652173822,2.105263157894739,2.061855670103095,1.010101010101011
203,Czechia,31.5,27.01,24.18,21.68,21.29,22.28,21.48,21.38,20.99,20.33,21.75,22.58,21.25,19.67,21.97,21.34,20.93,21.12,21.37,18.54,18.12,20.27,19.78,19.03,19.37,20.71,21.82,21.54,20.38,2018,20.38,-35.31,0.002,1993,1993,1994,1994,2001,1993.0,2017,1993,2000,2002,1996,2000.0,1993.0,1993,-14.25396825396825,-10.477600888559799,-10.33912324234905,-1.798892988929892,4.6500704556129735,-3.590664272890488,-0.4655493482309191,-1.8241347053320887,-3.1443544545021447,6.984751598622734,3.8160919540229807,-5.890168290522579,-7.435294117647051,11.69293340111844,-2.8675466545288986,-1.9212746016869735,0.9077878643096094,1.183712121212121,-13.242863827795984,-2.2653721682847796,11.8653421633554,-2.4173655648741907,-3.7917087967644085,1.7866526537046759,6.917914300464635,5.359729599227423,-1.2832263978001883,-5.385329619312907
408,Democratic People's Republic of Korea,4030.0,,,,4650.0,,,,,,930.0,,930.0,,,,,,,,,,,,,,,,,2002,930.00,-76.92,0.04,2008,...,1995,...,2005,1995.0,2016,1998,2004,2002,...,2003.0,1994.0,1998,,,,,,,,,,,,,,,,,,,,,,,,,,,,
180,Democratic Republic of the Congo,,,,,2557.19,,,,,8990.0,6606.1,6317.8,6271.3,6060.5,,,,,,,,,,,,,,,,2003,"6,060.50",...,0.118,1994,1976,1995,1990,2005,1994.0,2017,1996,2005,2005,1989,1997.0,1995.0,1974,,,,,,,,,,-26.51724137931034,-4.364148287189116,-0.7360157016683022,-3.3613445378151288,,,,,,,,,,,,,,,
208,Denmark,27.42,26.89,26.05,25.26,24.98,24.75,23.58,23.69,23.85,24.08,23.88,23.22,23.0,22.59,21.14,19.0,18.55,19.15,19.13,18.46,18.13,18.11,17.81,17.79,18.12,18.15,18.66,18.86,18.19,2018,18.19,-33.65,0.003,1994,1977,1994,1983,2002,1988.0,2016,1978,2004,2003,2004,1995.0,1993.0,1979,-1.9328956965718493,-3.123837857939754,-3.0326295585412635,-1.1084718923198777,-0.9207365892714188,-4.727272727272734,0.46649703138254023,0.6753904601097516,0.9643605870020833,-0.8305647840531533,-2.7638190954773876,-0.9474590869939659,-1.7826086956521745,-6.4187693669765356,-10.12298959318827,-2.368421052631575,3.2345013477088833,-0.10443864229764792,-3.5023523261892224,-1.7876489707475722,-0.11031439602867939,-1.6565433462175632,-0.11229646266142379,1.8549747048903984,0.16556291390727143,2.8099173553719097,1.071811361200425,-3.5524920466595873
262,Djibouti,,,,,0.57,,,,,,449.5,,,,,,,,,,,,,,,,,,,2000,449.50,...,0.626,2002,1992,1994,2004,2002,1999.0,2016,2003,2004,2004,1991,1997.0,1995.0,2007,,,,,,,,,,,,,,,,,,,,,,,,,,,,
212,Dominica,,,,,13.07,,,,,,36.45,33.48,31.31,33.17,23.56,30.07,2.36,2.39,2.42,2.39,2.39,2.39,2.39,2.39,2.36,2.36,2.36,2.29,,2017,2.29,...,0.032,1998,1995,1994,...,2005,1993.0,2016,...,2005,2003,1991,1997.0,1993.0,1995,,,,,,,,,,,-8.148148148148165,-6.481481481481477,5.94059405940595,-28.971962616822438,27.63157894736843,-92.15164615896242,1.2711864406779767,1.2552301255230043,-1.2396694214875952,0.0,0.0,0.0,0.0,-1.255230125523023,0.0,0.0,-2.9661016949152477,
214,Dominican Republic,838.24,,,,778.78,,,,2819.45,,3179.98,,,,,,,,,,3483.66,,,,,,,,,2010,"3,483.66",315.59,0.359,2000,1986,1997,2017,2002,1993.0,2017,2002,2006,2007,2009,1997.0,1998.0,1985,,,,,,,,,,,,,,,,,,,,,,,,,,,,
218,Ecuador,151345.1,,,,,,,,,,,,,,,,,,,,7351.46,,7382.68,,,,,,,2012,"7,382.68",-95.12,0.477,1993,1975,1993,2004,2000,1990.0,2017,1991,2004,2004,2012,1995.0,1993.0,1975,,,,,,,,,,,,,,,,,,,,,,,,,,,,
818,Egypt,10329.82,,,,,,,,,,24445.67,,,,,28933.94,,,,,,,,,,,,,,2005,"28,933.94",180.10,0.383,1993,1978,1994,1983,2005,1988.0,2017,1988,...,2003,1983,1995.0,1994.0,1974,,,,,,,,,,,,,,,,,,,,,,,,,,,,
222,El Salvador,,,,,4094.48,,,,,,,,,,,1646.1,,,,,,,,,,,,,,2005,"1,646.10",...,0.272,1991,1987,1994,...,1998,1992.0,2017,1999,1999,2008,...,1997.0,1995.0,1991,,,,,,,,,,,,,,,,,,,,,,,,,,,,
232,Eritrea,,,,,1866.2,,,,,,310.0,,,,,,,,,,,,,,,,,,,2000,310.00,...,0.135,2005,1994,1996,2005,2005,2005.0,...,...,2005,2005,...,1996.0,1995.0,2001,,,,,,,,,,,,,,,,,,,,,,,,,,,,
233,Estonia,4.93,4.8,3.99,3.12,2.82,2.57,2.43,2.46,2.54,2.24,2.29,2.25,2.17,2.34,2.46,2.47,2.43,2.65,2.84,2.68,2.73,2.74,2.91,2.92,3.02,3.1,3.02,3.1,3.06,2018,3.06,-37.89,0.002,1992,1992,1994,2008,2002,1996.0,2016,1994,2006,2008,2005,2012.0,1994.0,1995,-2.636916835699795,-16.874999999999993,-21.80451127819549,-9.615384615384624,-8.865248226950355,-5.44747081712061,1.2345679012345598,3.2520325203252063,-11.811023622047237,2.2321428571428488,-1.746724890829696,-3.555555555555559,7.834101382488476,5.128205128205133,0.40650406504065983,-1.6194331983805683,9.053497942386821,7.169811320754715,-5.633802816901398,1.865671641791038,0.36630036630037477,6.204379562043792,0.34364261168384147,3.424657534246579,2.6490066225165587,-2.5806451612903247,2.6490066225165587,-1.2903225806451624
748,Eswatini,,,,,414.62,,,,,,,,,,,,,,,,,,,,,,,,,1994,414.62,...,0.457,2005,1997,1995,2013,2006,1992.0,2016,2013,2012,2006,2012,1996.0,1996.0,2005,,,,,,,,,,,,,,,,,,,,,,,,,,,,
231,Ethiopia,3100.0,4340.0,4650.0,4650.0,12134.98,11025.4,11851.02,15927.29,16209.34,16341.9,15731.22,16047.5,18274.5,17933.81,19562.18,10924.85,18969.54,13388.1,21952.74,22675.18,23647.45,20752.26,24240.07,24123.86,,,,,,2013,"24,123.86",678.19,0.253,2000,1989,1994,2010,2005,1994.0,2017,...,2003,2003,...,1997.0,1994.0,1977,40.0,7.142857142857142,0.0,160.967311827957,-9.143649186072,7.4883450940555525,34.39594229019949,1.7708599516929702,0.8178001078390575,-3.736897178418668,2.0105242950006463,13.877551020408163,-1.8642917726887123,9.079888768755769,-44.1532078735601,73.63661743639501,-29.42316998725325,63.97203486678469,3.2908876067406556,4.28781601733702,-12.24313826649386,16.806892357748033,-0.47941280697621386,,,,,
242,Fiji,,,,,27.9,,,,,,,,,,628.68,,,,,,,,,,,,,,,2004,628.68,...,0.769,...,1997,1993,2013,1998,1989.0,2016,2006,...,2001,1982,1998.0,1993.0,1990,,,,,,,,,,,,,,,,,,,,,,,,,,,,
246,Finland,21.33,19.86,18.42,18.97,19.35,19.81,19.93,19.98,19.39,19.22,19.47,19.12,19.25,19.7,19.99,20.29,19.6,19.83,20.36,17.46,16.14,15.67,15.64,15.77,15.97,15.99,16.03,16.17,16.0,2018,16.00,-24.97,0.003,1991,1976,1994,1989,2002,1988.0,2016,1975,2004,2002,1996,1995.0,1994.0,1987,-6.891701828410684,-7.250755287009052,2.9858849077089964,2.0031628887717585,2.3772609819121304,0.6057546693589146,0.25087807325640094,-2.9529529529529523,-0.8767405879319324,1.300728407908429,-1.797637390857719,0.6799163179916266,2.337662337662334,1.4720812182741074,1.5007503751875975,-3.4006899950714526,1.173469387755086,2.6727181038830117,-14.243614931237714,-7.560137457044674,-2.9120198265179713,-0.19144862795149561,0.8312020460357993,1.2682308180088844,0.1252348152786448,0.2501563477173291,0.8733624454148505,-1.0513296227582047
250,France,222.75,224.59,223.43,220.7,220.96,226.08,231.18,230.95,208.55,188.9,185.29,184.13,174.92,168.59,163.2,160.03,155.7,156.26,153.65,148.49,140.92,136.0,136.71,135.96,140.05,139.49,135.93,140.98,135.31,2018,135.31,-39.26,0.002,1991,1978,1994,1990,2002,1988.0,2016,1986,2004,2004,1996,1997.0,1994.0,1975,0.8260381593714943,-0.5164967273698725,-1.2218591952736957,0.1178069777979245,2.3171614771904436,2.2558386411889573,-0.099489575222778,-9.699069062567647,-9.422200911052506,-1.9110640550555922,-0.626045658157481,-5.00190083093467,-3.618797164418011,-3.1971054036419804,-1.9424019607843062,-2.7057426732487735,0.3596660244059103,-1.6702931012415112,-3.3582818093068636,-5.097986396390343,-3.491342605733741,0.5220588235294177,-0.5486065393899495,3.0082377169755836,-0.3998571938593375,-2.552154276292209,3.715147502390924,-4.021847070506446
266,Gabon,,,,,949.22,,,,,,291.85,,,,,,,,,,,,,,,,,,,2000,291.85,...,0.238,2008,1989,1997,2008,2006,1994.0,2016,1987,2003,2007,1998,1996.0,1998.0,1986,,,,,,,,,,,,,,,,,,,,,,,,,,,,
270,Gambia,,,,66.01,,,,,,,1102.9,,,,,,,,,,,,,,,,,,,2000,"1,102.90",...,0.837,1997,1977,1994,2001,2001,1990.0,2016,1997,2002,2006,1984,1996.0,1994.0,1987,,,,,,,,,,,,,,,,,,,,,,,,,,,,
268,Georgia,622.85,2006.94,1631.84,1077.87,982.39,999.13,1210.55,338.52,,,1822.09,1810.37,1872.49,1872.8,1857.18,2268.08,2081.2,1865.58,1651.33,2026.79,1997.68,1990.3,2078.44,2223.46,,,,,,2013,"2,223.46",256.98,0.549,1999,1996,1994,2000,1999,1996.0,2017,1997,2007,2006,1996,1999.0,1994.0,1992,222.21883278477966,-18.6901451961693,-33.94756838905775,-8.858211101524295,1.7040075733669935,21.16040955631399,-72.0358514724712,,,,-0.6432174041896958,3.431342764186333,0.01655549562347171,-0.8340452797949536,22.124942116542275,-8.239568269196859,-10.3603690178743,-11.48436411196518,22.73682425681118,-1.4362612801523542,-0.36942853710304496,4.428478118876556,6.977348395912318,,,,,
276,Germany,209.81,202.54,206.74,197.85,201.56,199.67,204.25,194.51,151.74,139.96,140.14,144.99,142.18,144.41,151.71,145.23,143.71,150.03,151.36,148.39,121.6,125.97,123.7,125.53,127.69,129.76,126.96,125.98,119.19,2018,119.19,-43.19,0.001,1995,1976,1994,1984,2002,1988.0,2016,1976,2001,2002,1994,1996.0,1993.0,1976,-3.465039797912402,2.0736644613409783,-4.300087065879856,1.8751579479403628,-0.9376860488192175,2.293784744828974,-4.768665850673199,-21.988586705053716,-7.763279293528404,0.12860817376391712,3.460824889396334,-1.9380646941168371,1.5684343789562454,5.0550515892251315,-4.271307099070607,-1.046615713006942,4.3977454596061465,0.8864893687929164,-1.962209302325599,-18.053777208706784,3.593750000000004,-1.8020163530999413,1.479385610347614,1.7207042141320774,1.6211136345837522,-2.157829839704067,-0.7718966603654615,-5.389744403873635
288,Ghana,2813.56,2520.61,2473.8,2526.5,2569.9,2501.7,2675.3,2802.09,2822.55,2988.4,3069.0,3335.6,3313.9,3434.8,3496.8,3568.1,3960.56,,,,,,,,,,,,,2006,"3,960.56",40.77,0.177,2003,1975,1994,1988,2003,1989.0,2016,1988,2003,2003,1983,1996.0,1995.0,1975,-10.412075804319077,-1.8570901488131817,2.1303258145363335,1.7177914110429484,-2.653799758745487,6.9392812887236826,4.739281575898029,0.7301692665117835,5.875892366831407,2.6970954356846444,8.686868686868685,-0.6505576208178384,3.6482694106641747,1.8050541516245486,2.039007092198574,10.999131190269331,,,,,,,,,,,,
300,Greece,25.05,24.59,24.06,22.19,21.8,22.49,23.07,22.53,22.27,22.12,21.38,20.93,20.79,20.55,20.56,19.99,19.43,19.77,18.97,17.76,18.42,17.6,16.17,15.16,14.47,14.26,14.44,14.65,14.38,2018,14.38,-42.60,0.001,1994,1992,1994,1999,2002,1988.0,2016,1975,2003,2006,1995,1997.0,1994.0,1981,-1.8363273453093847,-2.15534770231802,-7.772236076475468,-1.7575484452456085,3.1651376146788888,2.5789239662072116,-2.340702210663195,-1.154016866400362,-0.6735518634934826,-3.3453887884267717,-2.1047708138447114,-0.6688963210702369,-1.154401154401147,0.04866180048660832,-2.772373540856033,-2.801400700350169,1.7498713329902205,-4.0465351542741566,-6.378492356352121,3.7162162162162162,-4.451682953311619,-8.124999999999998,-6.246134817563398,-4.551451187335089,-1.4512785072563983,1.262272089761569,1.4542936288088701,-1.8430034129692803
308,Grenada,,,,,0.95,,,,,,,,,,,,,,,,,,,,,,,,,1994,0.95,...,0.01,...,1999,1994,...,2002,1993.0,2016,2012,...,...,1991,1997.0,1994.0,1998,,,,,,,,,,,,,,,,,,,,,,,,,,,,
320,Guatemala,6409.25,,,,3614.91,,,,,,5203.97,,,,,5159.02,,,,,,,,,,,,,,2005,"5,159.02",-19.51,0.394,1995,1979,1995,...,1999,1989.0,2017,1990,2010,2008,1997,1998.0,1995.0,1979,,,,,,,,,,,,,,,,,,,,,,,,,,,,
324,Guinea,,,,,227.63,,,,,,38130.0,,,,,,,,,,,,,,,,,,,2000,"38,130.00",...,4.627,1995,1981,1993,1993,2000,1992.0,2016,1993,2000,2007,1985,1997.0,1993.0,1979,,,,,,,,,,,,,,,,,,,,,,,,,,,,
624,Guinea-Bissau,,,,,846.67,,,,,,,,,,,,773.79,,,,7164.1,,,,,,,,,2010,"7,164.10",...,4.705,2005,1990,1996,1995,2005,2002.0,2018,1990,2008,2008,...,1995.0,1995.0,2006,,,,,,,,,,,,,,,,,,,,,,,,,,,,
328,Guyana,223.2,223.2,223.2,223.2,223.2,223.2,223.2,223.2,223.2,238.7,238.7,238.7,238.7,238.7,238.7,,,,,,,,,,,,,,,2004,238.70,6.94,0.32,2001,1977,1994,...,2003,1993.0,2016,...,2007,2007,1993,1997.0,1994.0,1977,0.0,0.0,0.0,0.0,0.0,0.0,0.0,0.0,6.944444444444445,0.0,0.0,0.0,0.0,0.0,,,,,,,,,,,,,,
332,Haiti,,,,,1137.7,1373.3,1435.3,1472.5,1519.0,1522.1,1565.5,,,,,,,,,,,,,,,,,,,2000,"1,565.50",...,0.185,…,...,1996,...,2005,2000.0,2017,...,...,...,1996,1996.0,1996.0,1980,,,,,20.708446866485005,4.514672686230249,2.5917926565874763,3.1578947368421053,0.20408163265305526,2.8513238289205765,,,,,,,,,,,,,,,,,,
340,Honduras,,,,,,978.42,,,,,2287.8,,,,,1834.27,,,,,,,,,,1685.16,,,,2015,"1,685.16",...,0.185,1995,1985,1995,2007,2000,1993.0,2016,1993,2011,2005,1993,1997.0,1995.0,1979,,,,,,,,,,,,,,,,,,,,,,,,,,,,
348,Hungary,28.11,19.12,14.91,15.53,18.73,15.94,17.89,17.88,17.57,17.0,18.14,19.65,17.35,17.09,19.75,18.85,17.93,16.09,13.74,12.76,12.51,13.15,12.94,14.08,14.87,15.21,16.11,16.11,16.3,2018,16.30,-41.99,0.002,1990,1985,1994,1983,2002,1989.0,2016,1979,2000,2008,2002,1999.0,1994.0,1985,-31.981501245108497,-22.01882845188285,4.158283031522463,20.60528010302641,-14.89588894821143,12.23337515683815,-0.055897149245397224,-1.733780760626391,-3.2441661923733656,6.705882352941179,8.324145534729869,-11.70483460559795,-1.4985590778098072,15.564657694558223,-4.556962025316449,-4.880636604774544,-10.26213050752928,-14.605344934742073,-7.132459970887922,-1.9592476489028214,5.11590727418066,-1.5969581749049493,8.809891808346219,5.610795454545448,2.2864828513786257,5.9171597633136,0.0,1.1793916821849861
352,Iceland,1.27,1.23,1.18,1.2,1.21,1.19,1.24,1.22,1.21,1.24,1.17,1.15,1.07,1.04,1.04,1.05,1.08,1.12,1.15,1.06,1.03,1.01,1.03,1.01,1.11,1.05,1.05,1.08,1.03,2018,1.03,-19.27,0.003,1995,2000,1994,...,2002,1989.0,2016,1978,...,2002,1985,1997.0,1993.0,1995,-3.1496062992126013,-4.065040650406507,1.6949152542372898,0.8333333333333341,-1.6528925619834725,4.201680672268911,-1.6129032258064528,-0.8196721311475417,2.4793388429752086,-5.645161290322586,-1.7094017094017109,-6.956521739130422,-2.803738317757012,0.0,0.9615384615384623,2.8571428571428594,3.703703703703707,2.6785714285714106,-7.826086956521728,-2.8301886792452855,-1.9417475728155356,1.980198019801982,-1.9417475728155356,9.90099009900991,-5.40540540540541,0.0,2.8571428571428594,-4.629629629629633
356,India,,,,,55304.0,,,,,,79801.25,,,,,,,,,,114365.2,,,,,,,,,2010,"1,14,365.20",...,0.093,1992,1976,1994,1983,2002,1992.0,2016,1982,2005,2006,1995,1996.0,1993.0,1977,,,,,,,,,,,,,,,,,,,,,,,,,,,,
360,Indonesia,18017.2,17973.8,18972.0,18717.8,18162.9,,,,,,28474.43,,,,,,,,,,,,,,,,,,,2000,"28,474.43",58.04,0.135,1993,1978,1994,...,2004,1992.0,2016,1992,2013,2009,1986,1998.0,1994.0,1989,-0.24088093599450222,5.553639185926186,-1.3398692810457555,-2.964557800596212,,,,,,,,,,,,,,,,,,,,,,,,
364,Iran (Islamic Republic of),,,,,21643.58,,,,,,40145.0,,,,,,,,,,,,,,,,,,,2000,"40,145.00",...,0.612,1993,1976,1996,2008,2005,1990.0,...,1975,2004,2006,...,1997.0,1996.0,1975,,,,,,,,,,,,,,,,,,,,,,,,,,,,
368,Iraq,,,,,,,,5580.0,,,,,,,,,,,,,,,,,,,,,,1997,"5,580.00",...,0.26,2011,2014,2009,2016,2009,2008.0,...,2008,2017,2016,1985,2010.0,2009.0,1974,,,,,,,,,,,,,,,,,,,,,,,,,,,,
372,Ireland,25.94,25.11,24.84,25.25,26.12,27.13,27.52,27.15,28.57,27.75,26.7,25.06,23.91,23.53,23.21,22.69,21.8,21.22,21.03,20.44,21.29,19.93,20.46,21.94,21.33,21.33,21.7,22.65,23.33,2018,23.33,-10.03,0.005,1994,2002,1996,1983,2002,1988.0,2016,1985,2005,2010,1996,1997.0,1994.0,1991,-3.199691595990755,-1.0752688172042995,1.6505636070853469,3.4455445544554495,3.866768759571202,1.4375230372281629,-1.3444767441860501,5.230202578268884,-2.8701435071753596,-3.783783783783786,-6.142322097378279,-4.588986432561846,-1.589293182768712,-1.3599660008499799,-2.240413614821196,-3.9224327897752334,-2.660550458715605,-0.8953817153628545,-2.8055159296243453,4.158512720156545,-6.387975575387503,2.659307576517818,7.2336265884653,-2.7803099361896217,0.0,1.7346460384435116,4.3778801843317945,3.0022075055187627
376,Israel,,,,,,,1898.19,,,,2206.71,,,2420.65,2540.89,2542.67,2564.12,2754.14,2600.35,2362.64,2414.19,1929.19,2261.38,2236.5,2337.73,2296.83,2253.28,1788.47,1936.9,2018,"1,936.90",...,0.231,1994,1979,1995,1983,2004,1992.0,2016,1997,2011,...,...,1996.0,1996.0,1999,,,,,,,,,,,,,,4.967260859686438,0.07005419360933375,0.8436014111150805,7.410729607038672,-5.583957242551213,-9.141461726306076,2.1818812853418286,-20.089553846217573,17.219143785733912,-1.1002131441862981,4.526268723451823,-1.7495604710552584,-1.896091569685163,-20.628150962152954,8.299272562581429
380,Italy,87.37,90.78,89.22,90.71,88.94,92.55,92.93,96.23,97.15,99.02,96.13,96.79,94.73,94.23,96.92,94.07,77.6,75.19,70.15,66.29,64.02,62.27,63.93,61.37,59.85,59.93,60.74,60.43,59.38,2018,59.38,-32.04,0.001,1994,1979,1994,1983,2002,1988.0,2016,1977,2002,...,1995,1997.0,1994.0,1978,3.902941513105181,-1.7184401850627917,1.6700291414481,-1.9512732885018147,4.058916123229142,0.4105888708806156,3.551059937587428,0.9560428140912415,1.9248584662892334,-2.918602302565139,0.6865702694268291,-2.128319041223269,-0.5278158978148422,2.854717181364743,-2.940569541890228,-17.508238545763792,-3.1056701030927796,-6.703019018486491,-5.502494654312187,-3.424347563735118,-2.7335207747578774,2.665810181467796,-4.004379790395749,-2.4767801857585074,0.13366750208855185,1.3515768396462577,-0.5103720777082684,-1.7375475757074255
388,Jamaica,,,,,106535.1,,,,,,,,,,,,3871.9,4984.8,6875.8,6665.0,6640.2,,6590.6,,,,,,,2012,"6,590.60",...,2.319,2003,1997,1995,...,1999,1993.0,2017,1998,2002,2007,1983,1997.0,1995.0,1983,,,,,,,,,,,,,,,,,28.742994395516412,37.93532338308457,-3.065825067628497,-0.37209302325581667,,,,,,,,
392,Japan,106.97,105.97,106.55,106.09,110.31,111.34,115.13,117.84,112.53,91.9,100.35,88.22,86.36,85.83,85.26,83.77,83.35,81.22,78.48,76.32,74.48,73.12,72.05,72.14,70.81,69.59,67.77,68.52,67.11,2018,67.11,-37.26,0.001,1993,1980,1993,...,2002,1988.0,2016,1980,2004,2002,1996,1998.0,1993.0,1992,-0.9348415443582312,0.5473247145418499,-0.43172219615203544,3.9777547365444423,0.9337322092285388,3.403987785162558,2.353860852948847,-4.506109979633402,-18.332889007375808,9.194776931447212,-12.087693074240155,-2.108365450011335,-0.6137100509495149,-0.6641034603285485,-1.7475955899601325,-0.5013728064939736,-2.5554889022195506,-3.373553311992114,-2.752293577981665,-2.4109014675052274,-1.8259935553168627,-1.463347921225393,0.1249132546842518,-1.8436373717770977,-1.7229204914560075,-2.6153182928581797,1.1066843736166445,-2.0577933450087516
400,Jordan,,,,,78.65,,,,,,348.49,,,,,,1550.0,,,,,,,,,,,,,2006,"1,550.00",...,0.259,1989,1978,1994,2001,2003,1989.0,2016,1977,2002,2004,1995,1996.0,1993.0,1975,,,,,,,,,,,,,,,,,,,,,,,,,,,,
398,Kazakhstan,59.56,56.79,59.34,55.13,46.98,43.13,42.91,45.27,49.58,56.95,63.46,61.91,60.62,59.58,57.78,56.33,55.51,55.0,51.92,51.14,51.33,52.63,52.1,52.94,54.81,55.27,55.67,57.2,58.14,2018,58.14,-2.38,0.003,2003,2000,1994,2006,2009,1998.0,2016,2007,2007,2007,...,1997.0,1995.0,1994,-4.6507723304231074,4.490227152667731,-7.094708459723628,-14.783239615454391,-8.194976585781172,-0.5100857871551263,5.499883477044993,9.520653854649867,14.864864864864874,11.431079894644421,-2.44248345414435,-2.0836698433209486,-1.715605410755525,-3.0211480362537717,-2.5095188646590563,-1.4557074383099597,-0.9187533777697676,-5.599999999999997,-1.5023112480739622,0.3715291357059009,2.532631989090209,-1.0070302109063294,1.6122840690978815,3.5323007177937376,0.839262908228427,0.7237199203908061,2.748338422848933,1.6433566433566391
404,Kenya,,,,,417.17,11082.5,,,,,10602.0,,,,,12406.2,,,,,13819.8,,,,,,,,,2010,"13,819.80",...,0.329,2000,1978,1994,1999,2005,1988.0,2016,1990,2005,2004,1989,1997.0,1994.0,1991,,,,,2556.590838267373,,,,,,,,,,,,,,,,,,,,,,,
296,Kiribati,,,,,0.0,,,,,,,,,,,,191.14,200.88,104.39,,,,,,,,,,,2008,104.39,...,1.057,2000,...,1994,...,2000,1993.0,2016,2013,...,2004,2003,1998.0,1995.0,2000,,,,,,,,,,,,,,,,,5.095741341425138,-48.03365193150139,,,,,,,,,,
414,Kuwait,,,,,136.4,,,,,,,,,,,,,,,,,,,,,,413.54,,,2016,413.54,...,0.105,1993,2002,2002,...,2005,1992.0,2018,2015,2006,2006,1986,1997.0,1994.0,2002,,,,,,,,,,,,,,,,,,,,,,,,,,,,
417,Kyrgyzstan,2503.84,2610.85,2621.79,1700.78,1328.44,1169.88,1164.11,1368.46,1358.98,1373.36,1367.32,1411.03,1439.52,1454.86,1452.69,1498.82,1511.53,1550.0,1568.94,1680.26,1699.3,,,,,,,,,2010,"1,699.30",-32.13,0.313,1996,2007,1996,2014,2003,2000.0,...,2003,2000,2006,...,1997.0,2000.0,1995,4.273835388842728,0.41902062546680413,-35.12905305154112,-21.892308235045093,-11.935804402155908,-0.49321297910898626,17.55418302394105,-0.6927495140522937,1.0581465510897792,-0.4397972854895995,3.1967644735687353,2.019092436021914,1.0656329887740301,-0.1491552451782196,3.1754882321761615,0.8480004270025778,2.5451033059218164,1.2219354838709713,7.095236274172367,1.133157963648481,,,,,,,,
418,Lao People's Democratic Republic,37.2,,,,,,,,,,2501.7,,,,,,,,,,,,,,,,,,,2000,"2,501.70","6,625.00",0.47,2010,2004,1996,...,2003,1998.0,2016,2010,2010,2006,1998,1996.0,1995.0,1987,,,,,,,,,,,,,,,,,,,,,,,,,,,,
428,Latvia,10.7,10.32,8.44,6.98,6.2,5.66,5.64,5.62,5.44,5.21,5.23,5.49,5.37,5.52,5.47,5.6,5.6,5.77,5.7,5.77,5.87,5.87,6.09,6.17,6.3,6.45,6.43,6.49,6.29,2018,6.29,-41.25,0.003,1992,1997,1996,1999,2002,1995.0,2017,1995,2003,2004,2004,2002.0,1995.0,1995,-3.5514018691588696,-18.2170542635659,-17.298578199052123,-11.174785100286536,-8.709677419354838,-0.35335689045937213,-0.35460992907800665,-3.2028469750889625,-4.227941176470596,0.38387715930903,4.971319311663476,-2.1857923497267775,2.793296089385465,-0.9057971014492723,2.3765996343692852,0.0,3.0357142857142847,-1.2131715771230398,1.2280701754385859,1.7331022530329383,0.0,3.7478705281090248,1.3136288998357974,2.106969205834682,2.3809523809523867,-0.3100775193798521,0.9331259720062286,-3.081664098613254
422,Lebanon,,,,,970.46,,,,,,1041.6,,,,,,,,,,,954.8,967.2,1008.08,,,,,,2013,"1,008.08",...,0.17,1994,2013,1995,2019,2006,1993.0,...,1999,2006,2003,1995,1996.0,1994.0,1983,,,,,,,,,,,,,,,,,,,,,,1.2987012987013082,4.22663358147229,,,,,
426,Lesotho,,,,,213.9,,,,,,1450.8,,,,,,,,,,,,,,,,,,,2000,"1,450.80",...,0.714,2000,2003,1995,...,2000,1994.0,2017,2004,2008,2002,2007,1995.0,1995.0,2003,,,,,,,,,,,,,,,,,,,,,,,,,,,,
430,Liberia,,,,,,,,,,,310.0,,,,,,,,,,,,,,,,,,,2000,310.00,...,0.109,2004,1981,2001,2004,2002,1996.0,2018,2003,2004,2002,2008,1998.0,2002.0,2002,,,,,,,,,,,,,,,,,,,,,,,,,,,,
438,Liechtenstein,0.03,0.03,0.03,0.03,0.03,0.03,0.03,0.03,0.03,0.03,0.03,0.03,0.03,0.03,0.03,0.03,0.03,0.03,0.03,0.03,0.03,0.03,0.03,0.03,0.03,0.03,0.03,0.03,0.03,2018,0.03,-10.23,0.001,1992,1979,1998,1997,2004,1989.0,2017,1991,2004,2004,...,1999.0,1994.0,...,0.0,0.0,0.0,0.0,0.0,0.0,0.0,0.0,0.0,0.0,0.0,0.0,0.0,0.0,0.0,0.0,0.0,0.0,0.0,0.0,0.0,0.0,0.0,0.0,0.0,0.0,0.0,0.0
440,Lithuania,17.58,18.01,12.34,10.76,9.59,9.42,10.95,11.33,12.13,11.96,12.64,13.02,13.81,14.16,14.92,15.81,15.63,18.32,17.43,10.47,10.11,11.26,10.67,9.9,10.35,10.42,10.18,10.3,9.92,2018,9.92,-43.59,0.004,1999,2001,1996,2002,2003,1995.0,2017,1993,2004,2006,2003,2003.0,1995.0,1992,2.445961319681475,-31.48250971682399,-12.80388978930308,-10.87360594795539,-1.772679874869655,16.242038216560502,3.4703196347032033,7.060900264783767,-1.401483924154987,5.685618729096987,3.0063291139240427,6.067588325652849,2.534395365677043,5.367231638418078,5.965147453083114,-1.1385199240986699,17.210492642354442,-4.858078602620091,-39.93115318416523,-3.4383954154727907,11.37487636003957,-5.239786856127885,-7.216494845360821,4.545454545454538,0.6763285024154617,-2.303262955854129,1.1787819253438212,-3.6893203883495223
442,Luxembourg,1.04,1.08,1.11,1.08,1.07,1.07,1.08,1.07,1.05,1.07,1.07,1.01,1.0,0.92,1.01,0.95,0.94,0.96,0.98,0.97,1.0,1.01,0.99,0.99,1.0,1.0,1.03,1.05,1.05,2018,1.05,0.85,0.002,1994,1983,1994,1983,2002,1988.0,2016,1998,2002,2003,2000,1997.0,1994.0,1983,3.8461538461538494,2.77777777777778,-2.702702702702705,-0.9259259259259267,0.0,0.9345794392523372,-0.9259259259259267,-1.8691588785046744,1.9047619047619064,0.0,-5.607476635514024,-0.990099009900991,-7.9999999999999964,9.78260869565217,-5.940594059405946,-1.0526315789473695,2.1276595744680873,2.0833333333333353,-1.020408163265307,3.092783505154642,1.0000000000000009,-1.980198019801982,0.0,1.010101010101011,0.0,3.0000000000000027,1.9417475728155356,0.0
450,Madagascar,,,,,13032.4,,,,,,20677.0,,,,,13516.0,14208.6,14141.5,14142.3,14335.2,14505.8,,,,,,,,,2010,"14,505.80",...,0.686,1999,1975,1996,2007,2003,1996.0,2016,1999,2004,2005,2001,1997.0,1999.0,1983,,,,,,,,,,,,,,,,5.124297129328206,-0.4722492011880154,0.005657108510407471,1.3639931270019832,1.1900775712930307,,,,,,,,
454,Malawi,331.7,,,,2405.6,,,,,,,,,,,,,,,,,,,,,,,,,1994,"2,405.60",625.23,0.247,1994,1982,1994,2019,2001,1991.0,2017,1997,2009,2009,2010,1996.0,1994.0,1982,,,,,,,,,,,,,,,,,,,,,,,,,,,,
458,Malaysia,5262.38,5805.77,6454.0,7220.3,7063.77,6489.76,6554.02,8343.31,8891.21,8751.61,9455.85,7826.22,9145.56,9369.81,10669.66,11788.83,10877.0,11976.95,14097.09,14722.58,15050.28,13574.35,,,,,,,,2011,"13,574.35",157.95,0.474,1993,1977,1994,...,2002,1989.0,2016,1995,2002,...,1996,1997.0,1994.0,1988,10.32593617336643,11.16527178996067,11.873256894948872,-2.1679154605764266,-8.126113958976584,0.9901752915362081,27.300649067289985,6.566938061752466,-1.5700900102460582,8.04697649918129,-17.234093180412128,16.857946748238604,2.4520094996916537,13.872746619195059,10.489275197147801,-7.734694621942974,10.112622965891337,17.701835609232727,4.437015015155608,2.225832700518528,-9.806661404306102,,,,,,,
462,Maldives,,,,,,,,,,,,,,,,,,,,,,13.33,13.33,14.26,15.81,16.74,,,,2015,16.74,...,0.037,1992,2012,1993,2019,1998,1989.0,2016,...,2006,2006,2000,2002.0,1992.0,1986,,,,,,,,,,,,,,,,,,,,,,0.0,6.97674418604651,10.86956521739131,5.882352941176458,,,
466,Mali,,,,,,554.41,,,,,1773.2,,,,,,,,,,36439.26,,,,,,,,,2010,"36,439.26",...,2.421,2000,1994,1995,1987,2002,1994.0,2016,1987,2003,2003,1985,1995.0,1994.0,1977,,,,,,,,,,,,,,,,,,,,,,,,,,,,
470,Malta,0.19,0.19,0.19,0.2,0.2,0.21,0.2,0.2,0.21,0.2,0.21,0.2,0.2,0.2,0.2,0.2,0.2,0.2,0.19,0.18,0.18,0.15,0.15,0.15,0.15,0.15,0.15,0.14,0.14,2018,0.14,-24.46,0.0,2000,1989,2001,2001,2001,1988.0,2016,1989,2017,2017,1993,1998.0,1994.0,1978,0.0,0.0,5.263157894736847,0.0,4.99999999999999,-4.761904761904753,0.0,4.99999999999999,-4.761904761904753,4.99999999999999,-4.761904761904753,0.0,0.0,0.0,0.0,0.0,0.0,-5.000000000000004,-5.263157894736847,0.0,-16.666666666666664,0.0,0.0,0.0,0.0,0.0,-6.666666666666654,0.0
584,Marshall Islands,,,,,,,,,,,2.02,,,,,2.03,,,,,2.81,,,,,,,,,2010,2.81,...,0.05,2003,...,1993,...,2003,1993.0,2016,2004,2003,2003,1991,1998.0,1992.0,2002,,,,,,,,,,,,,,,,,,,,,,,,,,,,
478,Mauritania,,,,,,20.17,,,,,1660.05,,,,,,,,,,,,,,,,,,,2000,"1,660.05",...,0.631,1996,1998,1996,1998,2005,1994.0,2017,1983,2005,2005,1996,1996.0,1994.0,1981,,,,,,,,,,,,,,,,,,,,,,,,,,,,
480,Mauritius,,,,,,572.57,,,,,302.84,274.91,286.5,300.05,290.69,191.98,71.3,,,,,,,77.5,,,,,,2013,77.50,...,0.062,1992,1975,1993,2004,2001,1992.0,2016,2001,2005,2004,1994,1996.0,1992.0,1995,,,,,,,,,,,-9.222691850482088,4.215925211887518,4.729493891797561,-3.1194800866522288,-33.95713646840277,-62.86071465777685,,,,,,,,,,,,
484,Mexico,31350.47,30231.62,29841.76,30407.08,30599.13,30067.72,30496.94,31118.91,32288.73,31906.31,31975.82,32114.14,30961.53,31307.4,31485.18,31016.82,31192.74,32508.58,31648.35,31841.64,32738.37,32414.5,33078.09,34822.27,,,,,,2013,"34,822.27",11.07,0.293,1991,1991,1993,...,2000,1988.0,2016,1986,2005,2003,1983,1995.0,1993.0,1984,-3.5688460173005447,-1.2895769396413443,1.8943922878543469,0.6315963255925898,-1.7366833632198035,1.4275109652477724,2.0394505153631846,3.7591933650632354,-1.18437609655133,0.21785659325694007,0.43257686589429045,-3.5891043633738926,1.1170959574672268,0.5678529676689819,-1.4875570030090366,0.5671761321760319,4.218417490736627,-2.6461629514423675,0.6107427401428538,2.816218008871401,-0.9892673337127017,2.0472010982739097,5.272916301999301,,,,,
583,Micronesia (Federated States of),,,,,2.92,,,,,,16.09,,,,,,,,,,,,,,,,,,,2000,16.09,...,0.15,1995,...,1994,...,1999,1995.0,2016,...,...,2005,1991,1996.0,1993.0,2002,,,,,,,,,,,,,,,,,,,,,,,,,,,,
492,Monaco,0.01,0.01,0.01,0.01,0.01,0.01,0.01,0.01,0.01,0.01,0.01,0.01,0.01,0.01,0.01,0.01,0.01,0.01,0.01,0.01,0.01,0.01,0.01,0.01,0.01,0.01,0.01,0.01,0.01,2018,0.01,38.87,0.0,1992,1978,1993,1993,2006,1993.0,2016,1997,...,2004,1996,1999.0,1992.0,1978,0.0,0.0,0.0,0.0,0.0,0.0,0.0,0.0,0.0,0.0,0.0,0.0,0.0,0.0,0.0,0.0,0.0,0.0,0.0,0.0,0.0,0.0,0.0,0.0,0.0,0.0,0.0,0.0
496,Mongolia,31.0,31.0,31.0,31.0,31.0,31.0,31.0,31.0,31.0,,,,,,,,458.8,,,,,,,,,,,,,2006,458.80,"1,380.00",0.179,1997,1996,1993,1999,1999,1996.0,2016,1998,2001,2004,1996,1996.0,1993.0,1990,0.0,0.0,0.0,0.0,0.0,0.0,0.0,0.0,,,,,,,,,,,,,,,,,,,,
499,Montenegro,382.85,385.95,362.7,342.55,341.0,347.2,353.71,341.62,330.46,324.26,316.2,300.7,294.5,310.0,306.9,244.9,243.35,226.3,229.4,202.12,226.3,223.82,,,,,,,,2011,223.82,-41.54,0.358,2006,2007,2006,2009,2007,2006.0,2017,2006,2011,2011,2006,2007.0,2006.0,2006,0.8097165991902744,-6.024096385542169,-5.55555555555555,-0.45248868778280876,1.818181818181815,1.8749999999999976,-3.41805433829973,-3.266787658802185,-1.8761726078799217,-2.485659655831741,-4.901960784313726,-2.061855670103089,5.263157894736842,-1.0000000000000073,-20.202020202020194,-0.6329113924050679,-7.0063694267515855,1.3698630136986276,-11.891891891891893,11.963190184049083,-1.095890410958912,,,,,,,
504,Morocco,,,,,8680.0,,,,,,17062.4,,,,,,,,,,29556.98,,17552.2,,,,,,,2012,"17,552.20",...,0.528,1995,1975,1995,1993,2002,1995.0,2016,1980,2011,2004,2007,1996.0,1995.0,1975,,,,,,,,,,,,,,,,,,,,,,,,,,,,
508,Mozambique,716.1,,,,981.15,,,,,,,,,,,,,,,,,,,,,,,,,1994,981.15,37.01,0.066,1997,1981,1995,2009,2005,1994.0,2018,2004,2010,2005,1997,1997.0,1995.0,1982,,,,,,,,,,,,,,,,,,,,,,,,,,,,
104,Myanmar,,,,,,,,,,,2690.99,2780.89,2839.79,2957.62,3094.02,3311.02,,,,,,,,,,,,,,2005,"3,311.02",...,0.068,2015,1997,1995,...,2003,1993.0,2017,2005,...,2004,1996,1997.0,1994.0,1994,,,,,,,,,,,3.340777929312264,2.118026962591116,4.149250472746221,4.611816257666641,7.013529324309474,,,,,,,,,,,,,
516,Namibia,,,,,229.4,,,,,,310.0,,,,,,,,,,,,,,,,,,,2000,310.00,...,0.173,1995,1990,1997,...,2003,1993.0,2016,1995,2005,2005,1983,1997.0,1995.0,2000,,,,,,,,,,,,,,,,,,,,,,,,,,,,
520,Nauru,,,,,0.31,,,,,,0.6,,,0.68,,,,0.35,,,0.44,,,,,,,,,2010,0.44,...,0.044,2001,...,1994,...,2001,2001.0,2016,...,...,2002,1996,1998.0,1993.0,...,,,,,,,,,,,,,,,,,,,,,,,,,,,,
524,Nepal,,,,,9641.0,,,,,,9470.5,,,,,,,,,,,,,,,,,,,2000,"9,470.50",...,0.396,1996,1975,1994,...,2005,1994.0,2016,1988,2007,2007,1998,1996.0,1994.0,1978,,,,,,,,,,,,,,,,,,,,,,,,,,,,
528,Netherlands,60.51,61.09,61.94,62.86,61.24,60.94,61.09,60.21,58.27,55.95,54.18,50.88,48.17,47.76,49.26,48.96,48.81,43.27,30.61,29.94,28.96,28.23,27.69,28.29,28.72,29.56,28.45,29.05,28.02,2018,28.02,-53.70,0.002,1993,1984,1994,1983,2002,1988.0,2017,1980,2000,2002,1996,1995.0,1993.0,1992,0.9585192530160394,1.3913897528236934,1.4853083629318724,-2.5771555838370945,-0.4898758981058201,0.24614374794881144,-1.4404976264527787,-3.2220561368543392,-3.981465591213318,-3.1635388739946437,-6.090808416389806,-5.326257861635222,-0.8511521694000492,3.1407035175879403,-0.6090133982947568,-0.3063725490196049,-11.35013316943249,-29.258146521839617,-2.188827180659909,-3.273213092852373,-2.5207182320442003,-1.9128586609989344,2.166847237269765,1.519971721456344,2.9247910863509743,-3.75507442489851,2.1089630931458747,-3.5456110154905374
554,New Zealand,16.53,16.8,16.92,17.63,18.41,19.23,19.46,19.76,19.57,19.68,20.73,21.99,22.9,23.5,23.65,23.79,23.56,22.72,22.7,22.38,23.07,23.69,24.19,24.26,24.74,25.0,25.06,25.16,25.48,2018,25.48,54.10,0.005,1994,1989,1993,2000,2002,1988.0,2016,1976,2003,2004,1996,2000.0,1993.0,1984,1.6333938294010864,0.7142857142857202,4.196217494089819,4.424276800907551,4.454101032047801,1.1960478419136789,1.5416238437821206,-0.961538461538468,0.562084823709757,5.33536585365854,6.078147612156286,4.13824465666212,2.620087336244548,0.6382978723404196,0.5919661733615247,-0.9667927700714605,-3.5653650254668925,-0.08802816901408263,-1.4096916299559483,3.0831099195710516,2.687472908539233,2.1105951878429714,0.2893757751136845,1.9785655399834992,1.050929668552957,0.2399999999999949,0.399042298483645,1.2718600953895083
558,Nicaragua,,,,,793.6,,,,,,3871.13,,,,,,,,,,,,,,,,,,,2000,"3,871.13",...,0.764,1997,1977,1996,...,1999,1993.0,2017,1997,2008,2005,2000,1998.0,1995.0,1979,,,,,,,,,,,,,,,,,,,,,,,,,,,,
562,Niger,817.56,,,,,,,,,,4960.0,,,,,,,,2170.0,,,,,,,,,,,2008,"2,170.00",165.42,0.142,1998,1975,1995,1983,2004,1992.0,2016,1987,2006,2006,2013,1996.0,1995.0,1974,,,,,,,,,,,,,,,,,,,,,,,,,,,,
566,Nigeria,,,,,3655.29,,,,,,7440.0,,,,,,,,,,,,,,,,,,,2000,"7,440.00",...,0.061,1991,1974,1994,1987,2004,1988.0,2017,2001,2001,2004,1986,1997.0,1994.0,1974,,,,,,,,,,,,,,,,,,,,,,,,,,,,
570,Niue,,,,,0.01,,,,,,0.02,,,,,0.02,0.03,0.05,0.02,0.02,,,,,,,,,,2009,0.02,...,0.012,,,,,,,,,,,,,,,,,,,,,,,,,,,,,,49.999999999999986,66.66666666666669,-60.0,0.0,,,,,,,,,
807,North Macedonia,1251.73,1218.5,1219.15,1195.11,1325.94,1173.34,1057.0,969.98,936.33,844.82,860.49,796.96,568.57,1219.01,1262.41,1091.91,1160.11,1039.21,946.22,905.97,,,,,,,,,,2009,905.97,-27.62,0.438,1997,2000,1998,1999,2004,1994.0,2018,1991,2010,2004,1994,2002.0,1998.0,1997,-2.6547258594105774,0.05334427574887903,-1.971865644096312,10.947109471094725,-11.508816386865178,-9.915284572246742,-8.232734153263953,-3.469143693684403,-9.773263699763971,1.8548329821737126,-7.3830027077595295,-28.657649066452517,114.3992824102573,3.5602661175872297,-13.505913292828794,6.245936020367962,-10.421425554473272,-8.94814330116146,-4.25376762275158,,,,,,,,,
578,Norway,13.8,13.27,11.48,12.15,12.38,12.47,12.53,12.5,12.8,13.52,12.84,12.6,13.42,12.92,13.41,13.64,12.52,11.93,10.45,8.6,8.3,8.29,8.3,8.21,8.24,8.36,8.13,7.99,7.88,2018,7.88,-42.88,0.001,1990,1976,1993,1985,2002,1988.0,2016,1975,2001,2002,1996,1996.0,1993.0,1977,-3.8405797101449353,-13.489073097211751,5.836236933797909,1.8930041152263408,0.7269789983844899,0.48115477145147334,-0.2394253790901785,2.4000000000000057,5.624999999999991,-5.029585798816566,-1.8691588785046744,6.50793650793651,-3.7257824143070044,3.792569659442726,1.7151379567486982,-8.21114369501467,-4.712460063897763,-12.405699916177706,-17.70334928229665,-3.4883720930232434,-0.1204819277108622,0.1206272617611769,-1.0843373493975885,0.36540803897684965,1.456310679611641,-2.751196172248788,-1.7220172201722086,-1.376720901126412
512,Oman,,,,,7087.22,,,,,,,,,,,,,,,,,,,,,,,,,1994,"7,087.22",...,3.299,1995,2008,1995,...,2005,1999.0,2019,2013,2000,2005,1989,1996.0,1995.0,1981,,,,,,,,,,,,,,,,,,,,,,,,,,,,
585,Palau,,,,,6.76,6.26,6.26,6.26,6.26,6.26,10.2,,,,,10.08,,,,,,,,,,,,,,2005,10.08,...,0.509,2011,2004,1999,2008,1999,2001.0,2016,2003,...,2011,1996,1999.0,1999.0,2002,,,,,-7.396449704142012,0.0,0.0,0.0,0.0,62.939297124600635,,,,,,,,,,,,,,,,,,
591,Panama,,,,,2793.1,,,,,,1382.6,,,,,,,,,,,,,,,,,,,2000,"1,382.60",...,0.456,1991,1978,1995,1989,1999,1989.0,2016,1990,2000,2003,1996,1996.0,1995.0,1978,,,,,,,,,,,,,,,,,,,,,,,,,,,,
598,Papua New Guinea,,,,,3782.0,,,,,,4617.76,,,,,,,,,,,,,,,,,,,2000,"4,617.76",...,0.79,1995,1975,1993,...,2002,1992.0,2016,1993,...,2003,1997,2000.0,1993.0,1997,,,,,,,,,,,,,,,,,,,,,,,,,,,,
600,Paraguay,37003.78,,,,9473.6,,,,,,8308.0,,,,,13877.15,,,,,,19895.8,20292.6,,,,,,,2012,"20,292.60",-45.16,3.16,1995,1976,1994,1999,1999,1992.0,2016,1995,2003,2004,1986,1997.0,1994.0,1988,,,,,,,,,,,,,,,,,,,,,,1.9943907759426578,,,,,,
604,Peru,,,,,13531.5,,,,,,11119.0,,,,,,,,,,13784.06,,14197.0,,,,,,,2012,"14,197.00",...,0.481,1993,1975,1993,1997,2002,1993.0,2016,1992,2005,2005,...,1995.0,1993.0,1982,,,,,,,,,,,,,,,,,,,,,,,,,,,,
608,Philippines,,,,,14002.7,,,,,,12378.3,,,,,,,,,,,,,,,,,,,2000,"12,378.30",...,0.159,1993,1981,1994,1994,2003,1991.0,2017,1994,2006,2004,1984,2000.0,1994.0,1985,,,,,,,,,,,,,,,,,,,,,,,,,,,,
616,Poland,95.96,81.48,75.73,79.17,79.19,82.6,82.49,82.77,82.43,80.68,81.35,82.52,77.69,76.71,78.84,79.66,81.13,83.92,82.42,71.6,70.18,71.29,71.58,72.13,70.62,68.18,70.39,73.72,74.18,2018,74.18,-22.69,0.002,1992,1989,1996,1996,2002,1990.0,2016,1978,2005,2008,1998,2001.0,1994.0,1976,-15.089620675281356,-7.0569464899361805,4.542453453056909,0.025262094227606443,4.30609925495643,-0.13317191283292912,0.33943508304036996,-0.4107768515162368,-2.123013465971127,0.8304412493802522,1.4382298709280907,-5.853126514784293,-1.2614236066417865,2.7766914352757266,1.0400811770674696,1.8453427065026347,3.4389251818069844,-1.7874165872259293,-13.127881582140265,-1.9832402234636697,1.5816471929324585,0.40678917099171275,0.7683710533668583,-2.0934423956744643,-3.455111866326816,3.241419771193889,4.730785622957804,0.6239826370048942
620,Portugal,13.04,12.91,12.79,12.5,12.45,12.99,13.64,13.8,13.88,14.24,14.89,14.45,14.11,12.95,13.49,12.91,12.46,13.03,12.72,11.69,11.61,10.73,10.78,10.82,11.23,10.87,10.62,10.91,10.79,2018,10.79,-17.21,0.001,1994,1980,1994,1983,2002,1988.0,2016,1981,2005,2004,1997,1996.0,1993.0,1980,-0.9969325153374158,-0.9295120061967544,-2.2673964034401815,-0.40000000000000563,4.337349397590369,5.003849114703621,1.1730205278592385,0.5797101449275368,2.593659942363108,4.564606741573036,-2.9550033579583697,-2.3529411764705874,-8.221119773210491,4.169884169884177,-4.29948109710897,-3.4856700232377946,4.574638844301753,-2.379125095932454,-8.097484276729567,-0.6843455945252359,-7.579672695951757,0.46598322460390434,0.37105751391466535,3.7892791127541603,-3.2056990204808655,-2.299908003679853,2.7306967984934176,-1.0999083409715948
634,Qatar,,,,,,,,,,,,,,,,,,451.67,,,,,,,,,,,,2007,451.67,...,0.371,1995,2001,1996,...,2005,1996.0,2017,...,2004,2004,2002,1999.0,1996.0,1984,,,,,,,,,,,,,,,,,,,,,,,,,,,,
410,Republic of Korea,9154.61,9672.0,12291.5,12818.5,13677.2,14728.1,15769.7,16761.7,17025.2,17539.8,18342.7,18525.6,18355.1,21758.9,24285.4,22862.5,22158.8,13078.9,12514.7,12945.6,13615.2,13370.3,13943.8,14148.4,13878.7,14322.0,14830.4,,,2016,"14,830.40",62.00,0.291,1994,1993,1995,...,2002,1992.0,2016,1997,2003,2007,1996,1999.0,1993.0,1988,5.651688056618462,27.083333333333332,4.287515762925599,6.698911729141481,7.683590208522209,7.072195327299519,6.290544525260468,1.5720362493064546,3.0225782957028318,4.57758925415342,0.9971269224268936,-0.9203480589022758,18.54416483702079,11.611340646815785,-5.85907582333419,-3.0779661016949187,-40.97649692221601,-4.313818440388709,3.443150854594993,5.172413793103451,-1.7987249544626698,4.289357755622537,1.4673188083592736,-1.9062226117440764,3.1941031941031888,3.5497835497835473,,
498,Republic of Moldova,3212.81,2973.8,2364.4,2330.58,1801.44,1915.92,1790.31,1923.89,1722.52,1564.12,1415.07,1566.28,1610.0,1388.19,1636.99,1647.68,1579.67,983.51,1605.3,1385.61,1581.37,1608.03,1190.09,1674.28,,,,,,2013,"1,674.28",-47.89,0.411,1998,2001,1996,2001,2003,1996.0,2017,2000,2005,2004,2007,1999.0,1995.0,2002,-7.439282123748363,-20.49229941489004,-1.4303840297750026,-22.704219550498156,6.354916067146283,-6.55611925341351,7.461277655824977,-10.466814630774115,-9.19582936627732,-9.529320001022937,10.68569046054259,2.7913272211865072,-13.777018633540369,17.92261866171057,0.653027813242601,-4.127621868323946,-37.739527876075385,63.221522912832604,-13.685292468697444,14.128073556051127,1.685879964840618,-25.990808629192248,40.68515826534128,,,,,
642,Romania,53.29,37.55,37.61,39.85,37.08,39.39,37.67,36.57,32.5,30.64,32.26,31.77,29.3,31.65,35.93,35.4,31.54,31.53,27.52,25.38,26.15,27.31,24.94,25.51,24.57,25.0,25.21,26.35,28.92,2018,28.92,-45.74,0.001,1991,1994,1994,1998,2001,1993.0,2017,1991,2003,2004,1996,1998.0,1994.0,1990,-29.53649840495403,0.15978695073236293,5.9558628024461635,-6.951066499372654,6.229773462783178,-4.366590505204364,-2.9200955667640067,-11.129340989882417,-5.723076923076921,5.287206266318529,-1.5189088654680671,-7.77463015423355,8.020477815699651,13.522906793048978,-1.4750904536598974,-10.903954802259886,-0.03170577045021564,-12.718046305106254,-7.776162790697677,3.033884948778564,4.435946462715106,-8.67813987550347,2.2854851643945477,-3.6848294786358338,1.7501017501017488,0.8400000000000034,4.52201507338358,9.753320683111955
643,Russian Federation,490.08,456.68,414.44,378.33,331.09,305.81,286.92,278.06,252.49,247.05,253.84,254.84,256.87,250.59,248.43,246.99,247.0,253.03,262.1,262.18,251.68,265.5,257.48,262.89,266.35,272.3,283.93,289.44,288.36,2018,288.36,-41.16,0.002,1995,1992,1995,...,2004,1988.0,2019,1977,2011,2011,1997,2003.0,1994.0,1988,-6.815213842637932,-9.249364982044321,-8.712962069298333,-12.486453625142074,-7.635386148781291,-6.177038030149435,-3.08796877178308,-9.19585700927857,-2.1545407738920344,2.748431491600887,0.3939489442168295,0.7965782451734426,-2.444816444115701,-0.8619657608045,-0.5796401400796996,0.0040487469128267966,2.4412955465587047,3.58455519108407,0.030522701259055353,-4.00488214203982,5.491099809281624,-3.0207156308851157,2.101134068665515,1.3161398303473075,2.233902759526934,4.271024605214835,1.9406191666960133,-0.3731343283582034
646,Rwanda,,,,,,,,,,,,,807.53,,,4139.96,,,,,,,,,,,,,,2005,"4,139.96",...,0.468,2004,1980,1996,2005,2004,2001.0,2016,2006,2004,2002,...,1998.0,1998.0,2000,,,,,,,,,,,,,,,,,,,,,,,,,,,,
659,Saint Kitts and Nevis,,,,,34.1,,,,,,,,,,,,,,,,,,,,,,,,,1994,34.10,...,0.819,1994,1994,1993,...,2008,1992.0,2016,...,2012,2004,1993,1997.0,1993.0,1986,,,,,,,,,,,,,,,,,,,,,,,,,,,,
662,Saint Lucia,,,,,22.05,,,,,,32.21,,,,,28.43,,,,,32.67,,,,,,,,,2010,32.67,...,0.188,1993,1982,1993,...,2003,1993.0,2016,2002,...,2002,1985,1997.0,1993.0,1991,,,,,,,,,,,,,,,,,,,,,,,,,,,,
670,Saint Vincent and the Grenadines,248.56,,,,222.21,,,239.2,,,48.67,,,,59.83,,,,,,,,,,,,,,,2004,59.83,-75.93,0.551,1996,1988,1996,...,2004,1996.0,2016,...,2010,2005,1993,1998.0,1996.0,2003,,,,,,,,,,,,,,,,,,,,,,,,,,,,
882,Samoa,,,,,389.25,,,,,,,,,,,,,,,,,,,,,,,,,1994,389.25,...,2.308,2002,2004,1994,2005,2000,1992.0,2016,2005,2002,2002,1995,1998.0,1994.0,2001,,,,,,,,,,,,,,,,,,,,,,,,,,,,
674,San Marino,,,,,,,,,,,,,,,,,,1.86,,,1.75,,,,,,,,,2010,1.75,...,0.056,...,2005,1995,...,2010,2009.0,2018,...,...,...,...,1999.0,1994.0,1991,,,,,,,,,,,,,,,,,,,,,,,,,,,,
678,Sao Tome and Principe,,,,,,,,,,,,,,,,,,,,,,,22.33,,,,,,,2012,22.33,...,0.119,2013,2001,1999,2001,2008,2001.0,2016,2006,2013,2006,1987,1998.0,1999.0,2006,,,,,,,,,,,,,,,,,,,,,,,,,,,,
682,Saudi Arabia,10476.48,,,,,,,,,,11788.06,,,,,,,,,,10684.62,,12049.7,,,,,,,2012,"12,049.70",15.02,0.413,1990,1996,2002,1991,2005,1993.0,2016,...,2000,2012,1996,1997.0,1994.0,1978,,,,,,,,,,,,,,,,,,,,,,,,,,,,
686,Senegal,,,,,,,,,,,3617.7,,,,,1745.3,,,,,,,,,,,,,,2005,"1,745.30",...,0.157,1992,1977,1995,1988,2001,1993.0,2016,1977,2001,2003,1984,1995.0,1994.0,1976,,,,,,,,,,,,,,,,,,,,,,,,,,,,
688,Serbia,8751.3,,,,,,,,6823.1,,,,,,,,,,,,,,,,,,,,,1998,"6,823.10",-22.03,0.704,2000,2006,2002,2008,2007,2001.0,2017,1992,2009,2009,2001,2007.0,2001.0,2001,,,,,,,,,,,,,,,,,,,,,,,,,,,,
690,Seychelles,,,,,,23.25,,,,,11.86,,,,,,,,,,,,,,,,,,,2000,11.86,...,0.146,1993,1977,1993,2005,2002,1993.0,2016,2005,...,2008,1991,1997.0,1992.0,1980,,,,,,,,,,,,,,,,,,,,,,,,,,,,
702,Singapore,,,,,58.9,,,,,,334.87,,,,,,,,,,438.62,,411.67,,,,,,,2012,411.67,...,0.077,1996,1986,1996,...,2006,1989.0,2016,...,2005,2005,1994,1999.0,1997.0,2012,,,,,,,,,,,,,,,,,,,,,,,,,,,,
703,Slovakia,14.48,11.38,9.31,7.75,9.29,9.73,10.35,10.34,9.31,7.84,8.56,9.46,9.25,9.2,10.0,9.8,10.55,10.11,9.95,8.85,8.2,6.99,6.74,6.69,7.1,6.91,7.15,6.77,7.04,2018,7.04,-51.35,0.001,1993,1993,1994,1995,2002,1993.0,2016,1993,2007,2002,1996,2002.0,1994.0,1993,-21.408839779005522,-18.189806678383132,-16.7561761546724,19.870967741935473,4.736275565123804,6.372045220966076,-0.09661835748792065,-9.961315280464209,-15.789473684210531,9.183673469387763,10.514018691588788,-2.219873150105717,-0.5405405405405482,8.695652173913052,-1.9999999999999927,7.653061224489795,-4.170616113744088,-1.5825914935707235,-11.055276381909545,-7.344632768361587,-14.7560975609756,-3.5765379113018594,-0.7418397626112733,6.1285500747384045,-2.676056338028162,3.4732272069464574,-5.314685314685326,3.9881831610044385
705,Slovenia,2.53,2.35,2.56,2.44,2.62,2.78,2.89,2.94,2.94,2.92,3.03,2.99,2.75,2.65,2.58,2.59,2.63,2.65,2.52,2.5,2.47,2.51,2.52,2.42,2.45,2.53,2.55,2.47,2.53,2018,2.53,-0.12,0.001,1993,2000,1996,1999,2002,1992.0,2016,1991,1999,2004,1995,2001.0,1995.0,1992,-7.114624505928843,8.936170212765955,-4.687500000000004,7.377049180327876,6.1068702290076216,3.956834532374112,1.7301038062283676,0.0,-0.680272108843538,3.7671232876712284,-1.3201320132013068,-8.026755852842816,-3.63636363636364,-2.6415094339622582,0.3875968992247979,1.5444015444015458,0.7604562737642593,-4.905660377358487,-0.7936507936507943,-1.1999999999999922,1.61943319838055,0.3984063745020013,-3.9682539682539715,1.2396694214876136,3.265306122448964,0.7905138339920956,-3.1372549019607696,2.429149797570834
90,Solomon Islands,,,,,,,,,,,29.44,,,,,,,,,,,,,,,,,,,2000,29.44,...,0.071,...,2007,1996,...,2003,1993.0,2016,...,...,2004,1997,1999.0,1994.0,1992,,,,,,,,,,,,,,,,,,,,,,,,,,,,
710,South Africa,23302.7,,,,20673.9,,,,,,,,,,,,,,,,,,,,,,,,,1994,"20,673.90",-11.28,0.51,1994,1975,1996,1991,2002,1990.0,2016,1975,2002,2002,1997,1997.0,1997.0,1997,,,,,,,,,,,,,,,,,,,,,,,,,,,,
728,South Sudan,,,,,,,,,,,,,,,,,,,,,,,15213.22,15284.55,15419.04,15429.48,,,,2015,"15,429.48",...,1.44,...,...,2014,...,...,2012.0,...,2013,...,...,...,2014.0,2014.0,2016,,,,,,,,,,,,,,,,,,,,,,,0.4688685235604292,0.8799081425361008,0.06770849547052664,,,
724,Spain,61.38,59.23,57.58,53.62,58.96,58.45,65.83,64.53,66.51,69.85,73.18,69.84,67.19,71.27,68.81,66.39,66.36,66.9,60.54,59.97,61.07,57.8,55.55,57.93,60.12,60.87,60.06,62.18,61.79,2018,61.79,0.66,0.001,1994,1986,1994,1985,2002,1988.0,2017,1982,2004,2004,1997,1996.0,1993.0,1982,-3.502769631801899,-2.785750464291742,-6.877387981938175,9.958970533383074,-0.864993215739481,12.626176218990581,-1.9747835333434562,3.068340306834037,5.021801232897292,4.76735862562636,-4.5640885487838245,-3.7943871706758383,6.072332192290517,-3.451662691174399,-3.5169306786804264,-0.04518752824220686,0.8137432188065193,-9.506726457399111,-0.9415262636273544,1.8342504585626171,-5.354511216636651,-3.8927335640138407,4.284428442844289,3.7804246504401826,1.2475049900199602,-1.3307047806801302,3.5298035298035253,-0.6272113219684796
144,Sri Lanka,,,,7440.0,7827.57,7440.0,,,,,1072.29,,,,,,,,,,,,,,,,,,,2000,"1,072.29",...,0.057,1992,1979,1994,1990,2002,1989.0,2016,1990,2006,2005,1994,1998.0,1993.0,1980,,,,5.209274193548383,-4.951345053445702,,,,,,,,,,,,,,,,,,,,,,,
275,State of Palestine,,,,,,,,,,,,,,,,,,,,,,523.53,,,,,,,,2011,523.53,...,0.126,2015,...,2015,...,...,2019.0,2016,...,2017,2017,2015,2017.0,2015.0,2011,,,,,,,,,,,,,,,,,,,,,,,,,,,,
729,Sudan,,,,,,9920.0,,,,,17670.0,,,,,,,,,,,,,,,,,,,2000,"17,670.00",...,0.648,2006,1982,1996,...,2004,1993.0,2017,2005,2005,2006,1985,1995.0,1993.0,1974,,,,,,,,,,,,,,,,,,,,,,,,,,,,
752,Sweden,19.26,18.85,18.34,19.04,19.15,18.74,18.78,18.79,18.92,18.19,17.9,17.49,17.09,16.98,17.01,16.65,16.46,15.92,16.19,15.62,16.19,15.17,15.04,15.18,15.36,15.43,15.36,15.96,15.11,2018,15.11,-21.54,0.002,1991,1974,1994,1983,2002,1988.0,2016,1975,2003,2002,1996,1995.0,1993.0,1985,-2.1287642782969893,-2.7055702917771964,3.816793893129767,0.5777310924369718,-2.1409921671018286,0.21344717182498774,0.05324813631521837,0.6918573709420041,-3.8583509513742094,-1.5942825728422358,-2.2905027932960906,-2.287021154945675,-0.6436512580456374,0.17667844522968867,-2.1164021164021336,-1.1411411411411276,-3.280680437424064,1.6959798994974957,-3.520691785052514,3.649167733674789,-6.300185299567643,-0.8569545154911059,0.930851063829791,1.1857707509881406,0.4557291666666685,-0.4536616979909286,3.9062500000000098,-5.325814536340861
756,Switzerland,11.16,11.12,10.94,11.25,11.08,11.18,10.94,10.87,10.65,10.55,11.1,10.9,10.99,10.33,10.08,10.46,10.1,10.42,10.0,9.63,10.11,9.87,10.07,9.74,9.67,9.77,9.69,10.34,9.66,2018,9.66,-13.44,0.001,1990,1974,1995,1995,2003,1988.0,2017,1976,2002,2003,2009,1996.0,1993.0,1975,-0.3584229390681086,-1.6187050359712205,2.833638025594155,-1.5111111111111104,0.9025270758122712,-2.146690518783544,-0.6398537477148106,-2.0239190432382603,-0.9389671361502313,5.213270142180084,-1.8018018018017956,0.825688073394494,-6.005459508644223,-2.420135527589545,3.7698412698412773,-3.4416826003824204,3.168316831683171,-4.030710172744721,-3.699999999999992,4.9844236760124465,-2.373887240356085,2.0263424518743776,-3.277060575968223,-0.7186858316221795,1.03412616339193,-0.8188331627430918,6.707946336429313,-6.576402321083169
762,Tajikistan,2790.0,3100.0,2790.0,2790.0,2480.0,2170.0,2170.0,2170.0,2170.0,1860.0,1860.0,1860.0,2170.0,2170.0,2480.0,2480.0,2170.0,2170.0,1860.0,2790.0,2790.0,,,,,,,,,2010,"2,790.00",...,0.371,2016,2016,1998,2001,2008,1998.0,2017,2001,...,2007,...,1997.0,1998.0,1992,11.11111111111111,-10.0,0.0,-11.11111111111111,-12.5,0.0,0.0,0.0,-14.285714285714285,0.0,0.0,16.666666666666664,0.0,14.285714285714285,0.0,-12.5,0.0,-14.285714285714285,50.0,0.0,,,,,,,,
764,Thailand,,,,,17190.12,,,,,,,,,,,,,,,,,,,17118.2,,,,,,2013,"17,118.20",...,0.251,1997,1983,2004,...,2002,1989.0,2016,1998,2002,2005,2011,2001.0,1994.0,1987,,,,,,,,,,,,,,,,,,,,,,,,,,,,
626,Timor-Leste,,,,,,,,,,,,,,,,,,,,,467.18,,,,,,,,,2010,467.18,...,0.427,...,...,2007,...,2008,2009.0,2017,...,...,...,2013,2003.0,2006.0,2016,,,,,,,,,,,,,,,,,,,,,,,,,,,,
768,Togo,,,2638.1,3258.1,2762.1,2783.21,3568.1,3695.2,3757.2,,2346.7,,,,,2895.4,,,,,,,,,,,,,,2005,"2,895.40",...,0.516,2004,1978,1996,1996,2004,1991.0,2017,1995,2004,2004,1985,1995.0,1995.0,1998,,,23.501762632197416,-15.22359657469077,0.7642735599724894,28.200890338853334,3.5621198957428297,1.6778523489932886,,,,,,,,,,,,,,,,,,,,
776,Tonga,,,,,43.4,,,,,,55.8,,,,,,42.78,,,,,,,,,,,,,2006,42.78,...,0.421,2010,2016,1998,...,2008,1998.0,2016,...,2010,2009,1995,1998.0,1998.0,2004,,,,,,,,,,,,,,,,,,,,,,,,,,,,
780,Trinidad and Tobago,332.63,,,,,,,,,,,,,,,,,,,,,,,,,,,,,1990,332.63,...,0.272,1994,1984,1996,2018,1999,1989.0,2018,1993,2009,2002,1986,2000.0,1994.0,2005,,,,,,,,,,,,,,,,,,,,,,,,,,,,
788,Tunisia,,,,,4261.11,,,,,,5760.73,,,,,,,,,,,,,,,,,,,2000,"5,760.73",...,0.593,1995,1974,1993,1987,2003,1989.0,2017,1981,2016,2004,1985,1995.0,1993.0,1975,,,,,,,,,,,,,,,,,,,,,,,,,,,,
792,Turkey,83.32,82.64,84.35,87.04,78.73,79.68,81.99,80.25,84.74,85.74,82.82,77.8,77.68,82.84,84.6,87.45,94.46,91.93,87.02,94.81,99.34,102.93,106.75,113.51,115.03,117.54,125.52,130.34,130.62,2018,130.62,56.77,0.002,1994,1996,1997,...,2009,1991.0,...,1994,2017,2009,...,1998.0,2004.0,1983,-0.8161305808929341,2.0692158760890536,3.1890930646117512,-9.54733455882353,1.2066556585799604,2.8990963855421534,-2.1222100256128735,5.5950155763239815,1.1800802454566912,-3.4056449731747165,-6.061337841101179,-0.15424164524420353,6.642636457260551,2.1245774987928425,3.368794326241145,8.016009148084608,-2.678382384077903,-5.341020341564245,8.95196506550219,4.77797700664487,3.6138514193678315,3.7112600796657853,6.332552693208436,1.3390890670425477,2.182039467964883,6.789178152118419,3.8400254939451943,0.2148227712137495
795,Turkmenistan,,,,,909.01,,,,,,1392.68,,,,1780.92,,,,,,1643.08,,,,,,,,,2010,"1,643.08",...,0.323,1996,...,1996,...,1999,1993.0,2016,2009,...,...,...,1996.0,1995.0,1994,,,,,,,,,,,,,,,,,,,,,,,,,,,,
798,Tuvalu,,,,,0.0,,,,,,,,,,,,,,,,,,,,5.0,,,,,2014,5.00,...,0.455,...,...,2003,...,1998,1993.0,2016,...,...,2004,2002,1998.0,1993.0,...,,,,,,,,,,,,,,,,,,,,,,,,,,,,
800,Uganda,,,,,14164.83,,,,,,16724.5,,,,,,,,,,,,,,,,,,,2000,"16,724.50",...,0.707,1999,1991,1993,2000,2002,1988.0,2016,1988,2008,2004,1990,1997.0,1993.0,1987,,,,,,,,,,,,,,,,,,,,,,,,,,,,
804,Ukraine,179.31,161.98,150.06,140.67,120.79,110.13,95.48,98.04,87.06,79.8,79.8,84.2,85.71,76.65,84.98,86.04,87.22,85.94,103.32,89.89,91.85,111.86,106.99,118.78,118.44,110.73,121.78,116.96,129.69,2018,129.69,-27.67,0.003,1999,1999,1995,1999,2004,1988.0,2016,1991,2002,2007,1999,2002.0,1997.0,1988,-9.66482627851208,-7.3589332016298235,-6.25749700119953,-14.132366531598764,-8.82523387697658,-13.302460728230267,2.681189777963974,-11.199510403916772,-8.339076498966236,0.0,5.5137844611528894,1.79334916864607,-10.570528526426308,10.867579908675797,1.2473523181925186,1.371455137145505,-1.467553313460217,20.22341168256923,-12.998451413085554,2.1804427633774544,21.785519869352214,-4.3536563561594885,11.019721469296202,-0.28624347533255046,-6.509625126646398,9.979228754628371,-3.9579569715881155,10.884062927496583
784,United Arab Emirates,,,,,55118.0,,,,,,6169.0,,,,,6138.0,,,,,,,,,449.82,,,,,2014,449.82,...,0.049,1992,1990,2000,2016,2005,1989.0,2016,2007,2002,2002,...,1998.0,1995.0,2001,,,,,,,,,,,,,,,,,,,,,,,,,,,,
826,United Kingdom of Great Britain and Northern Ireland,155.07,155.8,139.32,125.11,127.25,123.02,122.99,123.84,123.71,91.75,89.55,84.44,78.97,77.55,79.37,76.33,72.51,72.68,70.53,65.66,66.8,64.16,63.7,63.47,65.46,63.8,63.56,64.79,64.46,2018,64.46,-58.43,0.001,1994,1976,1994,1985,2002,1988.0,2016,1976,2004,2005,1997,1996.0,1993.0,1984,0.47075514283872977,-10.577663671373566,-10.19954062589721,1.7104947646071462,-3.3241650294695515,-0.02438627865387834,0.6911130986259115,-0.10497416020672613,-25.834613208309754,-2.3978201634877414,-5.7063093243997765,-6.477972524869728,-1.7981511966569603,2.346872985170867,-3.8301625299231525,-5.004585353072178,0.23445042063163934,-2.9581728123280207,-6.904863178789173,1.7362168748096263,-3.9520958083832345,-0.7169576059850277,-0.36106750392465303,3.135339530486836,-2.5358997861289287,-0.37617554858933366,1.9351793580868533,-0.509337860781004
834,United Republic of Tanzania,15082.65,,,,14376.25,,,,,,,,,,,,,,,,,,,,,,,,,1994,"14,376.25",-4.68,0.499,1993,1979,1996,1999,2002,1993.0,2018,2000,2002,2004,1985,1997.0,1996.0,1977,,,,,,,,,,,,,,,,,,,,,,,,,,,,
840,United States of America,1458.47,1425.6,1423.99,1518.02,1468.32,1507.58,1546.5,1498.87,1499.96,1464.43,1420.5,1471.55,1465.26,1466.93,1498.98,1451.79,1438.64,1476.28,1421.63,1417.66,1447.73,1415.62,1316.32,1473.74,1507.6,1489.33,1429.76,1413.62,1458.15,2018,"1,458.15",-0.02,0.004,…,1974,…,...,…,1988.0,2016,1987,...,...,...,2000.0,1992.0,1973,-2.2537316502910665,-0.11293490460156427,6.603276708403849,-3.2740016600571824,2.6738040754059056,2.5816208758407564,-3.07985774329131,0.07272145015912959,-2.3687298327955393,-2.999801970732644,3.593804998240053,-0.4274404539431187,0.11397294678078108,2.184834995534889,-3.14814073570028,-0.9057783839260406,2.616359895456811,-3.7018722735524334,-0.27925690932239944,2.1211009692027663,-2.2179550054222905,-7.014594312032887,11.959098091649453,2.2975558782417456,-1.2118599097903942,-3.9997851382836536,-1.128860787824537,3.1500686181576523
858,Uruguay,7254.0,,,,7812.0,,,,10594.47,,7507.89,,10217.57,,8282.58,,11545.14,,11873.93,,8466.72,,9768.1,,9202.07,,8575.65,8823.53,,2017,"8,823.53",21.64,2.567,1991,1975,1994,1990,2001,1991.0,2016,1984,2003,2004,1992,1999.0,1994.0,1989,,,,,,,,,,,,,,,,,,,,,,,,,,,2.890509757277886,
860,Uzbekistan,12840.8,13354.7,13329.7,12747.6,11991.1,11428.4,11331.2,11132.0,11195.4,10858.4,10682.2,10350.9,10594.1,10428.8,10438.1,9421.2,9068.8,9118.8,9539.3,9989.2,10479.6,10966.9,11203.7,,,,,,,2012,"11,203.70",-12.75,0.38,1996,1997,1995,1998,1999,1993.0,2018,2002,...,2019,...,1995.0,1993.0,1993,4.002087097377123,-0.18720001198080077,-4.36693999114759,-5.934450406350999,-4.692647046559538,-0.8505127576913558,-1.7579779723242084,0.5695292849443014,-3.0101648891509014,-1.6227068444706303,-3.1014210555878106,2.349554145050196,-1.5603024324860166,0.08917612764652781,-9.742194460677705,-3.7405001486010425,0.5513408609738886,4.611352370925999,4.716278972251648,4.909302046209903,4.649986640711471,2.159224575768915,,,,,,
548,Vanuatu,,,,,9.02,,,,,,179.8,,,,,,,,,,,,,,,,,,,2000,179.80,...,0.972,2019,1989,1993,...,2001,1994.0,2016,2019,2018,2005,1999,1999.0,1993.0,2002,,,,,,,,,,,,,,,,,,,,,,,,,,,,
862,Venezuela (Bolivarian Republic of),,,,,,,,,,16144.8,,,,,,,,,,,,,,,,,,,,1999,"16,144.80",...,0.68,1998,1977,1994,...,2005,1989.0,2017,1988,2005,2005,...,1998.0,1994.0,1990,,,,,,,,,,,,,,,,,,,,,,,,,,,,
704,Viet Nam,,,,,10177.3,,,,,,16389.7,,,,,,,,,,32696.29,,,34645.6,,,,,,2013,"34,645.60",...,0.382,1995,1994,1995,...,2002,1994.0,2016,1989,2007,2002,1994,1998.0,1994.0,1987,,,,,,,,,,,,,,,,,,,,,,,,,,,,
887,Yemen,,,,,,4660.85,,,,,3769.6,,,,,,,,,,4789.5,,6916.1,,,,,,,2012,"6,916.10",...,0.283,1996,1997,1996,2006,2004,1996.0,...,2008,2006,2004,1987,1997.0,1996.0,1980,,,,,,,,,,,,,,,,,,,,,,,,,,,,
894,Zambia,,,,,19470.08,,,,,,5328.71,,,,,,,,,,,,,,,,,,,2000,"5,328.71",...,0.512,1994,1980,1993,...,2006,1990.0,2016,1991,2011,2006,1983,1996.0,1993.0,1984,,,,,,,,,,,,,,,,,,,,,,,,,,,,
716,Zimbabwe,,,,,2982.25,,,,,,36195.6,,,,,,4825.77,,,,,,,,,,,,,2006,"4,825.77",...,0.397,2012,1981,1995,2012,2009,1992.0,2017,2013,2012,2012,1993,1997.0,1992.0,1982,,,,,,,,,,,,,,,,,,,,,,,,,,,,
