Country ID,Country,1990,1991,1992,1993,1994,1995,1996,1997,1998,1999,2000,2001,2002,2003,2004,2005,2006,2007,2008,2009,2010,2011,2012,2013,2014,2015,2016,2017,2018,Latest Year,1000 t,%,kg,Basel Convention,CITES,Convention on Biological Diversity,Convention on Migratory Species,Kyoto Protocol,Montreal Protocol,Paris Agreement,Ramsar Convention,Rotterdam Convention,Stockholm Convention,UN Convention on the Law of the Sea,UN Convention to Combat Desertification,UN Framework Convention on Climate Change,World Heritage Convention,1990 Percent Change,1991 Percent Change,1992 Percent Change,1993 Percent Change,1994 Percent Change,1995 Percent Change,1996 Percent Change,1997 Percent Change,1998 Percent Change,1999 Percent Change,2000 Percent Change,2001 Percent Change,2002 Percent Change,2003 Percent Change,2004 Percent Change,2005 Percent Change,2006 Percent Change,2007 Percent Change,2008 Percent Change,2009 Percent Change,2010 Percent Change,2011 Percent Change,2012 Percent Change,2013 Percent Change,2014 Percent Change,2015 Percent Change,2016 Percent Change,2017 Percent Change
4.0,Afghanistan,,,,,,,,,,,,,,,,61.63,,,,,,,,66.0,,,,,,2013.0,66.0,,2.05,2013,1985,2002,2015,2013,2004.0,2017,,2013,2013,,1995.0,2002.0,1979,,,,,,,,,,,,,,,,,,,,,,,,,,,,
8.0,Albania,17.85,21.11,15.63,16.16,18.85,18.17,18.17,19.37,23.7,27.06,17.85,18.01,18.67,20.17,23.02,25.89,29.37,33.69,39.06,48.49,45.35064035502728,49.43126692250371,53.78475632891059,58.41110857401509,63.310323658399284,68.48240158171393,73.92734234407544,79.64514594525099,85.63581238558982,2009.0,48.49,171.70,16.31,1999,2003,1994,2001,2005,1999.0,2016,1996,2010 ,2004,2003,2000.0,1994.0,1989,18.26330532212884,-25.95926101373756,3.390914907229682,16.646039603960403,-3.607427055702916,0.0,6.6042927903137,22.35415591120288,14.177215189873415,-34.03547671840354,0.8963585434173678,3.6646307606885062,8.034279592929833,14.129895884977678,12.467419635099915,13.441483198146004,14.708886618998967,15.939447907390932,24.14234511008704,,,,,,,,,
12.0,Algeria,,,,,242.0,,,,,,280.33,,,,,,,,,,,,,,,,,,,2000.0,280.33,,9.03,1998,1983,1995,2005,2005,1992.0,2016,1984,,2006,1996,1996.0,1993.0,1974,,,,,,,,,,,,,,,,,,,,,,,,,,,,
24.0,Angola,,,,,,,,,,,124.73,,,,,151.32,,,,,,,,,,,,,,2005.0,151.32,,7.79,2017,2013,1998,2006,2007,2000.0,,,,2006,1990,1997.0,2000.0,1991,,,,,,,,,,,,,,,,,,,,,,,,,,,,
28.0,Antigua and Barbuda,,,,,,,,,,,2.27,,,,,,,,,,,,,,,,,,,2000.0,2.27,,29.87,1993,1997,1993,2007,1998,1992.0,2016,2005,2010,2003,1989,1997.0,1993.0,1983,,,,,,,,,,,,,,,,,,,,,,,,,,,,
32.0,Argentina,509.26,548.5235401147511,567.0991912912577,586.0802017390961,638.92,625.2583004479529,645.4553887092043,702.04,687.065643045702,708.4788091205992,668.88,752.5212190843886,775.1504629729316,798.1850661329227,821.6250285638962,845.4703502663178,869.7210312399548,894.3770714845741,919.4384710006416,944.9052297879243,1000.36,997.0548251760192,1007.23,1050.8258576489752,1078.3194127924507,1106.2183272067923,1134.5226008926984,1163.2322338498197,1192.3472260779236,2012.0,1007.23,97.78,24.12,1991,1981,1995,1992,2005,1990.0,2016,1992,2004,2005,1995,1997.0,1994.0,1978,,,,,,,,,,,,,,,,,,,,,,,,,,,,
51.0,Armenia,76.59,67.00175531837158,58.660553191788495,50.968946809647605,43.92693617218174,37.53452127915807,31.791702130809426,26.698478727368638,22.254851067904383,18.460819153115153,12.13,12.821542557096109,10.976297876564786,9.780648939777166,9.23459574766457,9.338138300227001,15.07,11.494010638678446,13.546340425265953,16.248265955829993,17.21,23.600904250750318,28.251617015106604,33.551925524370745,39.50182977761142,46.10132977552712,53.350425518117845,61.249117004917935,69.79740423685871,2010.0,17.21,-77.53,5.98,1999,2008,1993,2011,2003,1999.0,2017,1993,2003,2003,2002,1997.0,1993.0,1993,,,,,,,,,,,,,,,,,,,,,,,,,,,,
36.0,Australia,1620.79,1596.16,1642.04,1684.87,1686.93,1693.48,1745.08,1798.4,1835.62,1867.47,1875.88,1960.0,2040.07,2121.25,2174.58,2194.34,2204.69,2213.55,2265.98,2250.31,2340.34,2267.93,2438.47,2506.79,2527.13,2531.84,2588.3,2662.48,2721.85,2018.0,2721.85,67.93,109.32,1992,1976,1993,1991,2007,1989.0,2016,1975,2004,2004,1994,2000.0,1992.0,1974,-1.5196293165678392,2.874398556535678,2.6083408443156038,0.122264625757487,0.3882793002673468,3.046980182818805,3.0554473147362966,2.0696174377224086,1.7351085736699392,0.4503419064295588,4.4842953707060085,4.08520408163265,3.979275220948304,2.5140836770771915,0.9086812166027562,0.4716680186297432,0.4018705577654966,2.368593435883528,-0.6915330232393964,4.000782114464238,-3.093994889631434,7.519632440154678,2.8017568393295864,0.8113962477910054,0.1863774321067786,2.229998736097069,2.865973805200318,2.229875905171115
40.0,Austria,216.37,225.94,214.48,205.89,197.52,196.73,214.48,200.68,212.37,204.1,209.69,220.39,227.95,239.31,238.65,244.39,234.49,226.82,213.42,199.59,200.5,192.3,187.18,186.34,177.71,174.66,168.39,160.06,149.0,2018.0,149.0,-31.14,16.76,1993,1982,1994,2005,2002,1989.0,2016,1983,2002,2002,1995,1997.0,1994.0,1992,4.422979156075238,-5.072143046826595,-4.005035434539353,-4.065277575404331,-0.3999594977723878,9.022518172114063,-6.434166355837366,5.82519433924656,-3.894147007581113,2.738853503184715,5.102770756831508,3.4302826807023923,4.983549023908758,-0.2757929046007257,2.4051958935679787,-4.050902246409419,-3.2709283977994863,-5.9077682744026125,-6.480179926904688,0.4559346660654324,-4.089775561097251,-2.662506500260013,-0.4487658937920736,-4.631319094129009,-1.7162793314951388,-3.589831672964624,-4.946849575390454,-6.909908784205925
31.0,Azerbaijan,0.08,-0.3729645938728936,-0.8407094509748276,-1.2428271062672138,-1.5793175598373637,-1.8501808116270695,-2.055416861665435,-2.195025709894253,-2.2690073564008344,-2.277361801126972,-2.2200890440435614,-2.097189085208811,-1.9086619246809278,-1.654507562314393,-1.3347259981674142,0.01,0.01,0.02,0.01,0.01,0.01,4.72,4.0,4.49653215847502,5.472585740295472,6.514266523881815,7.621574509234051,8.794509696293972,10.033072085192543,2012.0,4.0,4900.00,0.43,2001,1998,2000,,2000,1996.0,2017,2001,,2004,2016,1998.0,1995.0,1993,,,,,,,,,,,,,,,,0.0,100.0,-50.0,0.0,0.0,47100.0,-15.254237288135588,,,,,,
48.0,Bahrain,,,,,57.46,,,,,,52.0,,,,,,,,,,,,,,,,,,,2000.0,52.0,,78.24,1992,2012,1996,,2006,1990.0,2016,1998,2012,2006,1985,1997.0,1994.0,1991,,,,,,,,,,,,,,,,,,,,,,,,,,,,
50.0,Bangladesh,,,,,,,,,,,,3.98,,,,3.95,,,,,,,,,,,,,,2005.0,3.95,,0.03,1993,1981,1994,2005,2001,1990.0,2016,1992,,2007,2001,1996.0,1994.0,1983,,,,,,,,,,,,,,,,,,,,,,,,,,,,
52.0,Barbados,2.38,1.5678571430034935,0.9154761903337203,0.42285714246099815,0.09,-0.08309523848583922,-0.09642857167636976,0.05,0.35619047668296844,0.8221428581164218,1.4478571444633417,2.2333333356073126,3.178571431839373,4.283571432752069,5.548333338636439,6.972857149317861,8.557142865029164,10.301190485537518,12.20500001090113,14.268571441120002,16.491904776368756,18.875000016356353,21.41785716119921,24.12047621095553,26.982857165741734,30.005000025208574,33.18690478964709,36.52857145888265,40.0300000331481,1997.0,0.05,-97.90,0.19,1995,1992,1994,,2000,1992.0,2016,2006,,2004,1993,1997.0,1994.0,2002,,,,,,,,,,,,,,,,,,,,,,,,,,,,
112.0,Belarus,1.38,1.38,1.22,1.03,0.94,0.84,0.93,1.16,1.3,1.34,1.4,1.42,1.43,1.48,1.59,1.8,2.0,2.11,2.32,2.08,2.27,2.3,2.29,2.21,2.3,2.17,1.97,2.13,2.33,2018.0,2.33,69.41,0.25,1999,1995,1993,2003,2005,1988.0,2016,1991,,2004,2006,2001.0,2000.0,1988,0.0,-11.59420289855072,-15.573770491803272,-8.73786407766991,-10.638297872340424,10.714285714285724,24.73118279569891,12.068965517241391,3.0769230769230798,4.477611940298495,1.42857142857143,0.7042253521126767,3.4965034965035,7.43243243243244,13.207547169811315,11.111111111111107,5.499999999999994,9.952606635071088,-10.344827586206886,9.13461538461538,1.3215859030836918,-0.4347826086956429,-3.493449781659392,4.072398190045242,-5.652173913043474,-9.21658986175115,8.121827411167509,9.389671361502357
56.0,Belgium,424.16,425.13,427.0,421.31,416.92,411.02,396.04,380.71,381.52,354.02,354.43,342.12,329.85,325.95,335.88,320.91,304.94,295.41,268.45,239.87,241.33,224.19,213.04,203.89,193.97,194.37,183.31,172.57,167.05,2018.0,167.05,-60.62,14.55,1993,1983,1997,1990,2002,1988.0,2017,1986,2002,2006,1998,1997.0,1996.0,1996,0.2286872878159115,0.4398654529202843,-1.3325526932084304,-1.041988084783173,-1.4151395951261714,-3.6445915040630537,-3.8708211291788808,0.2127603687846398,-7.208010065003146,0.1158126659510832,-3.473182292695314,-3.5864608909154625,-1.1823556161891873,3.04647952139899,-4.456948910325107,-4.9764731544669925,-3.125204958352454,-9.126299042009425,-10.646302849692676,0.608663025805648,-7.102308042928776,-4.973460011597308,-4.294968081111531,-4.865368581097645,0.2062174563076794,-5.690178525492618,-5.858927499863624,-3.198701976009725
84.0,Belize,7.53250859095715,6.512474226648919,5.563200785312802,4.684688266890589,3.99,3.13994599878788,2.473716249165591,1.878247422457207,1.353539518720936,0.8995925378694665,0.06,0.20398134502465837,-0.037682866997784004,0.03,-0.3087285223300569,-0.3381099655525759,0.03,-0.18459008319769055,-0.001688757649390027,0.03,0.576396662305342,0.9715807565953583,1.4375257738865912,1.9742317141208332,2.5816985772980843,3.2599263633892406,4.008915072423406,4.8286647043714765,5.719175259262556,2009.0,0.03,,0.1,1997,1986,1994,,2003,1998.0,2016,1998,2005,2010,1983,1998.0,1994.0,1990,,,,,,,,,,,,,,,,,,,,,,,,,,,,
204.0,Benin,,,,,,50.58,,,,,24.96,,,,,,,,,,,,,,,,,,,2000.0,24.96,,3.64,1997,1984,1994,1986,2002,1993.0,2016,2000,2004,2004,1997,1996.0,1994.0,1982,,,,,,,,,,,,,,,,,,,,,,,,,,,,
64.0,Bhutan,,,,,0.72,,,,,,1.77,,,,,,,,,,,,,,,,,,,2000.0,1.77,,2.99,2002,2002,1995,,2002,2004.0,2017,2012,,,,2003.0,1995.0,2001,,,,,,,,,,,,,,,,,,,,,,,,,,,,
68.0,Bolivia (Plurinational State of),37.02,42.29812676599249,47.89284507371485,52.093507044017315,48.38,56.312661970965564,56.33115492761135,54.95559154683724,58.52,48.02229577163234,52.74,35.51277464535087,8.24,17.42702816799283,13.42,-6.234943660441786,-20.1570140812546,-35.473140839952976,-52.18332393700257,-70.28756337147206,-89.78585914336145,-110.6782112531364,-132.9646197007969,-156.6450844858773,-181.71960560884327,-208.1881830696948,-236.05081686843187,-265.3075070050545,-295.95825347909704,2004.0,13.42,-63.74,1.48,1996,1979,1995,2003,1999,1994.0,2016,1990,2003,2003,1995,1996.0,1994.0,1976,,,,,,,,,,,,,,,,,,,,,,,,,,,,
70.0,Bosnia and Herzegovina,83.07,77.15,27.43,6.0,6.57,5.8,12.04,19.66,38.46,37.92,39.32,40.07,23.935367963276803,25.523340810323134,27.725196863524616,30.54093612311408,33.970558589790016,38.01406426215544,42.67145314090885,47.94272522605024,53.827880517812446,60.3269190157298,67.43984072003514,73.0,79.0,92.46190507151186,102.03035960136913,112.21269733761437,123.00891828071326,2014.0,79.0,-4.90,22.69,2001,2009,2002,2017,2007,1993.0,2017,1992,2007,2010,1994,2002.0,2000.0,1993,-7.126519802576126,-64.44588464031109,-78.12613926358001,9.500000000000004,-11.719939117199395,107.58620689655172,63.28903654485051,95.62563580874873,-1.4040561622464875,3.691983122362865,1.9074262461851477,,,,,,,,,,,,,8.21917808219178,,,,
72.0,Botswana,,,,,,,,,,,,,,,,,,,,,,,,,,8.43,,,,2015.0,8.43,,3.97,1998,1977,1996,,2003,1991.0,2016,1997,2008,2002,1990,1996.0,1994.0,1998,,,,,,,,,,,,,,,,,,,,,,,,,,,,
76.0,Brazil,1170.5,1239.1,1277.1,1319.4,1390.7,1469.9,1582.8,1626.6,1642.5,1669.8,1609.6,1625.9,1601.7,1645.4,1701.1,1724.0,1718.3,1787.5,1905.8,1817.9,1897.8,1938.6,2037.8,2127.8,2229.6,2077.6,2152.668769235388,2187.104974364629,2221.5266862094722,2015.0,2077.6,77.50,10.16,1992,1975,1994,2015,2002,1990.0,2016,1993,2004,2004,1988,1997.0,1994.0,1977,5.86074327210593,3.0667419901541444,3.3121916842847217,5.403971502197965,5.694973754224495,7.680794611878349,2.7672479150871845,0.9774990778310644,1.6621004566210018,-3.605222182297284,1.0126739562624367,-1.4884064210591086,2.728351126927642,3.3851950893399665,1.3461877608606252,-0.3306264501160119,4.027236221847177,6.618181818181816,-4.612236331199489,4.395181253094222,2.149857730003159,5.117094810688128,4.416527627833951,4.784284237240329,-6.817366343738788,,,
100.0,Bulgaria,257.33,188.28,180.25,178.73,169.52,171.97,169.7,161.93,165.03,150.29,144.36,153.89,145.11,159.42,155.35,157.07,155.42,160.24,154.42,135.2,139.23,148.59,136.47,121.2,128.49,136.3,127.74,130.86,121.98,2018.0,121.98,-52.60,17.3,1996,1991,1996,1999,2002,1990.0,2016,1976,2000,2004,1996,2001.0,1995.0,1974,-26.83324913535149,-4.264924580412153,-0.8432732316227518,-5.153024114586236,1.4452571967909322,-1.3199976740129151,-4.578668238067167,1.9144074600135828,-8.931709386172217,-3.945704970390565,6.601551676364624,-5.705373968418984,9.861484391151524,-2.5530046418266177,1.107177341486964,-1.0504870439931278,3.101273967314388,-3.6320519221168377,-12.446574277943272,2.980769230769232,6.722689075630263,-8.15667272360186,-11.189272367553306,6.014851485148521,6.078294030663866,-6.280264123257531,2.442461249412885,-6.785878037597438
854.0,Burkina Faso,,,,,8.37,,,,,,,,,,,,,6.05,,,,,,,,,,,,2007.0,6.05,,0.42,1999,1989,1993,1990,2005,1989.0,2016,1990,2002,2004,2005,1996.0,1993.0,1987,,,,,,,,,,,,,,,,,,,,,,,,,,,,
108.0,Burundi,,,,,,,,,12.44,,,,,,,,,,,,,,,,,,,,,1998.0,12.44,,2.01,1997,1988,1997,2011,2001,1997.0,,2002,2004,2005,,1997.0,1997.0,1982,,,,,,,,,,,,,,,,,,,,,,,,,,,,
132.0,Cabo Verde,,,,,,0.72,,,,,2.03,,,,,,,,,,,,,,,,,,,2000.0,2.03,,4.73,1999,2005,1995,2006,2006,2001.0,2017,2005,2006,2006,1987,1995.0,1995.0,1988,,,,,,,,,,,,,,,,,,,,,,,,,,,,
116.0,Cambodia,,,,,19.44,,,,,,25.08,,,,,,,,,,,,,,,,,,,2000.0,25.08,,2.06,2001,1997,1995,,2002,2001.0,2017,1999,2013,2006,,1997.0,1995.0,1991,,,,,,,,,,,,,,,,,,,,,,,,,,,,
120.0,Cameroon,,,,,250.0,,,,,,111.0,,,,,,,,,,,,,,,,,,,2000.0,111.0,,7.15,2001,1981,1995,1983,2002,1989.0,2016,2006,2002,2009,1985,1997.0,1994.0,1982,,,,,,,,,,,,,,,,,,,,,,,,,,,,
140.0,Central African Republic,-240.0489759594202,-150.64168003946543,-69.85838550701737,2.3009076304733753,51.25,120.74748972058296,167.03477868810296,204.69806625694036,233.73735243082047,254.15263722091913,265.9439206123352,269.111202608794,263.654483217746,296.7,296.7,296.7,0.6,0.6,0.6,0.3,0.3,-173.5360539406538,-265.23278725519776,-365.55352196097374,-474.49825805798173,-592.0669955387712,-718.2597344219685,-853.0764746963978,-996.5172163620591,2010.0,0.3,,0.07,2006,1980,1995,,2008,1993.0,2016,2006,,2008,,1996.0,1995.0,1980,,,,,,,,,,,,,,0.0,0.0,-99.79777553083925,0.0,0.0,-50.0,0.0,,,,,,,,
148.0,Chad,136.25946814008057,113.66228728089482,93.24468089081347,75.74,58.94819151517004,45.06930852960795,33.3700000140816,23.850265965797007,12.13,11.43,10.84,10.47,9.97,9.67,18.240212751552463,26.157074452377856,36.253510621376336,48.529521259479225,62.9851063657552,79.62026594113559,98.43499998468906,119.42930849641562,142.60319147724658,167.95664892718196,195.48968084529042,225.20228723157197,257.0944680860266,291.166223410517,327.4175532022491,2003.0,9.67,,1.03,2004,1989,1994,1997,2009,1994.0,2017,1990,2004,2004,2009,1996.0,1994.0,1999,,,,,,,,,-5.770816158285252,-5.16185476815398,-3.413284132841321,-4.775549188156638,-3.009027081243738,,,,,,,,,,,,,,,
152.0,Chile,130.1,124.90185879191267,132.00316518226464,162.33,104.3,153.0328555488668,159.95134273625445,166.82412512287556,173.65120270880288,180.43257549394912,162.9,193.85820666207292,200.50246504499228,207.1010186272033,213.65386740864778,220.16101138938393,301.75,233.03818494860025,239.40821452710952,245.7325393048959,205.4,258.2440744581836,264.43128483372857,263.7,276.6685911825916,282.71868715589517,297.5,294.6817647003336,300.59474627141026,2016.0,297.5,128.67,16.34,1992,1975,1994,1983,2002,1990.0,2017,1981,2005,2005,1997,1997.0,1994.0,1980,,,,-35.748167313497206,,,,,,,,,,,,,,,,,,,,,,,,
170.0,Colombia,232.13,243.91018534032628,254.7122586176265,264.83958189515397,275.0,283.0699784492608,291.17305172630586,298.60137500287965,305.3549482789822,311.433771555312,316.13,321.56716810679063,325.62174138240516,329.0015646577813,332.01,333.7369612075854,335.0925344824791,335.7733577566687,335.7794310308527,335.11075430503115,333.7673275785055,331.7491508522071,329.05622412567027,325.6885473986622,321.64612067164853,316.92894394439645,311.5370172166731,305.47034048917703,298.7289137612097,2004.0,332.01,43.03,7.89,1996,1981,1995,,2001,1993.0,2018,1998,2008,2008,,1999.0,1995.0,1983,,,,,,,,,,,,,,,,,,,,,,,,,,,,
174.0,Comoros,,,,,0.05,,,,,,0.62,,,,,,,,,,,,,,,,,,,2000.0,0.62,,1.15,1994,1994,1994,,2008,1994.0,2016,1995,,2007,1994,1998.0,1994.0,2000,,,,,,,,,,,,,,,,,,,,,,,,,,,,
178.0,Congo,,,,,14.44,,,,,,11.62,,,,,,,,,,,,,,,,,,,2000.0,11.62,,3.72,2007,1983,1996,2000,2007,1994.0,2017,1998,2006,2007,2008,1999.0,1996.0,1987,,,,,,,,,,,,,,,,,,,,,,,,,,,,
188.0,Costa Rica,30.59,29.327799174934626,27.949956900731195,26.73443741427036,25.681240715493914,24.79036680434365,25.22,23.495587345329113,23.091681797406636,22.850099037168548,21.52,22.853901879745536,23.099287482677028,23.506995873292908,24.077027051651385,25.18,25.70405777147971,26.761057312833145,27.980379641987383,29.362024758884218,30.90599266346544,32.61228335578926,34.48089683573926,36.511833103431854,38.705092158925254,41.060674002044834,43.57857863290701,46.25880605151178,49.10135625768453,2005.0,25.18,-17.70,5.87,1995,1975,1994,2007,2002,1991.0,2016,1992,2009,2007,1992,1998.0,1994.0,1977,,,,,,,,,,,,,,,,,,,,,,,,,,,,
384.0,Côte d’Ivoire,,,,,132.02,,,,,,276.22,,,,,,,,,,,,,,,,,,,2000.0,276.22,,16.79,1994,1994,1995,2003,2007,1993.0,2016,1996,2004,2004,1984,1997.0,1994.0,1981,,,,,,,,,,,,,,,,,,,,,,,,,,,,
191.0,Croatia,100.79,75.44,71.2,71.48,73.93,75.32,80.7,82.85,85.35,88.36,82.32,83.04,85.4,84.69,82.25,80.62,80.04,82.83,78.24,72.46,64.36,60.93,55.25,54.44,51.04,51.06,50.69,49.99,45.92,2018.0,45.92,-54.44,11.05,1994,2000,1997,2000,2007,1992.0,2017,1991,2007,2007,1995,2000.0,1996.0,1992,-25.15130469292589,-5.620360551431594,0.3932584269662937,3.4275321768326843,1.8801569051805571,7.142857142857157,2.664188351920683,3.017501508750754,3.5266549502050446,-6.8356722498868345,0.8746355685131355,2.842003853564546,-0.8313817330210865,-2.8810957610107426,-1.981762917933125,-0.7194244604316525,3.48575712143927,-5.5414704817095295,-7.38752556237219,-11.178581286226876,-5.329397141081416,-9.322172985393074,-1.4660633484162937,-6.245407788390887,0.0391849529780625,-0.7246376811594292,-1.3809429867823944,-8.141628325665133
192.0,Cuba,139.69,137.05175000056624,134.04666666756384,130.67475000116974,126.93600000126753,122.83041666797362,118.35800000128802,113.51875000121072,108.31266666774172,102.73975000076462,96.8,90.49341666675173,83.82,76.77974999882281,69.37266666488722,61.598749997559935,53.45799999672454,44.95041666261386,36.07599999499507,26.834749993984587,17.226666659582406,7.251749991788529,-3.0900000093970448,-13.79858334409073,-24.87400001217611,-36.316250013536774,-48.12533334840555,-60.30125001666602,-72.8440000184346,2002.0,83.82,-40.00,7.48,1994,1990,1994,2008,2002,1992.0,2016,2001,2008,2007,1984,1997.0,1994.0,1981,,,,,,,,,,,,,,,,,,,,,,,,,,,,
196.0,Cyprus,16.99,17.22,19.32,19.66,20.82,19.71,20.31,20.58,20.94,21.39,22.7,22.06,22.11,22.4,21.94,22.03,21.86,22.08,20.66,20.49,19.09,21.88,22.0,16.81,17.88,15.55,15.22,15.22,14.8,2018.0,14.8,-12.89,12.45,1992,1974,1996,2001,1999,1992.0,2017,2001,2004,2005,1988,2000.0,1997.0,1975,1.3537374926427337,12.19512195121952,1.7598343685300202,5.900305188199391,-5.331412103746395,3.044140030441389,1.329394387001475,1.7492711370262537,2.148997134670484,6.124357176250578,-2.8193832599118966,0.2266545784224873,1.3116236996833972,-2.053571428571417,0.4102096627164989,-0.7716749886518461,1.0064043915827945,-6.431159420289847,-0.8228460793804536,-6.832601268911658,14.614981665793604,0.5484460694698401,-23.590909090909097,6.365258774538968,-13.031319910514531,-2.122186495176849,0.0,-2.7595269382391585
203.0,Czechia,727.61,692.48,651.43,529.85,436.99,369.66,350.73,322.06,304.0,279.46,279.69,283.07,275.33,276.27,276.65,271.42,266.5,264.39,248.58,234.81,229.06,216.63,204.54,189.61,185.13,178.8,170.6,167.31,160.87,2018.0,160.87,-77.89,15.08,1993,1993,1994,1994,2001,1993.0,2017,1993,2000,2002,1996,2000.0,1993.0,1993,-4.828135951952282,-5.927969038817015,-18.663555562378143,-17.52571482495046,-15.407675232842852,-5.120921928258401,-8.174379152054291,-5.607650748307769,-8.072368421052637,0.0823015816217055,1.2084808180485522,-2.7343060020489665,0.3414084916282271,0.1375466029608699,-1.8904753298391328,-1.812688821752272,-0.7917448405253334,-5.9798025643935,-5.539464156408404,-2.4487883820961627,-5.426525801100151,-5.580944467525275,-7.299305759264681,-2.3627445809820253,-3.4192189272403093,-4.586129753914999,-1.9284876905040984,-3.8491423106807705
408.0,Democratic People's Republic of Korea,459.0,419.7235169541091,381.3446327690035,345.81249999813735,318.0,283.28848869446665,256.2966101616621,232.15148304402828,210.85310733690858,192.40148304589093,169.0,164.03848869726062,159.0,147.0625000046566,142.84463277831674,141.4735169634223,142.9491525636986,147.271539574489,154.44067800138146,164.45656783878803,177.31920909136534,193.02860175538808,211.58474583458155,232.98764132428914,257.23728822916746,284.3336865454912,314.2768362769857,347.06673741992563,382.70338997710496,2002.0,159.0,-65.36,6.81,2008,,1995,,2005,1995.0,2016,1998,2004,2002,,2003.0,1994.0,1998,,,,,,,,,,,,,,,,,,,,,,,,,,,,
180.0,Democratic Republic of the Congo,-543.4003707543015,-316.51961474865675,-111.11963629722595,72.79956459999084,232.23,376.19563376158476,495.67250200361013,593.6685927063227,670.1839058473706,746.0,761.38,746.62,746.01,749.82,678.1794561296701,604.3293264061213,508.99841912835836,392.1867343187332,253.8942719399929,94.1210320070386,-87.13298546522856,-289.8677804991603,-514.083353087306,-759.7797032222152,-1026.9568308964372,-1315.6147361397743,-1625.7534189373255,-1957.372879266739,-2310.4731171652675,2003.0,749.82,,14.58,1994,1976,1995,1990,2005,1994.0,2017,1996,2005,2005,1989,1997.0,1995.0,1974,,,,,,,,,,2.0616621983914203,-1.9385852005568824,-0.0817015349173627,0.5107170145172396,,,,,,,,,,,,,,,
208.0,Denmark,305.42,355.34,310.93,309.47,311.01,292.8,327.49,280.33,259.99,241.19,229.98,226.77,223.57,233.12,216.37,208.16,207.32,193.44,177.31,157.88,153.18,143.93,132.78,127.87,118.28,116.75,116.96,114.21,108.86,2018.0,108.86,-64.36,18.93,1994,1977,1994,1983,2002,1988.0,2016,1978,2004,2003,2004,1995.0,1993.0,1979,16.34470565123435,-12.49788934541565,-0.4695590647412535,0.497624971725842,-5.855117198803891,11.847677595628417,-14.400439708082695,-7.255734313130945,-7.231047347974926,-4.647788050914221,-1.395773545525689,-1.4111214005379975,4.271592789730291,-7.185140700068635,-3.794426214355044,-0.4035357417371269,-6.694964306386261,-8.338502894954505,-10.958208786870456,-2.976944514821376,-6.038647342995169,-7.7468213715000385,-3.697846061153785,-7.4998044889340765,-1.2935407507609071,0.179871520342607,-2.3512311901504788,-4.684353384116973
262.0,Djibouti,,,,,1.42,,,,,,1.89,,,,,,,,,,,,,,,,,,,2000.0,1.89,,2.63,2002,1992,1994,2004,2002,1999.0,2016,2003,2004,2004,1991,1997.0,1995.0,2007,,,,,,,,,,,,,,,,,,,,,,,,,,,,
212.0,Dominica,0.16632809668953996,0.24181037652488158,0.31068414339461015,0.3729493972914497,0.43,0.4776543661901087,0.5200940811810142,0.5559252832099446,0.585147972267805,0.6077621483564144,0.58,0.68,0.67,0.61,0.58,0.63,0.5810230178667553,0.5507690902104514,0.5139066495812585,0.47043569598645263,0.4203562294205767,0.36366824988908775,0.30037175739016675,0.23046675192017574,0.1539532334827527,0.07083120207789761,-0.018899342298027477,-0.11523839963956561,-0.21818596994853579,2005.0,0.63,,8.93,1998,1995,1994,,2005,1993.0,2016,,2005,2003,1991,1997.0,1993.0,1995,,,,,,,,,,,17.241379310344847,-1.4705882352941189,-8.955223880597023,-4.9180327868852505,8.620689655172423,,,,,,,,,,,,,
214.0,Dominican Republic,54.12,60.87438187375665,67.84000000637025,73.72372253378853,77.9,82.24548077490181,84.8835164885968,86.43965659756213,78.64,86.3062500031665,92.96,81.84526098938659,77.99192307610065,73.05668955761939,67.03956043487415,59.94053570786491,51.75961537659168,42.49679944012314,32.15208789939061,20.725480753928423,7.48,-5.373420350719243,-20.045714308973402,-35.799903872888535,-52.63598904106766,-70.55396981397644,-89.5538461911492,-109.63561817305163,-130.7992857596837,2010.0,7.48,-86.18,0.77,2000,1986,1997,2017,2002,1993.0,2017,2002,2006,2007,2009,1997.0,1998.0,1985,,,,,,,,,,,,,,,,,,,,,,,,,,,,
218.0,Ecuador,128.14,128.48995455401018,129.24454546219204,130.403772734222,131.96763636963442,133.93613636877853,136.30927273177076,139.08704545814544,142.26945454825182,145.8565000022063,149.84818181965966,154.2445000007283,159.04545454564504,164.25104545394424,169.86127272620797,175.87613636197057,182.29563636123203,189.11977272445802,196.34854545118287,203.981954541523,212.02,220.46268181328196,229.31,238.56195453985129,248.21854544838425,258.2797727206489,268.7456363568781,279.6161363563733,290.89127271971665,2012.0,229.31,78.96,14.82,1993,1975,1993,2004,2000,1990.0,2017,1991,2004,2004,2012,1995.0,1993.0,1975,,,,,,,,,,,,,,,,,,,,,,,,,,,,
818.0,Egypt,,,,,,,,,,,,,,,,399.42,,,,,,,,,,,,,,2005.0,399.42,,5.29,1993,1978,1994,1983,2005,1988.0,2017,1988,,2003,1983,1995.0,1994.0,1974,,,,,,,,,,,,,,,,,,,,,,,,,,,,
222.0,El Salvador,,,,,33.89,,,,,,,,,,,39.47,,,,,,,,,,,,,,2005.0,39.47,,6.52,1991,1987,1994,,1998,1992.0,2017,1999,1999,2008,,1997.0,1995.0,1991,,,,,,,,,,,,,,,,,,,,,,,,,,,,
232.0,Eritrea,,,,,0.3,,,,,,5.0,,,,,,,,,,,,,,,,,,,2000.0,5.0,,2.18,2005,1994,1996,2005,2005,2005.0,,,2005,2005,,1996.0,1995.0,2001,,,,,,,,,,,,,,,,,,,,,,,,,,,,
233.0,Estonia,95.56,87.9,58.38,49.72,52.98,50.06,53.61,53.56,50.64,45.6,43.89,45.36,45.08,46.08,44.61,41.29,40.24,45.37,41.46,38.25,45.02,44.01,41.35,37.67,39.76,39.36,39.67,41.28,42.15,2018.0,42.15,-55.89,31.86,1992,1992,1994,2008,2002,1996.0,2016,1994,2006,2008,2005,2012.0,1994.0,1995,-8.015906236919209,-33.58361774744027,-14.833847207947931,6.556717618664518,-5.511513778784437,7.091490211745899,-0.0932661816825166,-5.451829723674387,-9.952606635071088,-3.7500000000000018,3.349282296650715,-0.6172839506172865,2.218278615794144,-3.1901041666666643,-7.442277516251962,-2.542988617098564,12.748508946322056,-8.618029534934973,-7.742402315484806,17.699346405228766,-2.243447356730353,-6.044080890706651,-8.899637243047158,5.548181576851596,-1.0060362173038195,0.787601626016266,4.058482480463825,2.107558139534877
748.0,Eswatini,,,,,19.88,,,,,,,,,,,,,,,,,,,,,,,,,1994.0,19.88,,21.9,2005,1997,1995,2013,2006,1992.0,2016,2013,2012,2006,2012,1996.0,1996.0,2005,,,,,,,,,,,,,,,,,,,,,,,,,,,,
231.0,Ethiopia,158.0,151.0,153.0,166.0,58.98,89.86353388940915,76.95518303662539,65.31791648687795,54.95173424249515,45.856636302080005,38.032622665632516,31.479693334549665,26.197848306968808,22.187087583821267,19.447411166038364,17.978819051291794,17.781311242375523,18.854887736961246,21.199548535514623,24.81529363943264,29.70212304731831,35.86003676010296,43.2890347763896,52.44,61.96028372272849,73.20253465231508,85.71586988726631,99.50028942525387,114.5557932681404,2013.0,52.44,-66.81,0.55,2000,1989,1994,2010,2005,1994.0,2017,,2003,2003,,1997.0,1994.0,1977,-4.430379746835443,1.3245033112582782,8.49673202614379,-64.46987951807229,,,,,,,,,,,,,,,,,,,,,,,,
242.0,Fiji,,,,,3.3,,,,,,,,,,11.49,,,,,,,,,,,,,,,2004.0,11.49,,14.05,,1997,1993,2013,1998,1989.0,2016,2006,,2001,1982,1998.0,1993.0,1990,,,,,,,,,,,,,,,,,,,,,,,,,,,,
246.0,Finland,298.29,290.01,282.18,286.33,286.83,265.71,270.07,264.44,250.37,245.67,234.7,237.82,234.36,242.39,228.76,199.85,215.97,204.55,187.66,170.77,179.46,163.7,154.68,150.96,143.15,132.17,127.62,124.02,119.8,2018.0,119.8,-59.84,21.69,1991,1976,1994,1989,2002,1988.0,2016,1975,2004,2002,1996,1995.0,1994.0,1987,-2.775822186462848,-2.6999068997620714,1.4706924658019622,0.1746236859567632,-7.363246522330302,1.640886680967978,-2.084644721738807,-5.320677658448038,-1.8772217118664445,-4.465339683315015,1.3293566254793374,-1.4548818434109745,3.426352619900995,-5.623169272659761,-12.63769889840881,8.066049537152868,-5.2877714497383845,-8.257149841114648,-9.000319727166145,5.088715816595419,-8.781901259333566,-5.510079413561382,-2.404965089216446,-5.173555908850028,-7.670275934334627,-3.4425361277142947,-2.8208744710860434,-3.4026769875826477
250.0,France,2114.01,2170.11,2152.47,2046.52,1989.08,1945.48,1922.03,1856.53,1883.81,1831.4,1779.99,1743.49,1703.5,1658.63,1620.62,1576.67,1485.74,1419.86,1318.6,1241.17,1220.61,1157.4,1124.29,1108.55,1020.94,988.2,944.55,925.55,871.52,2018.0,871.52,-58.77,13.41,1991,1978,1994,1990,2002,1988.0,2016,1986,2004,2004,1996,1997.0,1994.0,1975,2.653724438389596,-0.8128620208192362,-4.922252110366222,-2.8067157907081315,-2.191968146077579,-1.2053580607356562,-3.407855236390691,1.4694079815569894,-2.782127709270036,-2.807142077099491,-2.050573317827628,-2.293675329368107,-2.633988846492509,-2.291650337929509,-2.711925065715579,-5.767218251124208,-4.43415402425728,-7.131689039764484,-5.872137115122087,-1.6565015267852246,-5.178558261852665,-2.860722308622786,-1.399994663298616,-7.903116683956511,-3.206848590514624,-4.4171220400728695,-2.0115398867185434,-5.83761006968829
266.0,Gabon,,,,,3838.0,,,,,,7.54,,,,,,,,,,,,,,,,,,,2000.0,7.54,,6.14,2008,1989,1997,2008,2006,1994.0,2016,1987,2003,2007,1998,1996.0,1998.0,1986,,,,,,,,,,,,,,,,,,,,,,,,,,,,
270.0,Gambia,,,,2.34,,,,,,,3.84,,,,,,,,,,,,,,,,,,,2000.0,3.84,,2.92,1997,1977,1994,2001,2001,1990.0,2016,1997,2002,2006,1984,1996.0,1994.0,1987,,,,,,,,,,,,,,,,,,,,,,,,,,,,
268.0,Georgia,128.47,109.85,45.78,30.31,18.45,24.62,47.45,53.68,32.45833879406564,28.353887185221538,20.0,18.0,19.0,18.4,23.0,23.0,31.0,49.0,33.0,34.0,4.75,5.01,4.95,47.11,40.09582424117252,45.76586745749228,52.046816600253806,58.93867166968994,66.44143266556785,2013.0,47.11,-63.33,11.64,1999,1996,1994,2000,1999,1996.0,2017,1997,2007,2006,1996,1999.0,1994.0,1992,-14.493656106484009,-58.32498862084661,-33.792048929663615,-39.12900032992412,33.44173441734418,92.72948822095856,13.129610115911476,,,,-10.0,5.555555555555555,-3.157894736842113,25.00000000000001,0.0,34.78260869565217,58.06451612903226,-32.6530612244898,3.0303030303030303,-86.02941176470588,5.473684210526312,-1.197604790419154,851.7171717171717,,,,,
276.0,Germany,2887.11,2657.63,2503.82,2400.99,2265.23,2213.55,2126.16,2050.17,2021.15,1986.09,1912.1,1849.72,1788.22,1743.08,1695.19,1640.62,1651.88,1600.84,1551.78,1455.3,1472.83,1454.68,1438.21,1438.28,1392.7,1364.08,1333.1,1283.88,1197.59,2018.0,1197.59,-58.52,14.41,1995,1976,1994,1984,2002,1988.0,2016,1976,2001,2002,1994,1996.0,1993.0,1976,-7.948432861927672,-5.787487347749685,-4.106924619181905,-5.6543342537869705,-2.2814460341775376,-3.9479569018093255,-3.57404898972795,-1.415492373803147,-1.7346560126660648,-3.725410228136691,-3.262381674598603,-3.324827541465735,-2.524297905179458,-2.747435573811866,-3.219108182563616,0.6863259011837122,-3.089812819333135,-3.06464106344169,-6.217376174457721,1.20456263313406,-1.2323214491828565,-1.1322077707812044,0.0048671612629543,-3.1690630475289883,-2.055001077044598,-2.271127793091316,-3.69214612557196,-6.721033118359985
288.0,Ghana,,,,,,,,,,,50.06,,,,,,,,,,,,,,,,,,,2000.0,50.06,,2.6,2003,1975,1994,1988,2003,1989.0,2016,1988,2003,2003,1983,1996.0,1995.0,1975,,,,,,,,,,,,,,,,,,,,,,,,,,,,
300.0,Greece,315.35,326.04,333.17,329.8,339.11,320.11,323.79,337.14,360.75,358.75,349.55,372.79,371.15,381.37,387.46,400.96,402.33,403.28,383.59,371.4,315.07,292.9,242.98,242.71,236.47,233.29,229.79,250.45,169.19,2018.0,169.19,-46.35,16.08,1994,1992,1994,1999,2002,1988.0,2016,1975,2003,2006,1995,1997.0,1994.0,1981,3.389884255589027,2.1868482394798168,-1.0114956328601028,2.822922983626441,-5.602901713308365,1.1496048233419784,4.123042712869442,7.003025449368219,-0.5544005544005544,-2.564459930313585,6.648548133314264,-0.4399259636792948,2.753603664286684,1.5968744264100416,3.484230630258608,0.3416799680766172,0.2361245743543829,-4.882463796865701,-3.1778722073046737,-15.166935918147548,-7.036531564414263,-17.043359508364627,-0.1111202568112527,-2.5709694697375505,-1.3447794646255369,-1.5002786231728749,8.99081770312024,-32.44559792373727
320.0,Guatemala,42.58,42.78473879664671,44.577894901507534,46.65663987782318,46.06,51.670896445866674,54.606408037478104,57.82750850066077,61.33419783588033,65.12647604267113,71.81,73.56779907131568,78.21684389316943,83.15147758694366,88.3717001521727,92.93,99.66891189827584,105.74590107868426,112.10847913101315,118.75664605479687,125.69040185061749,132.90974651812576,140.41468005708884,148.20520246808883,156.28131375054363,164.64301390491892,173.29030293074902,182.22318082861602,191.44164759817068,2005.0,92.93,118.27,7.1,1995,1979,1995,,1999,1989.0,2017,1990,2010,2008,1997,1998.0,1995.0,1979,,,,,,,,,,,,,,,,,,,,,,,,,,,,
324.0,Guinea,,,,,28.67,,,,,,21.0,,,,,,,,,,,,,,,,,,,2000.0,21.0,,2.55,1995,1981,1993,1993,2000,1992.0,2016,1993,2000,2007,1985,1997.0,1993.0,1979,,,,,,,,,,,,,,,,,,,,,,,,,,,,
624.0,Guinea-Bissau,,,,,4.88,,,,,,,,,,,,,,,,7.06,,,,,,,,,2010.0,7.06,,4.64,2005,1990,1996,1995,2005,2002.0,2018,1990,2008,2008,,1995.0,1995.0,2006,,,,,,,,,,,,,,,,,,,,,,,,,,,,
328.0,Guyana,15.0,15.0,15.0,15.0,15.0,15.0,16.0,16.0,16.0,16.0,14.0,15.0,15.0,15.0,15.0,14.52307692260365,14.276373625740234,14.001066579665348,13.697155784386268,13.36464123987389,13.00352294617187,12.613800903251104,12.195475111126143,11.748545569789712,11.273012279249087,10.768875239489716,10.236134450526151,9.674789912351116,9.08484162496461,2004.0,15.0,0.00,20.11,2001,1977,1994,,2003,1993.0,2016,,2007,2007,1993,1997.0,1994.0,1977,0.0,0.0,0.0,0.0,0.0,6.666666666666667,0.0,0.0,0.0,-12.5,7.142857142857142,0.0,0.0,0.0,,,,,,,,,,,,,,
332.0,Haiti,-11.39571427507326,-5.739047610433772,-0.7571428501978517,3.550000004703179,6.3,11.76,12.29,13.65,13.94,16.14,14.69,13.715714283520356,11.949999998090789,9.509523807326332,6.394285712856799,2.6042857135180384,-1.86047619022429,-6.999999999068677,-12.814285712083802,-19.303333329502493,-26.467142851557583,-34.30571427871473,-42.819047609809786,-52.00714284554124,-61.86999998637475,-72.407619031379,-83.61999998078682,-95.5071428345982,-108.06904759374447,2000.0,14.69,,1.74,…,,1996,,2005,2000.0,2017,,,,1996,1996.0,1996.0,1980,,,,,86.66666666666667,4.50680272108843,11.065907241659897,2.1245421245421183,15.78192252510761,-8.983890954151184,,,,,,,,,,,,,,,,,,
340.0,Honduras,,,,,,32.39,,,,,33.22,,,,,,,,,,,,,,,,,,,2000.0,33.22,,5.05,1995,1985,1995,2007,2000,1993.0,2016,1993,2011,2005,1993,1997.0,1995.0,1979,,,,,,,,,,,,,,,,,,,,,,,,,,,,
348.0,Hungary,245.11,214.7,192.93,192.5,191.43,189.38,192.6,194.66,194.68,198.67,186.23,186.27,178.93,182.6,180.36,176.86,169.56,165.56,159.89,148.81,145.56,136.0,127.95,125.59,123.83,125.85,118.74,119.89,119.14,2018.0,119.14,-51.39,12.27,1990,1985,1994,1983,2002,1989.0,2016,1979,2000,2008,2002,1999.0,1994.0,1985,-12.40667455428176,-10.139729855612474,-0.2228787643186683,-0.5558441558441523,-1.0708875306900754,1.700285140986376,1.069574247144342,0.0102743244631718,2.049517156359143,-6.261639905370714,0.0214788165172208,-3.940516454608903,2.0510814284915817,-1.2267250821467583,-1.9405633178088264,-4.127558520863967,-2.359046945034206,-3.4247402754288574,-6.929764212896357,-2.183993011222364,-6.567738389667492,-5.919117647058822,-1.844470496287612,-1.40138546062585,1.631268674796088,-5.649582836710369,0.9685026107461728,-0.6255734423221286
352.0,Iceland,30.89,29.6,31.96,33.66,32.99,34.36,34.85,34.53,33.36,33.08,32.59,29.04,31.21,30.62,31.59,28.15,27.72,30.32,27.94,27.77,26.22,23.79,23.55,22.68,22.46,23.01,20.91,21.23,21.9,2018.0,21.9,-29.10,65.05,1995,2000,1994,,2002,1989.0,2016,1978,,2002,1985,1997.0,1993.0,1995,-4.176108773065714,7.972972972972971,5.319148936170199,-1.99049316696374,4.152773567747794,1.4260768335273633,-0.9182209469153524,-3.3883579496090404,-0.8393285371702672,-1.481257557436502,-10.892911936176754,7.472451790633615,-1.890419737263697,3.1678641410842547,-10.889522000633116,-1.527531083481349,9.379509379509384,-7.849604221635881,-0.6084466714388035,-5.581562837594529,-9.267734553775744,-1.0088272383354284,-3.694267515923571,-0.9700176366842984,2.448797862867323,-9.126466753585404,1.5303682448589204,3.1559114460668782
360.0,Indonesia,17.41,17.47,19.85,20.36,836.97,462.360109269619,468.9921056330204,437.59941996634007,368.18205223977566,260.7400024533272,84.67,-68.21814320981503,-289.73423913121223,-549.2750170826912,-846.8404770940542,-1182.4306191056967,-1556.0454432070255,-1967.6849493384361,-2417.349137529731,-2905.038007721305,-3430.7515600025654,-3994.4897943139076,-4596.252710685134,-5236.04030905664,-5913.852589517832,-6629.689552009106,-7383.551196530461,-8175.437523111701,-9005.348531752825,2000.0,84.67,386.33,0.4,1993,1978,1994,,2004,1992.0,2016,1992,2013,2009,1986,1998.0,1994.0,1989,0.3446295232624854,13.623354321694348,2.569269521410569,4010.854616895874,,,,,,,,,,,,,,,,,,,,,,,,
364.0,Iran (Islamic Republic of),,,,,1201.36,,,,,,600.76,,,,,,,,,,,,,,,,,,,2000.0,600.76,,9.15,1993,1976,1996,2008,2005,1990.0,,1975,2004,2006,,1997.0,1996.0,1975,,,,,,,,,,,,,,,,,,,,,,,,,,,,
372.0,Ireland,172.73,174.98,183.38,175.36,174.36,172.47,175.18,169.09,177.37,173.47,175.0,173.87,166.52,165.86,167.69,169.52,165.0,160.86,146.91,122.93,116.8,104.63,107.19,108.98,108.42,110.81,111.35,108.82,108.51,2018.0,108.51,-37.18,22.52,1994,2002,1996,1983,2002,1988.0,2016,1985,2005,2010,1996,1997.0,1994.0,1991,1.3026110114050833,4.800548634129618,-4.3734322172537805,-0.5702554744525548,-1.0839642119752322,1.571287760190183,-3.476424249343534,4.896800520432906,-2.198793482550604,0.881996887069811,-0.6457142857142831,-4.227296255823313,-0.3963487869324985,1.1033401664053926,1.0912994215516802,-2.6663520528551263,-2.509090909090901,-8.672137262215601,-16.322918793819337,-4.986577727161807,-10.419520547945208,2.446717002771674,1.6699318966321546,-0.5138557533492405,2.204390333886737,0.4873206389314971,-2.272114952851371,-0.2848741040249844
376.0,Israel,218.1130435107043,220.5689333503833,222.50330017728265,223.91614399140235,224.80746479250956,225.17726258083712,219.9,224.35228911892045,223.15751786867622,221.44122360565234,236.67,216.44406604103278,213.1632027394371,206.59,195.51,196.51,191.3,192.41,183.84,167.32,163.42,158.1,179.71,147.09,127.2,120.03,104.63,98.17,94.68,2018.0,94.68,,11.3,1994,1979,1995,1983,2004,1992.0,2016,1997,2011,,,1996.0,1996.0,1999,,,,,,,,,,,,,,-5.363279926424324,0.5114827886041635,-2.651264566688708,0.580240460010447,-4.454030455797512,-8.986074847693653,-2.3308630169734674,-3.2554154938196023,13.668564199873506,-18.151466251182462,-13.522333265347749,-5.63679245283019,-12.830125801882868,-6.174137436681634,-3.555057553223994
380.0,Italy,2127.05,2194.19,2233.25,2129.41,2029.14,1990.8,1918.96,1841.48,1727.59,1629.43,1511.52,1480.7,1424.58,1402.11,1352.45,1296.34,1241.07,1175.09,1061.04,972.21,950.58,906.44,858.79,791.03,770.96,735.43,715.21,674.8,672.3,2018.0,672.3,-68.39,11.09,1994,1979,1994,1983,2002,1988.0,2016,1977,2002,,1995,1997.0,1994.0,1978,3.15648433276133,1.7801557750240382,-4.6497257360349336,-4.70881605702987,-1.8894704160383289,-3.608599557966643,-4.037603702005254,-6.1846992636357765,-5.681903692427015,-7.236272807055233,-2.039007092198577,-3.79009927736882,-1.5773069957461168,-3.5418048512598768,-4.148767052386419,-4.263541972013514,-5.31638022029378,-9.705639568033083,-8.37197466636507,-2.224827969265899,-4.643480822234845,-5.25682891311064,-7.890171054623364,-2.5371983363462745,-4.608540002075346,-2.7494119086792645,-5.650088785112076,-0.3704801422643746
388.0,Jamaica,-1.173073208425194,7.945924644358456,16.37037211190909,24.10026919329539,30.86,37.476412198506296,43.122658122330904,48.074353660456836,52.33149881288409,55.89409357961267,58.762137960409746,60.93563195550814,62.414575564907864,63.19896878837608,63.288811626145616,62.68410407844931,64.76,55.41,66.57,46.37,42.24,44.47030068910681,43.97,32.842629806371406,25.98696878645569,18.43675738060847,10.191995589062572,1.252683412283659,-8.381179150892422,2012.0,43.97,,15.47,2003,1997,1995,,1999,1993.0,2017,1998,2002,2007,1983,1997.0,1995.0,1983,,,,,,,,,,,,,,,,,-14.437924644842507,20.140768814293445,-30.34399879825747,-8.906620659909414,,,,,,,,
392.0,Japan,1976.83,2024.96,1996.19,1981.67,2017.96,2078.2,2063.99,2088.02,1991.29,2031.04,2040.45,2019.56,2066.8,2047.67,1978.3,1953.54,1869.76,1780.02,1646.32,1558.76,1562.23,1498.97,1452.81,1394.17,1339.15,1302.2,1421.69,1355.88,1316.62,2018.0,1316.62,-33.40,10.35,1993,1980,1993,,2002,1988.0,2016,1980,2004,2002,1996,1998.0,1993.0,1992,2.434706069818857,-1.4207688053097336,-0.727385669700779,1.8312837152502668,2.985192967154938,-0.6837647964584754,1.1642498267918062,-4.63261846150899,1.9961934223543527,0.4633094375295455,-1.023793770981896,2.3391233734080807,-0.9255854461002568,-3.387752909404353,-1.2515796390840617,-4.288624753012479,-4.799546465856581,-7.5111515600948335,-5.318528597113559,0.2226128461084469,-4.049339725904636,-3.079447887549456,-4.036315829323853,-3.9464340790577888,-2.759212933577272,9.176009829519275,-4.628997882801451,-2.895536478154425
400.0,Jordan,96.00444448273629,89.01875003194436,83.13111113756895,78.34152779914439,74.65,72.05652779061347,70.56111112004146,70.16375000495464,70.86444444581866,72.6631944430992,75.56,79.5548611045815,84.64777777018026,90.8387499912642,98.12777776783332,106.5148611003533,116.0,126.58319443278015,138.26444443315268,151.04374998947605,164.92111110175028,179.89652777044103,195.96999999461696,213.14152777427807,231.4111111103557,250.77875000191852,271.2444444494322,292.8081944533624,315.47000001277775,2006.0,116.0,,19.36,1989,1978,1994,2001,2003,1989.0,2016,1977,2002,2004,1995,1996.0,1993.0,1975,,,,,,,,,,,,,,,,,,,,,,,,,,,,
398.0,Kazakhstan,713.56,663.09,653.26,581.86,485.29,452.14,408.89,381.03,357.43,276.48,318.36,330.62,353.8,390.84,419.77,450.36,484.25,494.84,478.48,481.48,526.82,521.71,535.11,548.08,593.17,588.59,593.44,630.91,653.88,2018.0,653.88,-8.36,35.69,2003,2000,1994,2006,2009,1998.0,2016,2007,2007,2007,,1997.0,1995.0,1994,-7.072986153932384,-1.4824533622886849,-10.929798242659889,-16.596775856735295,-6.830967050629528,-9.565621267748927,-6.8135684413901085,-6.193738025877219,-22.64779117589458,15.147569444444445,3.8509863048121593,7.011070110701109,10.469191633691342,7.402005935932864,7.28732401076781,7.525091038280483,2.1868869385647858,-3.306119149624112,0.6269854539374686,9.416798205532944,-0.9699707680042544,2.568476739951309,2.4238007138719198,8.226901182309136,-0.7721226629802463,0.8240031261149565,6.31403343219195,3.6407728519123217
404.0,Kenya,111.0743560648989,104.50754884304479,98.86747142416425,94.15412380709313,47.28,122.2,85.57445977069438,84.56803136318922,84.48833275795914,85.3353639554698,134.7,89.80961575708352,93.43683636141941,97.99078676849604,103.47146697761491,48.5,117.21301680337638,125.47388641955331,134.66148583800532,144.77581505896524,178.0,167.7846629084088,180.67918153642677,194.50042996695265,209.24840820021927,224.9231162352953,241.52455407287925,259.05272171320394,277.50761915557086,2010.0,178.0,,4.24,2000,1978,1994,1999,2005,1988.0,2016,1990,2005,2004,1989,1997.0,1994.0,1991,,,,,158.46023688663283,,,,,,,,,,,,,,,,,,,,,,,
296.0,Kiribati,,,,,0.0,,,,,,,,,,,,,,,,,,,,,,,,,1994.0,0.0,,0.0,2000,,1994,,2000,1993.0,2016,2013,,2004,2003,1998.0,1995.0,2000,,,,,,,,,,,,,,,,,,,,,,,,,,,,
414.0,Kuwait,,,,,113.0,,,,,,,,,,,,,,,,,,,,,,,,,1994.0,113.0,,68.1,1993,2002,2002,,2005,1992.0,2018,2015,2006,2006,1986,1997.0,1994.0,2002,,,,,,,,,,,,,,,,,,,,,,,,,,,,
417.0,Kyrgyzstan,78.66,67.76,56.48,45.18,34.27,22.74,23.83,25.68,23.2,22.13,20.81,19.13,20.1,20.51,21.36,21.75,23.25,31.94,33.82,35.85,31.66,48.40658646658994,55.72853861982003,63.81556284031831,72.66765912855044,82.28482748474926,92.6670679077506,103.81438039848581,115.72676495672204,2010.0,31.66,-59.76,5.84,1996,2007,1996,2014,2003,2000.0,,2003,2000,2006,,1997.0,2000.0,1995,-13.857106534452065,-16.646989374262112,-20.0070821529745,-24.147853032315176,-33.64458710242195,4.7933157431838165,7.763323541754098,-9.657320872274148,-4.612068965517243,-5.964753727971082,-8.07304180682364,5.07056978567696,2.0398009950248763,4.144319843978536,1.8258426966292165,6.896551724137931,37.37634408602151,5.886036318096428,6.002365464222357,-11.68758716875872,,,,,,,,
418.0,Lao People's Democratic Republic,4.18,,,,,,,,,,7.87,,,,,,,,,,,,,,,,,,,2000.0,7.87,88.28,1.48,2010,2004,1996,,2003,1998.0,2016,2010,2010,2006,1998,1996.0,1995.0,1987,,,,,,,,,,,,,,,,,,,,,,,,,,,,
428.0,Latvia,95.66,92.11,74.96,65.5,55.63,50.72,50.3,47.89,44.19,42.55,41.09,44.19,43.03,44.84,44.13,43.71,44.19,44.59,40.86,38.22,39.37,36.7,36.65,35.95,35.38,34.55,32.79,32.88,33.85,2018.0,33.85,-64.61,17.55,1992,1997,1996,1999,2002,1995.0,2017,1995,2003,2004,2004,2002.0,1995.0,1995,-3.711060004181473,-18.619042449245477,-12.62006403415154,-15.068702290076333,-8.826172928276115,-0.8280757097791832,-4.791252485089457,-7.726038839006061,-3.7112468884363,-3.431257344300808,7.544414699440239,-2.62502828694274,4.206367650476417,-1.583407671721679,-0.9517335146159114,1.098146877144811,0.905182167911305,-8.36510428347164,-6.461086637298092,3.00889586603872,-6.7818135636271135,-0.1362397820163603,-1.909959072305582,-1.5855354659248964,-2.3459581684567703,-5.094066570188128,0.2744739249771376,2.950121654501213
422.0,Lebanon,55.39520270115463,54.81661985482788,54.42072239663685,54.20751032669796,54.11,54.329142351285554,54.66398644592846,55.181515928707086,55.881730799679644,56.764631058846135,57.98,59.07848774176091,60.509444165509194,62.12308597745141,63.91941317770397,65.89842576597584,68.06012374249985,70.40450710715959,72.93157586007146,75.64133000111906,78.5337695304188,81.38,84.65,88.67,91.93038152932422,95.73624799953541,99.72479985794052,103.89603710453957,108.24995973933255,2013.0,88.67,,15.0,1994,2013,1995,2019,2006,1993.0,,1999,2006,2003,1995,1996.0,1994.0,1983,,,,,,,,,,,,,,,,,,,,,,4.018186286556906,4.748966331955104,,,,,
426.0,Lesotho,,,,,5.05,,,,,,,,,,,,,,,,,,,,,,,,,1994.0,5.05,,2.71,2000,2003,1995,,2000,1994.0,2017,2004,2008,2002,2007,1995.0,1995.0,2003,,,,,,,,,,,,,,,,,,,,,,,,,,,,
430.0,Liberia,,,,,,,,,,,1.0,,,,,,,,,,,,,,,,,,,2000.0,1.0,,0.35,2004,1981,2001,2004,2002,1996.0,2018,2003,2004,2002,2008,1998.0,2002.0,2002,,,,,,,,,,,,,,,,,,,,,,,,,,,,
440.0,Lithuania,155.89,151.12,103.89,78.92,72.73,73.86,75.89,77.56,77.48,68.38,62.59,64.09,65.75,66.13,68.0,67.66,70.2,67.0,67.64,61.75,63.77,60.5,62.5,61.16,59.27,60.36,59.6,55.89,56.23,2018.0,56.23,-63.93,20.07,1999,2001,1996,2002,2003,1995.0,2017,1993,2004,2006,2003,2003.0,1995.0,1992,-3.0598498941561245,-31.253308628904183,-24.035037058427186,-7.843385707045106,1.5536917365598728,2.7484430002707843,2.200553432599817,-0.1031459515214005,-11.74496644295303,-8.467388125182792,2.396548969483943,2.5901076611015705,0.5779467680608297,2.827763496143966,-0.500000000000005,3.7540644398463,-4.558404558404562,0.9552238805970158,-8.707865168539326,3.2712550607287496,-5.127803042182849,3.3057851239669422,-2.144000000000005,-3.0902550686723247,1.839041673696636,-1.2591119946984723,-6.224832214765102,0.6083378064054327
442.0,Luxembourg,41.03,46.86,46.79,44.59,41.09,34.65,34.79,34.56,33.48,36.02,39.75,41.48,41.9,44.69,53.65,55.38,49.92,45.53,42.27,37.7,38.5,39.2,36.6,33.19,31.02,27.5,24.74,21.66,19.74,2018.0,19.74,-51.90,32.66,1994,1983,1994,1983,2002,1988.0,2016,1998,2002,2003,2000,1997.0,1994.0,1983,14.209115281501337,-0.1493811352966288,-4.7018593716606025,-7.849293563579278,-15.672913117546855,0.4040404040404057,-0.6611095142282175,-3.125000000000015,7.586618876941477,10.355358134369784,4.352201257861627,1.01253616200579,6.658711217183769,20.04922801521593,3.2246039142590943,-9.859154929577466,-8.794070512820513,-7.160114210410713,-10.811450201088242,2.122015915119356,1.8181818181818257,-6.632653061224493,-9.316939890710392,-6.538113889725816,-11.347517730496453,-10.036363636363642,-12.449474535165718,-8.864265927977847
450.0,Madagascar,-1.7103409280534834,2.7165993048110977,6.879724029800855,10.779033247148618,16.59,17.78620515775401,20.894067851360887,23.738115036976524,26.318346714717336,28.634762884816155,24.34,32.476148700807244,34.00111834704876,35.26227248564828,36.259611116023734,30.1,47.8,49.9,32.4,32.8,34.9,35.85414730908815,34.74096187658142,33.36396093631629,31.7231444879435,29.818512531812303,27.650065067922696,25.217802095925435,22.521723616169766,2010.0,34.9,,1.65,1999,1975,1996,2007,2003,1996.0,2016,1999,2004,2005,2001,1997.0,1999.0,1983,,,,,,,,,,,,,,,,58.80398671096344,4.393305439330547,-35.07014028056113,1.2345679012345634,6.402439024390248,,,,,,,,
454.0,Malawi,28.7,,,,26.27,,,,,,,,,,,,,,,,,,,,,,,,,1994.0,26.27,-8.47,2.7,1994,1982,1994,2019,2001,1991.0,2017,1997,2009,2009,2010,1996.0,1994.0,1982,,,,,,,,,,,,,,,,,,,,,,,,,,,,
458.0,Malaysia,,,,,,,,,,,,,,,,,,,,,,1.04,,,,,,,,2011.0,1.04,,0.04,1993,1977,1994,,2002,1989.0,2016,1995,2002,,1996,1997.0,1994.0,1988,,,,,,,,,,,,,,,,,,,,,,,,,,,,
466.0,Mali,-29.810000010300428,-19.907600009581074,-10.844400008907542,-2.6204000080469996,4.76439999230206,11.31,17.01639999402687,21.883599994936958,25.911599995801225,29.100399996852502,31.45,32.96039999835193,33.631599999498576,33.4636000005994,32.4564000016544,30.610000002896413,27.924400004092604,24.399600004777312,20.03560000611469,14.83240000740625,8.79,1.9084000100847334,-5.812399988528341,-14.372399987187237,-23.771599986124784,-34.00999998464249,-45.08759998320602,-57.00439998158254,-69.76039998023771,2010.0,8.79,,0.58,2000,1994,1995,1987,2002,1994.0,2016,1987,2003,2003,1985,1995.0,1994.0,1977,,,,,,,,,,,,,,,,,,,,,,,,,,,,
470.0,Malta,7.43,7.64,8.73,8.78,9.4,9.19,9.38,9.67,9.49,9.45,9.5,7.84,7.86,8.45,7.81,9.76,9.7,10.02,10.07,8.3,8.89,7.8,9.16,8.18,8.61,7.5,6.09,6.34,4.52,2018.0,4.52,-39.22,10.28,2000,1989,2001,2001,2001,1988.0,2016,1989,2017,2017,1993,1998.0,1994.0,1978,2.826379542395693,14.267015706806294,0.5727376861397357,7.061503416856504,-2.2340425531914985,2.0674646354733546,3.091684434968008,-1.8614270941054776,-0.4214963119072805,0.5291005291005366,-17.473684210526315,0.2551020408163324,7.506361323155203,-7.573964497041417,24.967989756722154,-0.6147540983606609,3.2989690721649514,0.4990019960079911,-17.576961271102277,7.108433734939757,-12.260967379077622,17.43589743589744,-10.69868995633188,5.256723716381415,-12.891986062717764,-18.800000000000004,4.105090311986864,-28.70662460567824
584.0,Marshall Islands,0.5500000002548404,0.5140000002247689,0.48200000019642175,0.454000000169799,0.4300000001458102,0.41000000012263627,0.39400000010118674,0.3820000000814616,0.3740000000634609,0.3700000000471846,0.37,0.37400000001980516,0.38200000000870205,0.39400000000023283,0.4099999999925785,0.43,0.4539999999824431,0.481999999979962,0.5139999999782958,0.5499999999792635,0.59,0.6339999999863721,0.681999999992513,0.7340000000003783,0.7900000000099681,0.8500000000212822,0.9140000000343207,0.9820000000481741,1.0540000000646614,2010.0,0.59,,10.39,2003,,1993,,2003,1993.0,2016,2004,2003,2003,1991,1998.0,1992.0,2002,,,,,,,,,,,,,,,,,,,,,,,,,,,,
478.0,Mauritania,,,,,,6.87,,,,,10.31,,,,,,,,,,,,,,,,,,,2000.0,10.31,,3.92,1996,1998,1996,1998,2005,1994.0,2017,1983,2005,2005,1996,1996.0,1994.0,1981,,,,,,,,,,,,,,,,,,,,,,,,,,,,
480.0,Mauritius,32.47525835700799,29.532656533352565,26.837035459291656,24.388395135174505,22.18673556082649,20.36,18.524358661321457,17.063641336280853,15.849904761009384,14.883148935390636,13.56,13.46,13.75,14.29,13.95,13.69,15.031319150293712,16.040409323002677,17.296480245306157,18.799531917553395,20.54956433956977,22.546577511238866,24.790571432793513,27.281546104117297,30.019501525210217,33.00443769595586,36.23635461658705,39.71525228698738,43.44113070704043,2005.0,13.69,,11.2,1992,1975,1993,2004,2001,1992.0,2016,2001,2005,2004,1994,1996.0,1992.0,1995,,,,,,,,,,,-0.7374631268436552,2.1545319465081656,3.927272727272721,-2.3792862141357585,-1.8637992831541204,,,,,,,,,,,,,
583.0,Micronesia (Federated States of),,,,,2.25,,,,,,1.26,,,,,,,,,,,,,,,,,,,2000.0,1.26,,11.69,1995,,1994,,1999,1995.0,2016,,,2005,1991,1996.0,1993.0,2002,,,,,,,,,,,,,,,,,,,,,,,,,,,,
492.0,Monaco,0.57,0.62,0.82,0.65,0.63,0.58,0.57,0.54,0.5,0.48,0.46,0.47,0.43,0.41,0.39,0.37,0.28,0.27,0.27,0.26,0.25,0.24,0.24,0.24,0.21,0.19,0.17,0.16,0.14,2018.0,0.14,-74.59,3.73,1992,1978,1993,1993,2006,1993.0,2016,1997,,2004,1996,1999.0,1992.0,1978,8.771929824561413,32.258064516129025,-20.73170731707316,-3.0769230769230798,-7.936507936507943,-1.7241379310344844,-5.263157894736828,-7.407407407407414,-4.000000000000004,-4.166666666666659,2.1739130434782505,-8.510638297872337,-4.651162790697678,-4.878048780487796,-5.128205128205133,-24.32432432432432,-3.571428571428574,0.0,-3.703703703703707,-3.84615384615385,-4.000000000000004,0.0,0.0,-12.5,-9.523809523809518,-10.52631578947368,-5.8823529411764754,-12.499999999999991
496.0,Mongolia,2.3,2.3,2.5,2.5,2.6,2.7,2.9,2.96,2.98,3.133809523779746,3.241428571389406,3.3513419912933387,3.4635497834924536,3.5780519479831128,3.6948484847680447,3.81393939384634,3.9353246752179984,4.05900432888393,4.184978354842315,4.313246753095882,4.443809523641903,4.576666666481287,4.7118181816149445,4.849264069041965,4.989004328763258,5.131038960777914,5.275367965085934,5.421991341687317,5.570909090582063,1998.0,2.98,29.57,1.27,1997,1996,1993,1999,1999,1996.0,2016,1998,2001,2004,1996,1996.0,1993.0,1990,0.0,8.695652173913052,0.0,4.000000000000004,3.84615384615385,7.407407407407398,2.068965517241381,0.6756756756756763,,,,,,,,,,,,,,,,,,,,
499.0,Montenegro,7.66,9.45,2.51,4.65,3.99,2.87,6.31,6.22,7.49,8.39,8.8,7.25,7.33,7.36,7.53,7.41,7.72,7.91,9.3,7.48,9.02,10.15,9.919610389308218,10.290779220409604,10.677992659060692,11.08125070528331,11.50055335905563,11.935900620395842,12.387292489289393,2011.0,10.15,32.48,16.23,2006,2007,2006,2009,2007,2006.0,2017,2006,2011,2011,2006,2007.0,2006.0,2006,23.368146214099205,-73.43915343915344,85.25896414342633,-14.193548387096778,-28.07017543859649,119.86062717770032,-1.4263074484944511,20.41800643086817,12.016021361815758,4.886769964243148,-17.61363636363637,1.1034482758620698,0.4092769440654876,2.309782608695651,-1.5936254980079694,4.1835357624831255,2.461139896373062,17.572692793931736,-19.56989247311828,20.588235294117634,12.52771618625278,,,,,,,
504.0,Morocco,135.33388033974916,138.62851117970422,142.44351310364436,146.77888611133676,152.0,157.01074537890963,162.90723163832445,169.32408898172434,176.2613174089929,183.71891692013014,190.82,200.19522919447627,209.21394195733592,218.75302580406424,228.81248073477764,239.3923067493597,250.49250384781044,262.1130720303627,274.25401129666716,286.9153216468403,302.07,313.7990555987926,326.56,342.76427388645243,358.02743965631817,373.81097650993615,390.1148844473064,406.9391634686617,424.2838135740021,2012.0,326.56,,9.82,1995,1975,1995,1993,2002,1995.0,2016,1980,2011,2004,2007,1996.0,1995.0,1975,,,,,,,,,,,,,,,,,,,,,,,,,,,,
508.0,Mozambique,75.94,,,,93.1,,,,,,,,,,,,,,,,,,,,,,,,,1994.0,93.1,22.60,6.23,1997,1981,1995,2009,2005,1994.0,2018,2004,2010,2005,1997,1997.0,1995.0,1982,,,,,,,,,,,,,,,,,,,,,,,,,,,,
104.0,Myanmar,0.1407142854391168,0.1207142854796075,0.10249999980305802,0.08607142840946835,0.07142857129792901,0.05857142846843999,0.047499999921910785,0.038214285658341396,0.03071428567636758,0.024999999976898835,0.02,0.02,0.02,0.02,0.02,0.03,0.034999999992123776,0.04357142855224083,0.0539285713962272,0.06607142852135439,0.0799999999294414,0.09571428562048823,0.11321428559313063,0.1324999998482781,0.15357142838593063,0.17642857120699773,0.2010714283096604,0.22749999969482815,0.25571428536341045,2005.0,0.03,,0.0,2015,1997,1995,,2003,1993.0,2017,2005,,2004,1996,1997.0,1994.0,1994,,,,,,,,,,,0.0,0.0,0.0,0.0,49.99999999999999,,,,,,,,,,,,,
516.0,Namibia,,,,,,,,,,,41.2,,,,,,,,,,,,,,,,,,,2000.0,41.2,,22.96,1995,1990,1997,,2003,1993.0,2016,1995,2005,2005,1983,1997.0,1995.0,2000,,,,,,,,,,,,,,,,,,,,,,,,,,,,
520.0,Nauru,-0.39064039403274364,-0.3243596058600815,-0.2623645319727075,-0.20465517237062159,-0.1512315270538238,-0.10209359602231416,-0.05724137927791162,-0.016674876818797202,0.019605911355029093,0.051600985243567266,0.05,0.10273399016296025,0.12187192119017709,0.21,0.14729064039602235,0.1535714285691938,0.15556650245889614,0.08,0.14669950737879844,0.1358374384108174,0.15,0.101256157617172,0.0775369457915076,0.049532019680555095,0.017241379284314462,-0.019334975400852272,-0.06019704436766915,-0.10534482762159314,-0.15477832516080525,2010.0,0.15,,14.98,2001,,1994,,2001,2001.0,2016,,,2002,1996,1998.0,1993.0,,,,,,,,,,,,,,,,,,,,,,,,,,,,,
524.0,Nepal,,,,,,,,,,,67.0,,,,,,,,,,,,,,,,,,,2000.0,67.0,,2.8,1996,1975,1994,,2005,1994.0,2016,1988,2007,2007,1998,1996.0,1994.0,1978,,,,,,,,,,,,,,,,,,,,,,,,,,,,
528.0,Netherlands,587.21,446.26,433.47,418.57,395.54,486.15,373.19,355.17,423.93,421.4,399.78,389.22,375.5,370.57,357.97,347.51,335.62,318.53,311.97,292.13,288.15,273.41,263.74,257.75,245.21,243.09,232.26,220.68,211.61,2018.0,211.61,-63.96,12.4,1993,1984,1994,1983,2002,1988.0,2017,1980,2000,2002,1996,1995.0,1993.0,1992,-24.003337817816465,-2.866042217541336,-3.4373774424989114,-5.502066559954123,22.907923345300084,-23.23562686413658,-4.8286395669766025,19.359743221555878,-0.5967966409548816,-5.1305173232083545,-2.6414527990394583,-3.5249987153794837,-1.3129161118508674,-3.400167309819998,-2.9220325725619567,-3.4214842738338427,-5.0920684107025895,-2.0594606473487413,-6.359585857614523,-1.3624071475028303,-5.11539128925905,-3.536812845177577,-2.2711761583377603,-4.865179437439377,-0.8645650666775435,-4.455140071578432,-4.985791785068451,-4.110023563530901
554.0,New Zealand,101.71,102.98,112.39,113.91,118.1,121.21,126.97,135.05,129.91,137.93,144.97,152.05,155.4,162.97,157.4,165.85,165.2,161.48,164.23,154.19,155.78,155.39,163.59,163.56,164.2,165.66,159.71,170.78,168.34,2018.0,168.34,65.52,35.49,1994,1989,1993,2000,2002,1988.0,2016,1976,2003,2004,1996,2000.0,1993.0,1984,1.2486481171959596,9.137696640124291,1.3524334905240645,3.678342551136861,2.633361558001693,4.75208316145533,6.36370796251084,-3.805997778600529,6.173504734046656,5.104038280287096,4.883769055666699,2.203222624136793,4.8712998712998665,-3.417806958335886,5.368487928843703,-0.3919204100090477,-2.2518159806295395,1.7029972752043598,-6.113377580222854,1.0311952785524376,-0.2503530620105371,5.277044854881278,-0.0183385292499548,0.391293714844697,0.8891595615103581,-3.5916938307376487,6.9313130048212335,-1.428738728188311
558.0,Nicaragua,,,,,18.58,,,,,,69.62,,,,,,,,,,,,,,,,,,,2000.0,69.62,,13.73,1997,1977,1996,,1999,1993.0,2017,1997,2008,2005,2000,1998.0,1995.0,1979,,,,,,,,,,,,,,,,,,,,,,,,,,,,
562.0,Niger,,,,,,,,,,,22.0,,,,,,,,24.0,,,,,,,,,,,2008.0,24.0,,1.57,1998,1975,1995,1983,2004,1992.0,2016,1987,2006,2006,2013,1996.0,1995.0,1974,,,,,,,,,,,,,,,,,,,,,,,,,,,,
566.0,Nigeria,,,,,470.34,,,,,,1005.0,,,,,,,,,,,,,,,,,,,2000.0,1005.0,,8.22,1991,1974,1994,1987,2004,1988.0,2017,2001,2001,2004,1986,1997.0,1994.0,1974,,,,,,,,,,,,,,,,,,,,,,,,,,,,
570.0,Niue,-0.02426846319667675,-0.008989482023480377,0.005096708202017908,0.017990107479818107,0.03,0.04019853318868627,0.04951355962066373,0.05763579510448835,0.06456523964061489,0.0703018932276791,0.07484575586659048,0.07819682755689428,0.08035510829904524,0.08132059809395287,0.08109329693934342,0.07,0.08,0.09,0.06,0.06,0.05468088009911298,0.04610404230652421,0.03633441356669209,0.025371993877342902,0.013216783239840879,-0.00013121834581397707,-0.014672010880076414,-0.03040559436158219,-0.04733196879215029,2009.0,0.06,,34.59,,,,,,,,,,,,,,,,,,,,,,,,,,,,,,14.285714285714276,12.499999999999991,-33.33333333333333,0.0,,,,,,,,,
807.0,North Macedonia,41.41,37.11,32.19,36.0,34.15,34.31,33.91,35.91,37.08,36.36,34.07,33.96,32.06,34.88,31.7,32.1,33.0,34.29,35.94,34.07,34.77614034978615,35.14714285581431,35.568072452326305,36.03892913927848,36.55971291664173,37.13042378445971,37.751061742703314,38.42162679140165,39.142118930554716,2009.0,34.07,-17.74,16.46,1997,2000,1998,1999,2004,1994.0,2018,1991,2010,2004,1994,2002.0,1998.0,1997,-10.383965225790863,-13.257881972514152,11.83597390493943,-5.138888888888893,0.4685212298682392,-1.165840862722255,5.897965202005309,3.2581453634085267,-1.9417475728155311,-6.298129812981296,-0.322864690343409,-5.594817432273258,8.796007485963818,-9.116972477064229,1.2618296529968522,2.8037383177570048,3.9090909090909065,4.81189851268591,-5.203116304952692,,,,,,,,,
578.0,Norway,201.63,196.05,200.08,204.56,209.17,220.07,230.69,239.12,242.53,235.62,223.07,221.03,215.71,215.97,213.58,216.2,214.92,216.23,209.65,200.04,204.8,206.08,202.1,194.9,188.16,177.67,169.13,161.63,163.49,2018.0,163.49,-18.92,30.63,1990,1976,1993,1985,2002,1988.0,2016,1975,2001,2002,1996,1996.0,1993.0,1977,-2.767445320636802,2.0555980617189498,2.239104358256692,2.253617520531866,5.211072333508633,4.825737265415552,3.654254627422085,1.4260622281699549,-2.849132066136147,-5.326372973431802,-0.914511140000893,-2.4069130887209846,0.1205321960038899,-1.1066351808121435,1.2267066204700705,-0.5920444033302503,0.6095291271170679,-3.0430560051796625,-4.583830193179114,2.3795240951809733,0.6250000000000006,-1.9312888198757847,-3.5625927758535325,-3.458183683940487,-5.575042517006808,-4.806664040074291,-4.434458700407971,1.150776464765213
512.0,Oman,,,,,0.22,,,,,,,,,,,,,,,,,,,,,,,,,1994.0,0.22,,0.1,1995,2008,1995,,2005,1999.0,2019,2013,2000,2005,1989,1996.0,1995.0,1981,,,,,,,,,,,,,,,,,,,,,,,,,,,,
585.0,Palau,,,,,,,,,,,0.0,,,,,0.01,,,,,,,,,,,,,,2005.0,0.01,,0.26,2011,2004,1999,2008,1999,2001.0,2016,2003,,2011,1996,1999.0,1999.0,2002,,,,,,,,,,,,,,,,,,,,,,,,,,,,
591.0,Panama,,,,,1.65,,,,,,33.69,,,,,,,,,,,,,,,,,,,2000.0,33.69,,11.12,1991,1978,1995,1989,1999,1989.0,2016,1990,2000,2003,1996,1996.0,1995.0,1978,,,,,,,,,,,,,,,,,,,,,,,,,,,,
598.0,Papua New Guinea,,,,,,,,,,,18.23,,,,,,,,,,,,,,,,,,,2000.0,18.23,,3.12,1995,1975,1993,,2002,1992.0,2016,1993,,2003,1997,2000.0,1993.0,1997,,,,,,,,,,,,,,,,,,,,,,,,,,,,
600.0,Paraguay,79.04,67.39573662390467,62.18741211446468,57.497891743900254,43.58,49.675263420678675,46.54215546778869,43.9278516540071,41.83235197933391,40.25565644388553,39.06,38.658677790430374,38.638394672074355,39.13691569317598,40.154240853386,48.05,43.74530359136406,46.31904116901569,49.411582885775715,53.02292874176055,57.153078736620955,64.21,62.17,72.65635355678387,78.86172010842711,85.58589079917874,92.82886562915519,100.59064459824003,108.87122770643327,2012.0,62.17,-21.34,9.68,1995,1976,1994,1999,1999,1992.0,2016,1995,2003,2004,1986,1997.0,1994.0,1988,,,,,,,,,,,,,,,,,,,,,,-3.1770752219280363,,,,,,
604.0,Peru,,,,,138.46,,,,,,,,,,,,,,,,,,,,,,,,,1994.0,138.46,,5.81,1993,1975,1993,1997,2002,1993.0,2016,1992,2005,2005,,1995.0,1993.0,1982,,,,,,,,,,,,,,,,,,,,,,,,,,,,
608.0,Philippines,,,,,316.8,,,,,,,,,,,,,,,,,,,,,,,,,1994.0,316.8,,4.65,1993,1981,1994,1994,2003,1991.0,2017,1994,2006,2004,1984,2000.0,1994.0,1985,,,,,,,,,,,,,,,,,,,,,,,,,,,,
616.0,Poland,1089.52,1072.5,1056.7,1061.71,1055.17,1053.3,1083.77,1030.43,942.4,913.83,851.84,828.83,797.67,818.47,839.76,869.47,890.32,892.8,863.09,856.36,887.89,871.67,835.95,795.83,746.58,725.26,742.18,803.65,780.6345146682579,2017.0,803.65,-26.24,21.17,1992,1989,1996,1996,2002,1990.0,2016,1978,2005,2008,1998,2001.0,1994.0,1976,-1.5621558117336058,-1.473193473193469,0.4741175357244242,-0.6159874165261666,-0.1772226276334731,2.8928130637045504,-4.921708480581666,-8.543035431810027,-3.031621392190146,-6.783537419432499,-2.7012114951164525,-3.759516426770277,2.6075946193288035,2.601194912458608,3.537915594931889,2.3980125823777727,0.2785515320334154,-3.327732974910385,-0.7797564564529792,3.681862767994765,-1.8268028697248564,-4.097881078848637,-4.799330103475088,-6.188507595843333,-2.8556886067132856,2.332956456994727,8.282357379611419,
620.0,Portugal,251.03,265.04,285.54,275.1,274.02,284.85,265.14,266.9,279.48,290.39,283.17,280.98,286.65,262.45,264.46,269.03,248.01,237.2,220.06,208.43,191.79,175.79,162.99,159.65,156.65,160.46,154.08,157.42,152.38,2018.0,152.38,-39.30,14.86,1994,1980,1994,1983,2002,1988.0,2016,1981,2005,2004,1997,1996.0,1993.0,1980,5.58100625423257,7.734681557500754,-3.6562303004832937,-0.3925845147219342,3.952266257937392,-6.919431279620865,0.6638002564682774,4.71337579617836,3.903678259625006,-2.4863115121044013,-0.7733870113359458,2.017937219730927,-8.442351299494154,0.7658601638407281,1.7280496105271093,-7.813255027320368,-4.358695213902666,-7.22596964586846,-5.284922293919838,-7.983495658014688,-8.342457896657802,-7.281415325103807,-2.0492054727283904,-1.8791105543376132,2.432173635493139,-3.97606880219369,2.16770508826582,-3.2016262228433443
634.0,Qatar,,,,,,,,,,,,,,,,,,175.69,,,,,,,,,,,,2007.0,175.69,,144.19,1995,2001,1996,,2005,1996.0,2017,,2004,2004,2002,1999.0,1996.0,1984,,,,,,,,,,,,,,,,,,,,,,,,,,,,
498.0,Republic of Moldova,137.38,117.94,78.45,63.13,56.76,47.77,45.03,41.79,35.05,25.65,24.4,26.61,27.37,30.71,32.11,32.86,30.89,32.39,34.81,35.05,39.1,39.95,37.02,36.34,60.81986164418049,69.42481974535622,78.8876127502881,89.20824065990746,100.38670347374864,2013.0,36.34,-73.55,8.92,1998,2001,1996,2001,2003,1996.0,2017,2000,2005,2004,2007,1999.0,1995.0,2002,-14.150531372834472,-33.48312701373579,-19.52836201402167,-10.09028987802947,-15.83861874559548,-5.735817458656064,-7.195203197868093,-16.128260349365885,-26.8188302425107,-4.873294346978558,9.057377049180332,2.8560691469372474,12.203142126415782,4.558775643112988,2.3357209592027406,-5.995130858186242,4.855940433797345,7.47144180302563,0.6894570525710855,11.55492154065622,2.1739130434782643,-7.334167709637045,-1.8368449486763905,,,,,
642.0,Romania,484.53,427.81,462.93,406.84,399.44,397.1,460.0,423.07,393.44,330.29,383.51,365.22,378.66,397.0,364.73,328.62,329.87,351.6,309.03,275.1,253.05,258.3,280.48,237.53,229.6,227.75,213.42,207.6,204.04,2018.0,204.04,-57.89,10.46,1991,1994,1994,1998,2001,1993.0,2017,1991,2003,2004,1996,1998.0,1994.0,1990,-11.706189503229927,8.209251770645848,-12.116302680750875,-1.818896863631889,-0.5858201482074842,15.839838831528574,-8.02826086956522,-7.003569149313352,-16.05073200488003,16.113112719125606,-4.769106411827583,3.679973714473467,4.843395130195948,-8.128463476070525,-9.90047432347216,0.3803785527356825,6.587443538363604,-12.10750853242322,-10.979516551791074,-8.015267175572523,2.0746887966804977,8.58691444057298,-15.313034797490022,-3.3385256599166446,-0.8057491289198582,-6.291986827661915,-2.727017149283101,-1.714836223506745
643.0,Russian Federation,8006.17,7645.87,6186.49,5890.42,5237.93,5181.71,5131.9,4763.62,4720.35,4722.76,4831.12,4958.21,4917.11,5008.39,4989.7,5043.94,5096.63,5019.21,5095.87,4789.16,4902.0,4991.7,4803.85,4576.82,4645.86,4705.25,4484.77,4448.25,4549.64,2018.0,4549.64,-43.17,31.22,1995,1992,1995,,2004,1988.0,2019,1977,2011,2011,1997,2003.0,1994.0,1988,-4.500279159698086,-19.087167320396503,-4.785750886205259,-11.077138811833448,-1.0733247676085829,-0.9612656825642576,-7.176289483427187,-0.9083428149180568,0.0510555361360885,2.2944210588723477,2.630652933481266,-0.8289281817430154,1.8563749844929367,-0.3731738143395484,1.0870393009599733,1.0446198804902618,-1.5190429754563324,1.5273319904925249,-6.018795612917913,2.3561543151617435,1.829865361077108,-3.7632469900033954,-4.726001020015209,1.5084709470767903,1.2783424382138149,-4.6858296583603325,-0.8143115477493925,2.279323329399209
646.0,Rwanda,,,,,,,,,,,,,0.38,,,14.2,,,,,,,,,,,,,,2005.0,14.2,,1.61,2004,1980,1996,2005,2004,2001.0,2016,2006,2004,2002,,1998.0,1998.0,2000,,,,,,,,,,,,,,,,,,,,,,,,,,,,
662.0,Saint Lucia,1.1507314980854062,1.1989872547947016,1.2501694332631814,1.3042780334917552,1.34,1.421274499230094,1.4841623647380402,1.5499766520060803,1.6187173610342143,1.6903844918215327,1.84,1.8424980186764515,1.9229444147458707,2.006317232573565,2.0926164721604437,2.1,2.273994216614483,2.3690727214816434,2.4670776481079884,2.5680089964971557,2.7,2.778650958549406,2.8883615722161267,3.000998607642032,3.1165620648289405,3.235051943774124,3.35646824448213,3.4808109669475016,3.6080801111738765,2010.0,2.7,,15.51,1993,1982,1993,,2003,1993.0,2016,2002,,2002,1985,1997.0,1993.0,1991,,,,,,,,,,,,,,,,,,,,,,,,,,,,
670.0,Saint Vincent and the Grenadines,28.78,29.340034107095562,28.23840458126506,26.9187954707304,25.81,23.62563849572325,21.65209063119255,27.86,17.05105614819331,14.423569529724773,0.86,8.514657538791653,5.233232166268863,1.7338272091583349,1.35,-5.918921459233388,-10.07226517033996,-14.443588466092478,-19.03289134654915,-23.840173811651766,-28.865435861458536,-34.108677495853044,-39.569898714951705,-45.24909951869631,-51.14627990714507,-57.26143988018157,-63.59457943792222,-70.14569858048344,-76.91479730751598,2004.0,1.35,-95.32,12.4,1996,1988,1996,,2004,1996.0,2016,,2010,2005,1993,1998.0,1996.0,2003,,,,,,,,,,,,,,,,,,,,,,,,,,,,
882.0,Samoa,,,,,0.97,,,,,,,,,,,,,,,,,,,,,,,,,1994.0,0.97,,5.75,2002,2004,1994,2005,2000,1992.0,2016,2005,2002,2002,1995,1998.0,1994.0,2001,,,,,,,,,,,,,,,,,,,,,,,,,,,,
674.0,San Marino,,,,,,,,,,,,,,,,,,1.54,,,1.81,,,,,,,,,2010.0,1.81,,57.97,,2005,1995,,2010,2009.0,2018,,,,,1999.0,1994.0,1991,,,,,,,,,,,,,,,,,,,,,,,,,,,,
678.0,Sao Tome and Principe,,,,,,,,,,,,,,,,,,,,,,,0.75,,,,,,,2012.0,0.75,,4.0,2013,2001,1999,2001,2008,2001.0,2016,2006,2013,2006,1987,1998.0,1999.0,2006,,,,,,,,,,,,,,,,,,,,,,,,,,,,
686.0,Senegal,,,,,,,,,,,5.96,,,,,34.57,,,,,,,,,,,,,,2005.0,34.57,,3.12,1992,1977,1995,1988,2001,1993.0,2016,1977,2001,2003,1984,1995.0,1994.0,1976,,,,,,,,,,,,,,,,,,,,,,,,,,,,
688.0,Serbia,207.28,,,,,,,,164.0,,,,,,,,,,,,,,,,,,,,,1998.0,164.0,-20.88,16.93,2000,2006,2002,2008,2007,2001.0,2017,1992,2009,2009,2001,2007.0,2001.0,2001,,,,,,,,,,,,,,,,,,,,,,,,,,,,
690.0,Seychelles,,,,,,,,,,,1.15,,,,,,,,,,,,,,,,,,,2000.0,1.15,,14.2,1993,1977,1993,2005,2002,1993.0,2016,2005,,2008,1991,1997.0,1992.0,1980,,,,,,,,,,,,,,,,,,,,,,,,,,,,
703.0,Slovakia,134.52,120.37,112.83,108.95,109.68,113.38,113.66,113.84,113.88,109.93,107.83,108.81,102.69,100.65,100.51,104.1,97.33,96.78,97.39,87.77,85.8,78.15,75.95,73.79,74.57,72.58,67.85,67.29,66.06,2018.0,66.06,-50.89,12.11,1993,1993,1994,1995,2002,1993.0,2016,1993,2007,2002,1996,2002.0,1994.0,1993,-10.518881950639312,-6.264019273905463,-3.438801737126647,0.6700321248279063,3.37345003646972,0.2469571352972315,0.1583670596515984,0.0351370344342867,-3.46856340007024,-1.9103065587191923,0.908837985718264,-5.624483043837887,-1.986561495763942,-0.1390958768007954,3.5717839020992828,-6.503362151777134,-0.5650878454741571,0.6302955156023966,-9.877810863538356,-2.2445026774524317,-8.916083916083908,-2.8150991682661584,-2.8439763001974936,1.0570538013280757,-2.668633498726023,-6.516946817305048,-0.8253500368459663,-1.8279090503789623
705.0,Slovenia,72.06,66.43,66.75,70.31,73.42,72.18,74.83,73.55,66.63,59.9,59.34,59.17,58.65,56.2,54.68,55.93,56.21,54.26,58.46,49.82,48.58,47.59,46.12,43.6,38.97,35.25,36.13,34.75,33.8,2018.0,33.8,-53.10,16.27,1993,2000,1996,1999,2002,1992.0,2016,1991,1999,2004,1995,2001.0,1995.0,1992,-7.812933666389113,0.4817100707511563,5.333333333333337,4.423268382875835,-1.6889131026968058,3.671377112773609,-1.7105438995055475,-9.408565601631546,-10.100555305417975,-0.9348914858096748,-0.2864846646444248,-0.8788237282406677,-4.177323103154298,-2.7046263345195785,2.286027798098025,0.5006257822277868,-3.4691336061199127,7.740508661997794,-14.779336298323642,-2.488960256924934,-2.0378756689995776,-3.0888842193738304,-5.464006938421501,-10.619266055045877,-9.545804464973054,2.496453900709227,-3.819540548021042,-2.733812949640296
90.0,Solomon Islands,,,,,,,,,,,1.08,,,,,,,,,,,,,,,,,,,2000.0,1.08,,2.61,,2007,1996,,2003,1993.0,2016,,,2004,1997,1999.0,1994.0,1992,,,,,,,,,,,,,,,,,,,,,,,,,,,,
728.0,South Sudan,-3031.2209971807897,-2784.0149974152446,-2547.0989976376295,-2320.47299785167,-2104.136998064816,-1898.0909982547164,-1702.3349984399974,-1516.8689986132085,-1341.6929987818003,-1176.8069989345968,-1022.2109990753233,-877.9049992077053,-743.8889993354678,-620.1629994474351,-506.7269995473325,-403.58099963888526,-310.72499972581863,-228.15899979695678,-155.88299985602498,-93.89699990674853,-42.200999952852726,-0.7949999794363976,30.21,51.48,61.35,62.04,51.88500002026558,31.55100005492568,0.9270000867545605,2015.0,62.04,,5.79,,,2014,,,2012.0,,2013,,,,2014.0,2014.0,2016,,,,,,,,,,,,,,,,,,,,,,,70.40714995034755,19.172494172494183,1.1246943765281137,,,
724.0,Spain,1421.22,1462.4,1503.19,1458.78,1490.41,1466.48,1454.69,1432.98,1415.52,1442.76,1475.32,1441.44,1468.15,1471.67,1490.6,1464.0,1423.35,1414.08,1207.4,1086.47,1010.99,1001.41,945.51,851.46,844.55,857.72,815.38,818.05,772.6,2018.0,772.6,-45.64,16.55,1994,1986,1994,1985,2002,1988.0,2017,1982,2004,2004,1997,1996.0,1993.0,1982,2.897510589493538,2.789250547045949,-2.954383677379445,2.168250181658654,-1.6055984594843071,-0.8039659593039089,-1.492414191339738,-1.2184398944856198,1.9243811461512383,2.256785605367486,-2.2964509394571944,1.8530081030081056,0.2397575179647843,1.2862938022790324,-1.7845163021601975,-2.776639344262301,-0.6512804299715448,-14.615863317492634,-10.015736292860696,-6.947269597872009,-0.94758602953541,-5.582129197831056,-9.947012723292186,-0.8115472247668806,1.5594103368657952,-4.936342862472606,0.3274546837057518,-5.555895116435418
144.0,Sri Lanka,34.96169661777094,41.27503699820954,47.26665433438029,52.0,60.47,62.0,68.01589323475491,72.39889534888789,76.46017441828735,80.19973044365179,83.68,86.71367336076219,89.48806025250815,91.94072410010267,94.07166490308009,95.88088266190607,97.36837737599853,98.53414904593956,99.3781976713799,99.90052325231954,100.10112578899134,99.98000528092962,99.53716172871646,98.77259513188619,97.68630549090449,96.27829280518927,94.5485570753226,92.49709830083884,90.12391648220364,2000.0,83.68,,4.46,1992,1979,1994,1990,2002,1989.0,2016,1990,2006,2005,1994,1998.0,1993.0,1980,,,,16.288461538461537,2.53018025467174,,,,,,,,,,,,,,,,,,,,,,,
729.0,Sudan,,,,,,74.0,,,,,97.0,,,,,,,,,,,,,,,,,,,2000.0,97.0,,3.56,2006,1982,1996,,2004,1993.0,2017,2005,2005,2006,1985,1995.0,1993.0,1974,,,,,,,,,,,,,,,,,,,,,,,,,,,,
740.0,Suriname,,,,,,,,,,,,,,9.0,,,,,,,,,,,,,,,,2003.0,9.0,,18.44,2011,1980,1996,,2006,1997.0,2019,1985,2000,2011,1998,2000.0,1997.0,1997,,,,,,,,,,,,,,,,,,,,,,,,,,,,
752.0,Sweden,277.11,282.39,270.7,259.06,263.2,252.1,247.0,236.32,226.21,218.71,214.19,204.17,196.77,192.25,187.74,183.22,179.82,173.59,165.4,153.14,157.0,149.24,143.26,140.56,139.14,134.92,132.39,128.83,126.86,2018.0,126.86,-54.22,12.72,1991,1974,1994,1983,2002,1988.0,2016,1975,2003,2002,1996,1995.0,1993.0,1985,1.905380534805663,-4.13966500230178,-4.299963058736604,1.5980853856249464,-4.217325227963524,-2.023006743355809,-4.323886639676116,-4.278097494922133,-3.3155032933999378,-2.0666636184902427,-4.678089546664181,-3.6244306215408617,-2.297098134878289,-2.345903771131334,-2.407584957920533,-1.85569260997708,-3.4645756867979034,-4.718013710467192,-7.412333736396626,2.520569413608472,-4.942675159235662,-4.0069686411149945,-1.88468518777048,-1.0102447353443482,-3.032916486991519,-1.8751852949896244,-2.689024850819529,-1.5291469378250508
756.0,Switzerland,144.15,141.0,134.22,122.21,119.67,115.34,109.61,105.15,104.55,103.95,101.56,98.32,93.66,92.7,92.23,92.97,91.4,90.1,89.86,85.08,84.34,80.23,80.74,80.77,76.95,72.56,70.69,67.13,64.29,2018.0,64.29,-55.40,7.54,1990,1974,1995,1995,2003,1988.0,2017,1976,2002,2003,2009,1996.0,1993.0,1975,-2.185223725286164,-4.808510638297873,-8.947995827745496,-2.0783896571475267,-3.618283613269824,-4.967920929426048,-4.068971809141496,-0.5706134094151294,-0.5738880918220892,-2.2991822991823,-3.190232374950777,-4.739625711960941,-1.0249839846252335,-0.507011866235166,0.8023419711590534,-1.6887167903624754,-1.4223194748358985,-0.2663706992230798,-5.319385711106166,-0.8697696285848553,-4.873132558691012,0.6356724417300148,0.0371563041862783,-4.729478766868879,-5.705003248862899,-2.577177508269025,-5.036072994765883,-4.230597348428407
762.0,Tajikistan,74.0,76.0,53.3,42.0,23.0,17.0,12.0,15.0,15.0,12.0,9.0,12.0,12.0,12.0,12.0,11.0,11.0,7.0,8.0,7.0,6.0,20.009323310572654,24.931086810305715,30.509559276280925,36.744740708498284,43.63663110649213,51.18523047072813,59.390538801206276,68.25255609769374,2010.0,6.0,-91.89,0.8,2016,2016,1998,2001,2008,1998.0,2017,2001,,2007,,1997.0,1998.0,1992,2.702702702702702,-29.868421052631582,-21.200750469043147,-45.23809523809524,-26.08695652173913,-29.411764705882355,25.0,0.0,-20.0,-25.0,33.33333333333333,0.0,0.0,0.0,-8.333333333333332,0.0,-36.36363636363637,14.285714285714285,-12.5,-14.285714285714285,,,,,,,,
764.0,Thailand,,,,,271.85,,,,,,,,,,,,,,,,,,,1346.9,,,,,,2013.0,1346.9,,19.77,1997,1983,2004,,2002,1989.0,2016,1998,2002,2005,2011,2001.0,1994.0,1987,,,,,,,,,,,,,,,,,,,,,,,,,,,,
626.0,Timor-Leste,,,,,,,,,,,,,,,,,,,,,1.82,,,,,,,,,2010.0,1.82,,1.66,,,2007,,2008,2009.0,2017,,,,2013,2003.0,2006.0,2016,,,,,,,,,,,,,,,,,,,,,,,,,,,,
768.0,Togo,12.772055138018914,13.914035087742377,15.0,16.0,16.6,15.36,19.9,19.8,19.8,19.431829573906725,17.81,19.80626566449064,19.8427318300528,19.778696742578177,19.614160402008565,19.68,18.983583961584372,18.51754386172979,17.951002508722013,17.28395990264835,16.516416043479694,15.64837093121605,14.679824565857416,13.610776947403792,12.441228075796971,11.171177951124264,9.800626573356567,8.329573942522984,6.758020058565307,2005.0,19.68,,3.51,2004,1978,1996,1996,2004,1991.0,2017,1995,2004,2004,1985,1995.0,1995.0,1998,,,6.666666666666667,3.750000000000009,-7.4698795180723,29.557291666666664,-0.5025125628140596,0.0,,,,,,,,,,,,,,,,,,,,
776.0,Tonga,0.4788888889916052,0.4775000000872751,0.4788888889615919,0.483055555615465,0.49,0.49972222225733276,0.5122222222462369,0.5275000000128784,0.5455555555590763,0.5663888888848305,0.59,0.61638888887137,0.6455555555330648,0.6774999999724969,0.7122222221896664,0.7497222221873017,0.79,0.8330555555185128,0.8788888888520887,0.9274999999643114,0.978888888855181,1.033055555523788,1.0899999999719512,1.1497222221987613,1.2122222222051278,1.2774999999892316,1.3455555555528917,1.4163888888942893,1.4900000000134241,2006.0,0.79,,7.76,2010,2016,1998,,2008,1998.0,2016,,2010,2009,1995,1998.0,1998.0,2004,,,,,,,,,,,,,,,,,,,,,,,,,,,,
780.0,Trinidad and Tobago,36.56,,,,,,,,,,,,,,,,,,,,,,,,,,,,,1990.0,36.56,0.00,29.94,1994,1984,1996,2018,1999,1989.0,2018,1993,2009,2002,1986,2000.0,1994.0,2005,,,,,,,,,,,,,,,,,,,,,,,,,,,,
788.0,Tunisia,,,,,72.62,,,,,,94.87,,,,,,,,,,,,,,,,,,,2000.0,94.87,,9.77,1995,1974,1993,1987,2003,1989.0,2017,1981,2016,2004,1985,1995.0,1993.0,1975,,,,,,,,,,,,,,,,,,,,,,,,,,,,
792.0,Turkey,254.37,272.83,298.33,294.84,1088.18,1041.27,1191.12,1404.92,1544.99,1391.0,1490.71,1387.54,1070.24,966.4,1368.3,1300.93,1269.72,1215.82,1131.31,1017.3,955.74,960.06,835.53,811.89,800.18,800.56,804.87,777.19,782.8,2018.0,782.8,207.74,9.51,1994,1996,1997,,2009,1991.0,,1994,2017,2009,,1998.0,2004.0,1983,7.257145103589252,9.346479492724407,-1.1698454731337813,269.0747524080858,-4.310867687331147,14.391080123310948,17.949492914232003,9.96996270250263,-9.967054802943707,7.168224299065424,-6.920863212831474,-22.86780921631088,-9.702496636268505,41.58733443708609,-4.923627859387554,-2.399052985172149,-4.2450304004032455,-6.950864437169975,-10.077697536484251,-6.051312297257441,0.4520057756293486,-12.971064308480717,-2.82934185487056,-1.442313613913219,0.047489314904146,0.5383731388028454,-3.4390646936772336,0.7218312124448204
795.0,Turkmenistan,36.65803919557948,41.03939704230288,45.62458822206827,50.41361273487564,48.83,60.60316175973276,66.00368627172429,71.6080441166414,77.4162352947751,83.42825980600901,115.95,96.06380882754456,102.68733333796263,109.51469118130626,90.24,123.78090686735231,131.21976470999653,138.86245588568272,146.7089803944109,154.75933823612286,169.59,171.47155391896376,180.1334117599181,188.99910293403082,198.06862744112732,207.3419852812076,216.81917645444628,226.50020096078515,236.385058800166,2010.0,169.59,,33.34,1996,,1996,,1999,1993.0,2016,2009,,,,1996.0,1995.0,1994,,,,,,,,,,,,,,,,,,,,,,,,,,,,
798.0,Tuvalu,,,,,0.0,,,,,,,,,,,,,,,,,,,,0.1,,,,,2014.0,0.1,,8.78,,,2003,,1998,1993.0,2016,,,2004,2002,1998.0,1993.0,,,,,,,,,,,,,,,,,,,,,,,,,,,,,
800.0,Uganda,,,,,1200.32,,,,,,71.77,,,,,,,,,,,,,,,,,,,2000.0,71.77,,3.03,1999,1991,1993,2000,2002,1988.0,2016,1988,2008,2004,1990,1997.0,1993.0,1987,,,,,,,,,,,,,,,,,,,,,,,,,,,,
804.0,Ukraine,2273.62,1907.36,1620.51,1384.41,1206.0,1091.23,1063.83,967.32,987.17,925.05,856.58,863.08,866.6,885.97,899.21,895.75,960.72,917.68,913.09,756.25,773.73,809.72,775.19,771.21,673.81,561.46,580.29,572.57,590.11,2018.0,590.11,-74.05,13.34,1999,1999,1995,1999,2004,1988.0,2016,1991,2002,2007,1999,2002.0,1997.0,1988,-16.109112340672585,-15.039111651707069,-14.569487383601452,-12.887078249940412,-9.51658374792703,-2.5109280353362804,-9.071938185612352,2.052061365421981,-6.2927358003180816,-7.401762066915293,0.758831632772187,0.4078416832738543,2.235171936302793,1.4944072598394988,-0.3847821977068801,7.25313982696065,-4.479973353318353,-0.5001743527155347,-17.176839084865676,2.3114049586776884,4.651493415015575,-4.264437089364221,-0.5134225157703296,-12.62950428547349,-16.673839806473623,3.3537562782744854,-1.3303692981095512,3.0633808966589173
784.0,United Arab Emirates,115.9090909055667,126.9636363608297,138.4969696950866,150.5090909077553,163.0,175.96969696925953,189.41818181809504,203.3454545456916,217.75151515216567,232.63636363716796,248.0,263.8424242432229,280.163636364392,296.96363636420574,314.2424242430134,332.0,350.23636363621335,368.95151515095495,388.1454545443412,407.8181818164885,427.9696969675133,448.59999999706633,469.709090905264,491.2969696923392,513.3636363579426,535.9090909024235,558.9333333257819,582.436363627552,606.4181818080833,2005.0,332.0,,72.36,1992,1990,2000,2016,2005,1989.0,2016,2007,2002,2002,,1998.0,1995.0,2001,,,,,,,,,,,,,,,,,,,,,,,,,,,,
826.0,United Kingdom of Great Britain and Northern Ireland,3085.66,2991.77,2930.35,2761.63,2659.25,2533.69,2426.43,2235.18,2172.07,2055.41,1979.0,1941.32,1838.6,1805.96,1756.15,1741.4,1681.48,1618.27,1455.88,1262.6,1234.61,1148.04,1171.88,1113.43,1042.98,1007.06,907.08,881.09,833.3,2018.0,833.3,-72.99,12.41,1994,1976,1994,1985,2002,1988.0,2016,1976,2004,2005,1997,1996.0,1993.0,1984,-3.04278501195854,-2.0529653014770544,-5.757673997986582,-3.7072308745197615,-4.721632039108769,-4.233351357111573,-7.88195002534588,-2.823486251666518,-5.370913460431768,-3.7175064828914848,-1.903991915108644,-5.291245132178108,-1.7752637876645203,-2.75808988017453,-0.8399054750448424,-3.4409096129550973,-3.759188334086641,-10.03479023895888,-13.275819435667788,-2.2168541105655004,-7.0119308931565385,2.076582697467,-4.98771205242858,-6.327294935469678,-3.443977832748478,-9.927908962723166,-2.865237906248623,-5.423963499755993
834.0,United Republic of Tanzania,156.68,,,,161.34,,,,,,,,,,,,,,,,,,,,,,,,,1994.0,161.34,2.97,5.6,1993,1979,1996,1999,2002,1993.0,2018,2000,2002,2004,1985,1997.0,1996.0,1977,,,,,,,,,,,,,,,,,,,,,,,,,,,,
840.0,United States of America,21710.71,21386.41,21458.95,21546.5,21552.4,21206.88,21060.2,20977.04,20683.45,19438.06,19118.9,18219.95,20282.49,19156.55,18015.93,17189.82,16276.84,15366.05,14308.33,13305.14,12492.46,12260.56,11719.7,11178.57,10628.41,9952.48,9465.58,8983.66,8583.1,2018.0,8583.1,-60.47,26.24,…,1974,…,,…,1988.0,2016,1987,,,,2000.0,1992.0,1973,-1.4937328166605297,0.3391873624418538,0.4079882752883961,0.0273826375513492,-1.6031625248232233,-0.6916623284519,-0.3948680449378441,-1.399577824135341,-6.021190855490739,-1.641933402819005,-4.701891845242146,11.320228650462822,-5.551290793191576,-5.954203653580624,-4.585441883932723,-5.31116672542237,-5.59561929711173,-6.883486647511881,-7.011230520962268,-6.1080153985602585,-1.8563197320623772,-4.41138088309179,-4.617268360111615,-4.921559734384629,-6.35965304311746,-4.892247962316927,-5.091288647922262,-4.458761796417045
858.0,Uruguay,44.52,44.32617442382616,43.82562959587085,43.41500930165057,47.93,42.86354231435689,42.7226956213417,42.67177346209064,46.38,42.839702744735405,33.84,43.367330162320286,38.26,44.254655714845285,41.54,45.50167940225219,45.4,47.10840122465743,56.6,49.07482118200278,52.5,51.40093927428825,60.3,54.08675550154294,52.9,57.132269863650436,57.0,57.3,62.37497540991171,2017.0,57.3,28.71,16.67,1991,1975,1994,1990,2001,1991.0,2016,1984,2003,2004,1992,1999.0,1994.0,1989,,,,,,,,,,,,,,,,,,,,,,,,,,,0.5263157894736793,
860.0,Uzbekistan,411.79,379.2,346.16,319.63,294.83,285.77,279.52,284.63,273.75,280.77,286.19,285.41,285.39,267.81,269.75,252.68,258.52,251.3,265.43,260.11,252.99,261.42,275.62,282.7579841790721,290.6348616485484,299.51141500705853,309.387644255301,320.2635493928101,332.139130419353,2012.0,275.62,-33.07,9.36,1996,1997,1995,1998,1999,1993.0,2018,2002,,2019,,1995.0,1993.0,1993,-7.914228125986554,-8.713080168776361,-7.664085971804954,-7.75897131057786,-3.072957297425636,-2.187073520663471,1.82813394390384,-3.822506411832904,2.564383561643829,1.9304056701214576,-0.272546210559409,-0.0070074629480532,-6.159991590455161,0.7243941600388326,-6.328081556997217,2.3112236821275824,-2.792820671514765,5.622761639474729,-2.004294917680742,-2.737303448541004,3.3321475157120863,5.431872083237697,,,,,,
548.0,Vanuatu,,,,,0.08,,,,,,0.44,,,,,,,,,,,,,,,,,,,2000.0,0.44,,2.38,2019,1989,1993,,2001,1994.0,2016,2019,2018,2005,1999,1999.0,1993.0,2002,,,,,,,,,,,,,,,,,,,,,,,,,,,,
862.0,Venezuela (Bolivarian Republic of),,,,,,,,,,394.79,,,,,,,,,,,,,,,,,,,,1999.0,394.79,,16.63,1998,1977,1994,,2005,1989.0,2017,1988,2005,2005,,1998.0,1994.0,1990,,,,,,,,,,,,,,,,,,,,,,,,,,,,
704.0,Viet Nam,42.26654516160488,81.87566797528416,117.91595137957484,150.38739538006485,179.29,204.623765158467,226.38869094010442,244.58477731328458,259.21202428173274,270.2704318417236,277.76,281.6807287456468,282.0326180877164,278.8156680241227,272.0298785530031,261.6752496762201,247.75178139377385,230.25947370380163,209.19832660909742,184.56834010593593,156.36951419897377,124.60184888355434,89.26534416154027,50.36,7.885816500522196,-38.15720643848181,-87.76906878594309,-140.94977053906769,-197.6993116978556,2013.0,50.36,,0.55,1995,1994,1995,,2002,1994.0,2016,1989,2007,2002,1994,1998.0,1994.0,1987,,,,,,,,,,,,,,,,,,,,,,,,,,,,
887.0,Yemen,53.82677913736552,62.4031921334099,70.3634020681493,77.70740894088522,84.43521275208332,89.07,96.04221118986607,100.92140581621788,105.18439738126472,108.83118588430807,115.0,114.27615370601416,116.07433302421123,117.25630928133614,117.82208247645758,117.77165260980837,117.10501968185417,115.82218369212933,113.92314464063384,111.40790252806619,102.0,104.52880911738612,104.78,95.18490345985629,89.58864603936672,83.37618555640802,76.54752201214433,69.10265540657565,61.041585739003494,2012.0,104.78,,4.28,1996,1997,1996,2006,2004,1996.0,,2008,2006,2004,1987,1997.0,1996.0,1980,,,,,,,,,,,,,,,,,,,,,,,,,,,,
894.0,Zambia,,,,,1186.61,,,,,,1262.23,,,,,,,,,,,,,,,,,,,2000.0,1262.23,,121.18,1994,1980,1993,,2006,1990.0,2016,1991,2011,2006,1983,1996.0,1993.0,1984,,,,,,,,,,,,,,,,,,,,,,,,,,,,
716.0,Zimbabwe,495.81333412975073,356.1787506714463,239.86333388835192,146.8670837804675,77.19,30.832083582878113,7.793333500623703,8.073750086128712,31.67333334684372,78.5920832902193,148.83,242.38708318769932,359.2633331492543,499.45874977856874,662.9733330905437,849.8070830777287,1059.96,1293.4320830702782,1550.2233330756426,1830.333749756217,2133.7633331120014,2460.512083142996,2810.5799998492002,3183.9670832306147,3580.673333287239,4000.698750011623,4444.043333418667,4910.707083493471,5400.690000243485,2006.0,1059.96,,87.2,2012,1981,1995,2012,2009,1992.0,2017,2013,2012,2012,1993,1997.0,1992.0,1982,,,,,,,,,,,,,,,,,,,,,,,,,,,,
,,,,,,,,,,,,,,,,,,,,,,,,,,,,,,,,,,,,,,,,,,,,,,,,,,,,,,,,,,,,,,,,,,,,,,,,,,,,
,,,,,,,,,,,,,,,,,,,,,,,,,,,,,,,,,,,,,,,,,,,,,,,,,,,,,,,,,,,,,,,,,,,,,,,,,,,,
,,,,,,,,,,,,,,,,,,,,,,,,,,,,,,,,,,,,,,,,,,,,,,,,,,,,,,,,,,,,,,,,,,,,,,,,,,,,
,,,,,,,,,,,,,,,,,,,,,,,,,,,,,,,,,,,,,,,,,,,,,,,,,,,,,,,,,,,,,,,,,,,,,,,,,,,,
,,,,,,,,,,,,,,,,,,,,,,,,,,,,,,,,,,,,,,,,,,,,,,,,,,,,,,,,,,,,,,,,,,,,,,,,,,,,
,,,,,,,,,,,,,,,,,,,,,,,,,,,,,,,,,,,,,,,,,,,,,,,,,,,,,,,,,,,,,,,,,,,,,,,,,,,,
,,,,,,,,,,,,,,,,,,,,,,,,,,,,,,,,,,,,,,,,,,,,,,,,,,,,,,,,,,,,,,,,,,,,,,,,,,,,
