Country ID,Country,1990,1991,1992,1993,1994,1995,1996,1997,1998,1999,2000,2001,2002,2003,2004,2005,2006,2007,2008,2009,2010,2011,2012,2013,2014,2015,2016,2017,2018,Latest Year,1000 t,%,1000 t.1,Basel Convention,CITES,Convention on Biological Diversity,Convention on Migratory Species,Kyoto Protocol,Montreal Protocol,Paris Agreement,Ramsar Convention,Rotterdam Convention,Stockholm Convention,UN Convention on the Law of the Sea,UN Convention to Combat Desertification,UN Framework Convention on Climate Change,World Heritage Convention,1990 Percent Change,1991 Percent Change,1992 Percent Change,1993 Percent Change,1994 Percent Change,1995 Percent Change,1996 Percent Change,1997 Percent Change,1998 Percent Change,1999 Percent Change,2000 Percent Change,2001 Percent Change,2002 Percent Change,2003 Percent Change,2004 Percent Change,2005 Percent Change,2006 Percent Change,2007 Percent Change,2008 Percent Change,2009 Percent Change,2010 Percent Change,2011 Percent Change,2012 Percent Change,2013 Percent Change,2014 Percent Change,2015 Percent Change,2016 Percent Change,2017 Percent Change
4.0,Afghanistan,,,,,,,,,,,,,,,,13.86,,,,,,,,,,,,,,2005.0, 13.86 ,,0.54,2013,1985,2002,2015,2013,2004.0,2017,,2013,2013,,1995.0,2002.0,1979,,,,,,,,,,,,,,,,,,,,,,,,,,,,
8.0,Albania,0.57,0.91,0.6,0.61,0.57,0.54,0.51,0.45,0.43,0.38,0.57,0.65,0.66,0.74,0.82,0.27,1.02,1.19,1.34,1.6,,,,,,,,,,2009.0, 1.60 ,180.70,0.54,1999,2003,1994,2001,2005,1999.0,2016,1996,2010 ,2004,2003,2000.0,1994.0,1989,0.5964912280701756,-0.3406593406593407,0.016666666666666684,-0.06557377049180334,-0.05263157894736828,-0.0555555555555556,-0.11764705882352941,-0.04444444444444448,-0.11627906976744183,0.49999999999999983,0.1403508771929826,0.015384615384615398,0.12121212121212115,0.10810810810810806,-0.6707317073170731,2.7777777777777777,0.1666666666666666,0.12605042016806733,0.19402985074626866,,,,,,,,,
12.0,Algeria,,,,,39.69,,,,,,45.64,,,,,,,,,,,,,,,,,,,2000.0, 45.64 ,,1.47,1998,1983,1995,2005,2005,1992.0,2016,1984,,2006,1996,1996.0,1993.0,1974,,,,,,,,,,,,,,,,,,,,,,,,,,,,
28.0,Antigua and Barbuda,2.83,,,,,,,,,,2.75,,,,,,,,,,,,,,,,,,,2000.0, 2.75 ,-2.83,36.18,1993,1997,1993,2007,1998,1992.0,2016,2005,2010,2003,1989,1997.0,1993.0,1983,,,,,,,,,,,,,,,,,,,,,,,,,,,,
32.0,Argentina,79.2,,,,99.97,,,96.37,,,87.62,,,,,,,,,,114.63,,119.38,,,,,,,2012.0, 119.38 ,50.73,2.86,1991,1981,1995,1992,2005,1990.0,2016,1992,2004,2005,1995,1997.0,1994.0,1978,,,,,,,,,,,,,,,,,,,,,,,,,,,,
51.0,Armenia,0.39,,,,,,,,,,0.64,,,,,,27.26,,,,29.44,,,,,,,,,2010.0, 29.44 ,7390.84,10.23,1999,2008,1993,2011,2003,1999.0,2017,1993,2003,2003,2002,1997.0,1993.0,1993,,,,,,,,,,,,,,,,,,,,,,,,,,,,
36.0,Australia,1585.75,1570.78,1652.95,1743.16,1764.91,1674.1,1762.21,1818.19,1743.77,1832.66,2343.29,2585.1,2775.52,2775.02,2512.63,2520.31,2482.62,2444.42,2511.92,2598.01,2378.2,2507.1,2518.19,2414.34,2499.95,2384.65,2465.53,2286.54,2121.03,2018.0, 2121.03 ,33.76,85.19,1992,1976,1993,1991,2007,1989.0,2016,1975,2004,2004,1994,2000.0,1992.0,1974,-0.009440327920542347,0.05231159042004614,0.05457515351341543,0.012477340003212555,-0.051453048597379,0.0526312645600622,0.03176692902661999,-0.04093081581132889,0.05097575941781319,0.27862778693265516,0.103192519918576,0.07366059340064217,-0.00018014642301262466,-0.0945542734827136,0.003056558267631858,-0.014954509564299652,-0.015386970216948152,0.02761391250276139,0.03427258829899047,-0.08460706463793456,0.054200655958287824,0.004423437437677056,-0.041239938209587004,0.03545896601141499,-0.046120922418448264,0.033916927012349864,-0.0725969669807304,-0.07238447610800589
40.0,Austria,73.63,70.66,54.13,52.75,47.11,46.73,43.87,40.34,35.57,33.68,31.5,32.38,31.3,31.09,26.49,25.86,26.69,23.34,20.23,14.7,15.94,15.12,14.75,14.34,14.44,13.88,13.22,12.75,11.67,2018.0, 11.67 ,-84.15,1.31,1993,1982,1994,2005,2002,1989.0,2016,1983,2002,2002,1995,1997.0,1994.0,1992,-0.04033681923129158,-0.23393716388338515,-0.025494180676150054,-0.10691943127962086,-0.008066227977074986,-0.061202653541622076,-0.08046501025757909,-0.11824491819533968,-0.053134664042732656,-0.06472684085510688,0.027936507936508016,-0.03335392217418165,-0.006709265175718877,-0.14795754261820526,-0.023782559456398605,0.03209590100541384,-0.12551517422255531,-0.13324764353041985,-0.27335640138408307,0.08435374149659866,-0.051442910915934774,-0.02447089947089942,-0.027796610169491535,0.006973500697350045,-0.03878116343490296,-0.04755043227665707,-0.03555219364599097,-0.08470588235294119
48.0,Bahrain,,,,,1177.63,,,,,,27.0,,,,,,,,,,,,,,,,,,,2000.0, 27.00 ,,40.63,1992,2012,1996,,2006,1990.0,2016,1998,2012,2006,1985,1997.0,1994.0,1991,,,,,,,,,,,,,,,,,,,,,,,,,,,,
52.0,Barbados,,,,,0.18,,,0.05,,,,,,,,,,,,,,,,,,,,,,1997.0, 0.05 ,,0.19,1995,1992,1994,,2000,1992.0,2016,2006,,2004,1993,1997.0,1994.0,2002,,,,,,,,,,,,,,,,,,,,,,,,,,,,
112.0,Belarus,3.5,3.54,2.89,2.27,2.23,2.24,2.4,2.84,3.16,3.38,3.53,3.52,3.67,3.87,4.06,4.4,4.73,4.85,4.94,4.23,4.71,4.8,5.01,4.96,5.23,4.48,4.85,3.62,4.81,2018.0, 4.81 ,37.25,0.51,1999,1995,1993,2003,2005,1988.0,2016,1991,,2004,2006,2001.0,2000.0,1988,0.011428571428571439,-0.18361581920903952,-0.21453287197231838,-0.017621145374449355,0.00448430493273553,0.07142857142857129,0.18333333333333332,0.11267605633802827,0.06962025316455688,0.04437869822485205,-0.0028328611898016396,0.04261363636363634,0.05449591280653956,0.04909560723514199,0.08374384236453221,0.07500000000000001,0.025369978858350784,0.01855670103092799,-0.14372469635627527,0.11347517730496443,0.01910828025477704,0.04375,-0.009980039920159646,0.05443548387096783,-0.14340344168260036,0.08258928571428553,-0.25360824742268034,0.32872928176795563
56.0,Belgium,364.75,367.21,358.34,332.91,290.48,257.94,247.67,225.8,212.24,173.63,170.81,165.23,156.71,152.37,155.24,143.4,134.04,123.64,95.74,74.3,60.53,53.16,47.31,42.92,40.43,40.8,39.8,38.35,37.97,2018.0, 37.97 ,-89.59,3.31,1993,1983,1997,1990,2002,1988.0,2017,1986,2002,2006,1998,1997.0,1996.0,1996,0.006744345442083563,-0.02415511560142699,-0.07096612156052898,-0.12745186386711124,-0.11202148168548616,-0.0398154609599132,-0.08830298380910073,-0.06005314437555359,-0.18191669807764801,-0.01624143293209695,-0.03266787658802185,-0.051564485868183636,-0.027694467487716184,0.018835728818008823,-0.07626900283432107,-0.06527196652719675,-0.07758877946881522,-0.22565512779035915,-0.22393983705870063,-0.1853297442799461,-0.12175780604658853,-0.1100451467268622,-0.09279222151764956,-0.05801491146318737,0.009151620084095905,-0.02450980392156863,-0.036432160804019995,-0.009908735332464213
84.0,Belize,,,,,0.53,,,,,,,,,,,,,,,,,,,,,,,,,1994.0, 0.53 ,,2.63,1997,1986,1994,,2003,1998.0,2016,1998,2005,2010,1983,1998.0,1994.0,1990,,,,,,,,,,,,,,,,,,,,,,,,,,,,
204.0,Benin,,,,,,0.17,,,,,13.88,,,,,,,,,,,,,,,,,,,2000.0, 13.88 ,,2.02,1997,1984,1994,1986,2002,1993.0,2016,2000,2004,2004,1997,1996.0,1994.0,1982,,,,,,,,,,,,,,,,,,,,,,,,,,,,
64.0,Bhutan,,,,,0.05,,,,,,1.06,,,,,,,,,,,,,,,,,,,2000.0, 1.06 ,,1.79,2002,2002,1995,,2002,2004.0,2017,2012,,,,2003.0,1995.0,2001,,,,,,,,,,,,,,,,,,,,,,,,,,,,
68.0,Bolivia (Plurinational State of),11.16,,,,13.03,,,,13.68,,12.1,,,,,,,,,,,,,,,,,,,2000.0, 12.10 ,8.42,1.44,1996,1979,1995,2003,1999,1994.0,2016,1990,2003,2003,1995,1996.0,1994.0,1976,,,,,,,,,,,,,,,,,,,,,,,,,,,,
70.0,Bosnia and Herzegovina,453.16,397.98,124.8,29.19,31.66,33.72,126.11,178.17,230.91,236.28,223.37,213.74,,,,,,,,,,,,412.0,516.0,,,,,2014.0, 516.00 ,13.87,148.19,2001,2009,2002,2017,2007,1993.0,2017,1992,2007,2010,1994,2002.0,2000.0,1993,-0.12176714626180599,-0.6864164028343133,-0.7661057692307692,0.08461801986981839,0.0650663297536323,2.739916963226572,0.4128142098168265,0.29600942919683454,0.023255813953488393,-0.05463856441510071,-0.04311232484219007,,,,,,,,,,,,,0.2524271844660194,,,,
100.0,Bulgaria,446.05,375.1,386.88,385.18,373.25,377.05,380.79,420.16,403.68,337.12,334.17,384.35,352.65,389.8,378.88,372.55,376.2,425.57,422.03,383.33,410.85,493.07,428.89,368.99,393.11,427.55,378.6,410.04,359.55,2018.0, 359.55 ,-19.39,50.99,1996,1991,1996,1999,2002,1990.0,2016,1976,2000,2004,1996,2001.0,1995.0,1974,-0.15906288532675705,0.031404958677685876,-0.004394127377998316,-0.030972532322550515,0.010180843938379133,0.009919108871502477,0.10339032012395284,-0.03922315308453926,-0.16488307570352756,-0.008750593260560003,0.15016309064248737,-0.08247690906725652,0.10534524315893956,-0.02801436634171374,-0.016707136824324283,0.009797342638571942,0.1312333864965444,-0.008318255516131355,-0.0916996422055304,0.0717919286254664,0.20012169891687956,-0.13016407406656258,-0.1396628506143766,0.06536762513889266,0.08760906616468672,-0.11448953338790782,0.08304278922345482,-0.12313432835820898
854.0,Burkina Faso,,,,,,,,,,,,,,,,,,0.5,,,,,,,,,,,,2007.0, 0.50 ,,0.04,1999,1989,1993,1990,2005,1989.0,2016,1990,2002,2004,2005,1996.0,1993.0,1987,,,,,,,,,,,,,,,,,,,,,,,,,,,,
116.0,Cambodia,,,,,25.69,,,,,,,,,,,,,,,,,,,,,,,,,1994.0, 25.69 ,,2.49,2001,1997,1995,,2002,2001.0,2017,1999,2013,2006,,1997.0,1995.0,1991,,,,,,,,,,,,,,,,,,,,,,,,,,,,
120.0,Cameroon,,,,,2.53,,,,,,7.0,,,,,,,,,,,,,,,,,,,2000.0, 7.00 ,,0.45,2001,1981,1995,1983,2002,1989.0,2016,2006,2002,2009,1985,1997.0,1994.0,1982,,,,,,,,,,,,,,,,,,,,,,,,,,,,
152.0,Chile,255.2,,,2005.6,320.1,,,,,,338.4,,,,,,892.97,,,,364.0,,,358.7,,,357.4,,,2016.0, 357.40 ,40.05,19.63,1992,1975,1994,1983,2002,1990.0,2017,1981,2005,2005,1997,1997.0,1994.0,1980,,,,-0.8403968887116076,,,,,,,,,,,,,,,,,,,,,,,,
170.0,Colombia,141.81,,,,170.27,,,,,,159.33,,,,142.81,,,,,,,,,,,,,,,2004.0, 142.81 ,0.71,3.39,1996,1981,1995,,2001,1993.0,2018,1998,2008,2008,,1999.0,1995.0,1983,,,,,,,,,,,,,,,,,,,,,,,,,,,,
174.0,Comoros,,,,,,,,,,,0.13,,,,,,,,,,,,,,,,,,,2000.0, 0.13 ,,0.25,1994,1994,1994,,2008,1994.0,2016,1995,,2007,1994,1998.0,1994.0,2000,,,,,,,,,,,,,,,,,,,,,,,,,,,,
188.0,Costa Rica,,,,,,,2.07,,,,4.0,,,,,4.85,,,,,,,,,,,,,,2005.0, 4.85 ,,1.13,1995,1975,1994,2007,2002,1991.0,2016,1992,2009,2007,1992,1998.0,1994.0,1977,,,,,,,,,,,,,,,,,,,,,,,,,,,,
384.0,Côte d’Ivoire,,,,,,,,,,,4079.55,,,,,,,,,,,,,,,,,,,2000.0, 4079.55 ,,247.93,1994,1994,1995,2003,2007,1993.0,2016,1996,2004,2004,1984,1997.0,1994.0,1981,,,,,,,,,,,,,,,,,,,,,,,,,,,,
191.0,Croatia,168.12,99.6,104.35,111.96,99.24,77.0,61.47,76.9,95.34,95.22,60.17,58.93,62.8,63.54,51.92,58.36,54.46,59.83,53.21,56.18,35.2,29.17,24.54,17.17,13.87,15.69,14.58,12.48,10.16,2018.0, 10.16 ,-93.95,2.45,1994,2000,1997,2000,2007,1992.0,2017,1991,2007,2007,1995,2000.0,1996.0,1992,-0.4075660242683798,0.04769076305220884,0.0729276473406804,-0.11361200428724544,-0.22410318419991934,-0.2016883116883117,0.2510167561412072,0.23979193758127434,-0.0012586532410321432,-0.36809493803822724,-0.020608276549775668,0.06567113524520614,0.011783439490445892,-0.1828769279194208,0.12403697996918331,-0.06682659355723096,0.09860448035255229,-0.11064683269262908,0.05581657583161058,-0.37344250622997505,-0.1713068181818182,-0.15872471717518005,-0.30032599837000806,-0.19219569015725113,0.13121845710165828,-0.07074569789674949,-0.14403292181069957,-0.1858974358974359
192.0,Cuba,477.49,,,,,,,,,,513.66,,622.51,,,,,,,,,,,,,,,,,2002.0, 622.51 ,30.37,55.58,1994,1990,1994,2008,2002,1992.0,2016,2001,2008,2007,1984,1997.0,1994.0,1981,,,,,,,,,,,,,,,,,,,,,,,,,,,,
196.0,Cyprus,31.75,33.05,37.91,40.12,42.65,39.7,41.68,44.0,47.31,49.67,48.39,45.53,45.97,47.43,40.36,37.92,31.53,29.5,22.41,17.76,21.95,20.95,16.28,13.86,16.98,13.07,16.26,16.54,17.71,2018.0, 17.71 ,-44.22,14.89,1992,1974,1996,2001,1999,1992.0,2017,2001,2004,2005,1988,2000.0,1997.0,1975,0.04094488188976369,0.1470499243570348,0.05829596412556057,0.06306081754735796,-0.06916764361078537,0.04987405541561705,0.055662188099808066,0.07522727272727278,0.04988374550834917,-0.025770082544795674,-0.05910312047943789,0.009663957830002146,0.03175984337611488,-0.1490617752477335,-0.06045589692765108,-0.1685126582278481,-0.06438312718046309,-0.24033898305084744,-0.20749665327978575,0.23592342342342326,-0.04555808656036447,-0.22291169451073978,-0.14864864864864874,0.2251082251082252,-0.23027090694935218,0.24407039020658006,0.017220172201721867,0.07073760580411136
203.0,Czechia,1754.55,1650.35,1381.94,1302.88,1159.41,1058.96,914.43,694.44,425.34,231.92,233.0,228.71,223.4,218.38,215.09,208.43,206.72,212.02,170.06,168.72,163.83,167.56,160.16,145.21,134.45,129.33,115.1,109.92,96.51,2018.0, 96.51 ,-94.50,9.05,1993,1993,1994,1994,2001,1993.0,2017,1993,2000,2002,1996,2000.0,1993.0,1993,-0.05938844718018868,-0.16263822825461258,-0.05720943022128308,-0.110117585656392,-0.08663889392018358,-0.13648296441791954,-0.24057609658475762,-0.38750648004147237,-0.45474208868199556,0.004656778199379151,-0.01841201716738194,-0.023217174587906092,-0.02247090420769924,-0.015065482187013427,-0.03096378260263144,-0.00820419325433003,0.025638544891640924,-0.19790585793793042,-0.007879571915794446,-0.028982930298719692,0.02276750289934682,-0.044163284793506834,-0.09334415584415577,-0.07409957991873851,-0.038081071030122544,-0.11002860898476778,-0.045004344048653284,-0.12199781659388644
408.0,Democratic People's Republic of Korea,3121.0,,,,2368.0,,,,,,1298.0,,1384.0,,,,,,,,,,,,,,,,,2002.0, 1384.00 ,-55.66,59.3,2008,,1995,,2005,1995.0,2016,1998,2004,2002,,2003.0,1994.0,1998,,,,,,,,,,,,,,,,,,,,,,,,,,,,
180.0,Democratic Republic of the Congo,,,,,0.01,,,,,,0.02,,,,,,,,,,,,,,,,,,,2000.0, 0.02 ,,0.0,1994,1976,1995,1990,2005,1994.0,2017,1996,2005,2005,1989,1997.0,1995.0,1974,,,,,,,,,,,,,,,,,,,,,,,,,,,,
208.0,Denmark,179.06,239.69,185.11,150.06,152.4,146.58,177.1,105.2,81.51,60.52,33.58,30.86,29.36,36.34,29.8,27.34,31.4,28.34,22.1,16.23,16.26,15.04,13.34,13.46,11.44,10.59,11.05,11.3,11.82,2018.0, 11.82 ,-93.40,2.06,1994,1977,1994,1983,2002,1988.0,2016,1978,2004,2003,2004,1995.0,1993.0,1979,0.33860158606053836,-0.22771079310776413,-0.1893468748311815,0.015593762495002021,-0.03818897637795271,0.20821394460362927,-0.40598531902879725,-0.22519011406844103,-0.25751441540915226,-0.4451421017845341,-0.08100059559261462,-0.04860661049902787,0.23773841961852876,-0.17996697853604848,-0.08255033557046983,0.14850036576444764,-0.09745222929936302,-0.22018348623853207,-0.26561085972850684,0.0018484288354899037,-0.07503075030750321,-0.11303191489361698,0.008995502248875636,-0.15007429420505208,-0.07430069930069927,0.04343720491029281,0.02262443438914027,0.046017699115044206
212.0,Dominica,,,,,0.15,,,,,,0.18,0.21,0.19,0.2,0.19,0.22,,,,,,,,,,,,,,2005.0, 0.22 ,,3.09,1998,1995,1994,,2005,1993.0,2016,,2005,2003,1991,1997.0,1993.0,1995,,,,,,,,,,,0.16666666666666666,-0.09523809523809519,0.05263157894736847,-0.050000000000000044,0.15789473684210525,,,,,,,,,,,,,
214.0,Dominican Republic,77.06,,,,116.34,,,,75.25,,110.15,,,,,,,,,,1.11,,,,,,,,,2010.0, 1.11 ,-98.56,0.11,2000,1986,1997,2017,2002,1993.0,2017,2002,2006,2007,2009,1997.0,1998.0,1985,,,,,,,,,,,,,,,,,,,,,,,,,,,,
818.0,Egypt,,,,,,,,,,,,,,,,146.45,,,,,,,,,,,,,,2005.0, 146.45 ,,1.94,1993,1978,1994,1983,2005,1988.0,2017,1988,,2003,1983,1995.0,1994.0,1974,,,,,,,,,,,,,,,,,,,,,,,,,,,,
233.0,Estonia,222.03,202.9,147.15,116.32,116.14,103.23,106.56,101.79,91.58,86.84,80.14,75.52,74.08,86.74,76.38,64.37,57.03,78.98,60.23,44.81,73.39,63.89,30.23,26.36,31.36,24.33,27.52,31.83,35.96,2018.0, 35.96 ,-83.80,27.18,1992,1992,1994,2008,2002,1996.0,2016,1994,2006,2008,2005,2012.0,1994.0,1995,-0.08615952799171281,-0.27476589452932476,-0.2095141012572206,-0.0015474552957358376,-0.11115894609953501,0.03225806451612902,-0.04476351351351347,-0.10030454858041073,-0.05175802576981868,-0.0771533855366191,-0.057649114050411836,-0.01906779661016946,0.17089632829373647,-0.1194373991238183,-0.15724011521340653,-0.11402827404070223,0.3848851481676311,-0.23740187389212467,-0.2560185953843599,0.6378040615933943,-0.1294454285324976,-0.5268430114258882,-0.128018524644393,0.18968133535660092,-0.22417091836734698,0.13111385121249491,0.1566133720930232,0.12975180647188195
748.0,Eswatini,,,,,1.97,,,,,,,,,,,,,,,,,,,,,,,,,1994.0, 1.97 ,,2.17,2005,1997,1995,2013,2006,1992.0,2016,2013,2012,2006,2012,1996.0,1996.0,2005,,,,,,,,,,,,,,,,,,,,,,,,,,,,
231.0,Ethiopia,11.1,9.1,9.1,11.1,2.71,,,,,,,,,,,,,,,,,,,8.74,,,,,,2013.0, 8.74 ,-21.28,0.09,2000,1989,1994,2010,2005,1994.0,2017,,2003,2003,,1997.0,1994.0,1977,-0.1801801801801802,0.0,0.21978021978021978,-0.7558558558558559,,,,,,,,,,,,,,,,,,,,,,,,
242.0,Fiji,,,,,0.03,,,,,,,,,,,,,,,,,,,,,,,,,1994.0, 0.03 ,,0.04,,1997,1993,2013,1998,1989.0,2016,2006,,2001,1982,1998.0,1993.0,1990,,,,,,,,,,,,,,,,,,,,,,,,,,,,
246.0,Finland,250.34,202.29,158.1,138.12,123.67,104.97,110.42,101.59,93.69,91.28,81.0,90.31,91.13,102.45,84.56,69.1,84.04,82.76,67.7,59.54,67.13,60.4,50.95,48.32,43.2,41.83,39.77,35.49,33.39,2018.0, 33.39 ,-86.66,6.05,1991,1976,1994,1989,2002,1988.0,2016,1975,2004,2002,1996,1995.0,1994.0,1987,-0.19193896301030602,-0.218448761678778,-0.1263757115749525,-0.10461917173472345,-0.15120886229481686,0.051919596075069095,-0.07996739721065023,-0.07776355940545335,-0.02572312946952713,-0.11262050832602981,0.1149382716049383,0.009079836120030929,0.1242181498957534,-0.17462176671547097,-0.18282876064333026,0.21620839363241698,-0.015230842455973358,-0.1819719671338811,-0.12053175775480064,0.12747732616728244,-0.1002532399821242,-0.15645695364238404,-0.05161923454367031,-0.1059602649006622,-0.03171296296296307,-0.0492469519483623,-0.10761880814684438,-0.05917159763313613
250.0,France,1320.52,1420.34,1289.76,1128.51,1063.61,1007.17,994.62,852.79,888.34,766.36,672.06,613.02,568.33,546.31,529.61,503.57,476.32,454.54,383.32,325.78,309.09,272.54,266.42,247.67,205.5,198.99,183.52,183.44,180.04,2018.0, 180.04 ,-86.37,2.77,1991,1978,1994,1990,2002,1988.0,2016,1986,2004,2004,1996,1997.0,1994.0,1975,0.0755914336776421,-0.09193573369756533,-0.12502326014142165,-0.057509459375636986,-0.053064563138744414,-0.012460657088674162,-0.14259717278960812,0.04168669895284897,-0.13731229033928452,-0.12304921968787523,-0.08784929916971694,-0.07290137352778041,-0.03874509527915136,-0.030568724716735798,-0.04916825588640702,-0.05411362869114522,-0.04572556264695997,-0.15668588023056282,-0.15010956902848802,-0.051230892013014916,-0.11825034779514043,-0.02245541938797976,-0.07037759927933349,-0.17026688739047924,-0.03167883211678828,-0.07774260013065983,-0.00043591979075856854,-0.018534670737025763
266.0,Gabon,,,,,1.0,,,,,,7.67,,,,,,,,,,,,,,,,,,,2000.0, 7.67 ,,6.24,2008,1989,1997,2008,2006,1994.0,2016,1987,2003,2007,1998,1996.0,1998.0,1986,,,,,,,,,,,,,,,,,,,,,,,,,,,,
268.0,Georgia,,,,,,20.26,,,,,0.19,1.27,0.2,0.28,0.34,0.44,1.0,0.4,1.3,1.8,0.28,0.46,0.48,2.54,,,,,,2013.0, 2.54 ,,0.63,1999,1996,1994,2000,1999,1996.0,2017,1997,2007,2006,1996,1999.0,1994.0,1992,,,,,,,,,,,5.684210526315789,-0.8425196850393701,0.4000000000000001,0.21428571428571425,0.29411764705882343,1.272727272727273,-0.6,2.25,0.3846153846153846,-0.8444444444444444,0.6428571428571428,0.04347826086956513,4.291666666666667,,,,,
276.0,Germany,5442.58,3974.57,3246.36,2910.79,2424.36,1750.89,1483.46,1233.09,986.38,805.74,650.4,629.22,565.89,538.82,497.39,477.2,475.63,458.79,453.75,395.27,405.12,389.12,371.56,359.9,339.1,335.77,311.17,301.45,288.68,2018.0, 288.68 ,-94.70,3.47,1995,1976,1994,1984,2002,1988.0,2016,1976,2001,2002,1994,1996.0,1993.0,1976,-0.2697268574830319,-0.18321730401024514,-0.1033680799418426,-0.1671127082338471,-0.27779290204425083,-0.1527394639297729,-0.16877435185310027,-0.20007460931481072,-0.1831342890164034,-0.19279171941321024,-0.032564575645756384,-0.10064842185563085,-0.04783615190231306,-0.07689024163913749,-0.04059188966404632,-0.003290025146689005,-0.03540567247650479,-0.010985418165173653,-0.12888154269972457,0.024919675158752305,-0.03949447077409163,-0.045127467105263164,-0.03138120357411999,-0.05779383161989429,-0.009820112061338959,-0.07326443696578006,-0.03123694443551765,-0.04236191739923696
288.0,Ghana,,,,,,,,,,,0.5,,,,,,,,,,,,,,,,,,,2000.0, 0.50 ,,0.03,2003,1975,1994,1988,2003,1989.0,2016,1988,2003,2003,1983,1996.0,1995.0,1975,,,,,,,,,,,,,,,,,,,,,,,,,,,,
300.0,Greece,510.95,503.21,518.51,508.89,526.98,520.66,521.3,554.18,578.34,563.97,562.58,573.47,557.78,564.79,565.3,585.08,545.03,529.48,457.94,410.76,231.0,168.25,141.97,130.5,114.48,112.13,107.36,105.55,98.99,2018.0, 98.99 ,-80.63,9.41,1994,1992,1994,1999,2002,1988.0,2016,1975,2003,2006,1995,1997.0,1994.0,1981,-0.015148253253743046,0.030404801176447234,-0.018553161944803387,0.035547957318870546,-0.011992865004364587,0.0012292090807820581,0.06307308651448303,0.043595943556245416,-0.02484697582736799,-0.002464670106565928,0.019357246969319893,-0.027359757267163155,0.012567679013231007,0.0009029904920412736,0.034990270652750906,-0.06845217748000285,-0.028530539603324506,-0.13511369645690113,-0.10302659737083462,-0.4376278118609407,-0.27164502164502163,-0.1561961367013373,-0.08079171655983658,-0.12275862068965514,-0.02052760307477296,-0.04253990903415675,-0.016859165424739215,-0.062150639507342516
320.0,Guatemala,74.5,,,,74.61,,,,,,98.46,,,,,52.29,,,,,,,,,,,,,,2005.0, 52.29 ,-29.81,3.99,1995,1979,1995,,1999,1989.0,2017,1990,2010,2008,1997,1998.0,1995.0,1979,,,,,,,,,,,,,,,,,,,,,,,,,,,,
324.0,Guinea,,,,,0.44,,,,,,,,,,,,,,,,,,,,,,,,,1994.0, 0.44 ,,0.06,1995,1981,1993,1993,2000,1992.0,2016,1993,2000,2007,1985,1997.0,1993.0,1979,,,,,,,,,,,,,,,,,,,,,,,,,,,,
328.0,Guyana,7.5,7.5,7.5,7.5,7.5,8.1,7.7,8.2,9.0,7.0,7.1,6.8,6.9,6.9,6.9,,,,,,,,,,,,,,,2004.0, 6.90 ,-8.00,9.25,2001,1977,1994,,2003,1993.0,2016,,2007,2007,1993,1997.0,1994.0,1977,0.0,0.0,0.0,0.0,0.07999999999999995,-0.04938271604938265,0.06493506493506482,0.0975609756097562,-0.2222222222222222,0.014285714285714235,-0.04225352112676054,0.014705882352941256,0.0,0.0,,,,,,,,,,,,,,
332.0,Haiti,,,,,8.8,11.96,12.51,14.58,14.18,14.37,13.58,,,,,,,,,,,,,,,,,,,2000.0, 13.58 ,,1.6,…,,1996,,2005,2000.0,2017,,,,1996,1996.0,1996.0,1980,,,,,0.35909090909090907,0.0459866220735785,0.1654676258992806,-0.027434842249657088,0.01339915373765864,-0.05497564370215722,,,,,,,,,,,,,,,,,,
340.0,Honduras,,,,,,0.3,,,,,0.38,,,,,,,,,,,,,,,,,,,2000.0, 0.38 ,,0.06,1995,1985,1995,2007,2000,1993.0,2016,1993,2011,2005,1993,1997.0,1995.0,1979,,,,,,,,,,,,,,,,,,,,,,,,,,,,
348.0,Hungary,829.73,832.66,715.44,719.99,629.73,614.1,611.94,625.52,565.97,558.5,427.24,346.33,272.35,246.0,151.45,42.96,39.2,36.28,35.87,29.76,30.47,34.3,30.54,29.39,26.03,24.31,23.14,27.82,23.04,2018.0, 23.04 ,-97.22,2.37,1990,1985,1994,1983,2002,1989.0,2016,1979,2000,2008,2002,1999.0,1994.0,1985,0.003531269208055572,-0.14077774842072385,0.0063597226881359084,-0.12536285226183697,-0.024820161021390112,-0.003517342452369269,0.022191718142301413,-0.09520079294027363,-0.013198579430005172,-0.2350223813786929,-0.18937833536185755,-0.21361129558513547,-0.09675050486506341,-0.384349593495935,-0.7163420270716407,-0.0875232774674115,-0.07448979591836738,-0.011300992282249275,-0.1703373292444939,0.02385752688172034,0.12569740728585488,-0.10962099125364426,-0.0376555337262606,-0.11432460020415106,-0.06607760276603927,-0.048128342245989233,0.20224719101123595,-0.1718188353702373
352.0,Iceland,24.03,22.33,24.72,24.76,23.35,22.24,24.71,24.73,24.44,32.51,38.77,41.72,44.93,41.45,36.3,42.51,42.36,60.46,77.36,71.8,81.76,84.13,87.06,72.01,65.38,60.54,51.57,49.65,54.71,2018.0, 54.71 ,127.66,162.47,1995,2000,1994,,2002,1989.0,2016,1978,,2002,1985,1997.0,1993.0,1995,-0.07074490220557647,0.10703090013434845,0.0016181229773463877,-0.05694668820678514,-0.047537473233404834,0.1110611510791368,0.000809388911371897,-0.011726647796198914,0.33019639934533535,0.1925561365733622,0.07608976012380696,0.07694151486097797,-0.07745381704874242,-0.1242460796139929,0.17107438016528928,-0.003528581510232853,0.42728989612842305,0.2795236520013232,-0.07187176835573943,0.13871866295264634,0.028987279843444107,0.03482705336978494,-0.17286928555019523,-0.0920705457575338,-0.07402875497093907,-0.1481665014866204,-0.03723094822571266,0.1019133937562941
364.0,Iran (Islamic Republic of),,,,,29.13,,,,,,139.46,,,,,,,,,,,,,,,,,,,2000.0, 139.46 ,,2.13,1993,1976,1996,2008,2005,1990.0,,1975,2004,2006,,1997.0,1996.0,1975,,,,,,,,,,,,,,,,,,,,,,,,,,,,
368.0,Iraq,,,,,,,,3909.0,,,,,,,,,,,,,,,,,,,,,,1997.0, 3909.00 ,,182.33,2011,2014,2009,2016,2009,2008.0,,2008,2017,2016,1985,2010.0,2009.0,1974,,,,,,,,,,,,,,,,,,,,,,,,,,,,
372.0,Ireland,182.93,183.15,170.92,161.95,177.09,163.17,150.05,168.93,179.71,161.09,144.22,142.26,106.64,82.63,73.25,73.05,60.78,54.94,45.61,32.76,26.57,25.02,23.49,23.59,16.95,15.08,13.71,13.46,12.17,2018.0, 12.17 ,-93.35,2.52,1994,2002,1996,1983,2002,1988.0,2016,1985,2005,2010,1996,1997.0,1994.0,1991,0.0012026458208057665,-0.06677586677586687,-0.05248069272174116,0.09348564371719677,-0.0786040996103677,-0.08040693754979455,0.12582472509163609,0.0638134138400521,-0.10361137388014025,-0.10472406729157617,-0.013590348079323312,-0.2503866160551103,-0.2251500375093774,-0.11351809270240827,-0.002730375426621199,-0.16796714579055436,-0.09608423823626198,-0.1698216235893702,-0.28173646130234603,-0.1889499389499389,-0.058336469702672214,-0.06115107913669069,0.004257130693912364,-0.281475201356507,-0.11032448377581117,-0.0908488063660477,-0.01823486506199854,-0.09583952451708773
376.0,Israel,,,,,,,281.13,,,,270.98,,,235.53,219.28,197.99,182.1,178.18,168.3,154.24,145.37,153.18,151.25,126.17,100.31,100.43,86.13,67.43,56.2,2018.0, 56.20 ,,6.71,1994,1979,1995,1983,2004,1992.0,2016,1997,2011,,,1996.0,1996.0,1999,,,,,,,,,,,,,,-0.06899333418248206,-0.09709047792776355,-0.08025657861508165,-0.02152663371773744,-0.0554495454035245,-0.0835412953060012,-0.05750778008298758,0.05372497764325516,-0.012599556077816992,-0.1658181818181818,-0.20496155980026948,0.0011962914963613252,-0.14238773274917862,-0.21711366538952734,-0.1665430817143705
380.0,Italy,1783.86,1672.65,1574.23,1471.75,1389.49,1322.67,1213.9,1138.37,1004.29,903.67,756.22,704.49,623.29,524.48,487.8,409.62,387.84,345.37,290.1,237.46,218.48,196.24,177.97,146.56,131.58,124.49,116.95,115.42,110.45,2018.0, 110.45 ,-93.81,1.82,1994,1979,1994,1983,2002,1988.0,2016,1977,2002,,1995,1997.0,1994.0,1978,-0.06234233628199512,-0.05884076166562046,-0.06509849259638047,-0.05589264481059962,-0.0480895868268213,-0.08223517581860931,-0.062220940769421036,-0.11778244331807755,-0.10019018411016739,-0.16316797060873986,-0.06840601941234034,-0.11526068503456408,-0.15852973736142076,-0.0699359365466748,-0.16027060270602708,-0.053171231873443754,-0.10950391914191412,-0.16003127081101423,-0.18145467080317135,-0.07992925124231456,-0.10179421457341625,-0.0931002853648594,-0.17649041973366295,-0.10221069868995626,-0.053883568931448675,-0.0605671138244035,-0.013082513894826859,-0.043060128227343605
388.0,Jamaica,,,,,99.7,,,,,,,,,,,,18.71,19.05,18.62,17.35,16.65,,15.99,,,,,,,2012.0, 15.99 ,,5.63,2003,1997,1995,,1999,1993.0,2017,1998,2002,2007,1983,1997.0,1995.0,1983,,,,,,,,,,,,,,,,,0.01817210048102618,-0.022572178477690275,-0.06820622986036518,-0.040345821325648575,,,,,,,,
392.0,Japan,1250.0,1241.0,1199.47,1155.2,1212.32,1202.97,1158.13,1193.67,1119.5,1136.93,1130.87,1124.15,1115.08,1088.31,1058.25,1010.67,970.29,926.76,860.19,802.59,772.12,727.95,724.16,715.46,706.51,701.73,700.92,695.31,694.93,2018.0, 694.93 ,-44.41,5.46,1993,1980,1993,,2002,1988.0,2016,1980,2004,2002,1996,1998.0,1993.0,1992,-0.0072,-0.033464947622884746,-0.03690796768572785,0.04944598337950129,-0.007712485152434926,-0.037274412495739644,0.030687401241656774,-0.062136101267519554,0.015569450647610597,-0.005330143456501431,-0.005942327588493638,-0.008068318284926533,-0.024007246116870523,-0.027620806571656924,-0.04496102055279947,-0.03995369408412241,-0.04486287604736726,-0.07183089473002713,-0.06696195026680155,-0.037964589641037175,-0.05720613376159141,-0.005206401538567315,-0.012013919575784264,-0.012509434489698998,-0.0067656508754298916,-0.0011542901115814616,-0.008003766478342769,-0.0005465188189440616
400.0,Jordan,,,,,,,,,,,186.41,,,,,,138.0,,,,,,,,,,,,,2006.0, 138.00 ,,23.03,1989,1978,1994,2001,2003,1989.0,2016,1977,2002,2004,1995,1996.0,1993.0,1975,,,,,,,,,,,,,,,,,,,,,,,,,,,,
398.0,Kazakhstan,1043.89,1028.12,902.66,808.8,638.17,625.94,563.99,506.1,480.44,357.65,407.15,400.85,452.31,483.55,478.06,537.42,581.5,571.89,555.95,566.65,594.5,640.49,652.01,624.28,676.92,666.64,637.2,661.33,668.74,2018.0, 668.74 ,-35.94,36.5,2003,2000,1994,2006,2009,1998.0,2016,2007,2007,2007,,1997.0,1995.0,1994,-0.015106955713724826,-0.12202855697778463,-0.10398156559501918,-0.21096686449060337,-0.019164172555901884,-0.098971147394319,-0.10264366389474988,-0.050701442402687265,-0.2555782199650321,0.13840346707675102,-0.015473412747144677,0.1283771984532867,0.06906767482478833,-0.011353531175679886,0.12416851441241676,0.08202151017825918,-0.016526225279449722,-0.027872492961933136,0.019246335102077402,0.04914850436777556,0.0773591253153911,0.01798622929319737,-0.042530022545666506,0.08432113795091944,-0.015186432665602986,-0.04416176647065874,0.037868801004394215,0.011204693572044165
404.0,Kenya,,,,,,108.45,,,,,126.32,,,,,126.21,,,,,145.65,,,,,,,,,2010.0, 145.65 ,,3.47,2000,1978,1994,1999,2005,1988.0,2016,1990,2005,2004,1989,1997.0,1994.0,1991,,,,,,,,,,,,,,,,,,,,,,,,,,,,
414.0,Kuwait,,,,,319.0,,,,,,,,,,,,,,,,,,,,,,,,,1994.0, 319.00 ,,192.25,1993,2002,2002,,2005,1992.0,2018,2015,2006,2006,1986,1997.0,1994.0,2002,,,,,,,,,,,,,,,,,,,,,,,,,,,,
417.0,Kyrgyzstan,92.65,84.71,69.21,55.15,39.19,24.13,22.17,24.78,21.38,23.08,22.53,22.77,22.45,22.03,23.27,23.13,22.83,24.76,31.51,32.97,30.56,,,,,,,,,2010.0, 30.56 ,-67.01,5.64,1996,2007,1996,2014,2003,2000.0,,2003,2000,2006,,1997.0,2000.0,1995,-0.08569886670264448,-0.1829772163853146,-0.20314983383904056,-0.28939256572982774,-0.38428170451645827,-0.0812266887691669,0.11772665764546682,-0.13720742534301864,0.07951356407857808,-0.02383015597920265,0.010652463382157053,-0.014053579270970588,-0.018708240534521078,0.056286881525192844,-0.006016330038676432,-0.01297016861219199,0.08453788874288232,0.2726171243941842,0.04633449698508401,-0.07309675462541705,,,,,,,,
418.0,Lao People's Democratic Republic,,,,,,,,,,,1.59,,,,,,,,,,,,,,,,,,,2000.0, 1.59 ,,0.3,2010,2004,1996,,2003,1998.0,2016,2010,2010,2006,1998,1996.0,1995.0,1987,,,,,,,,,,,,,,,,,,,,,,,,,,,,
428.0,Latvia,100.45,81.68,69.79,65.74,66.71,49.39,55.67,43.96,39.84,32.21,17.75,14.3,12.98,11.31,9.28,8.74,8.32,8.12,6.58,6.61,4.31,4.27,4.41,3.9,3.85,3.55,3.43,3.59,3.83,2018.0, 3.83 ,-96.19,1.99,1992,1997,1996,1999,2002,1995.0,2017,1995,2003,2004,2004,2002.0,1995.0,1995,-0.18685913389746137,-0.14556807051909892,-0.058031236566843544,0.014755095832065697,-0.2596312396941987,0.1271512451913343,-0.21034668582719598,-0.09372156505914461,-0.19151606425702816,-0.44892890406705993,-0.19436619718309855,-0.09230769230769233,-0.12865947611710324,-0.17948717948717957,-0.05818965517241371,-0.04805491990846681,-0.024038461538461665,-0.189655172413793,0.004559270516717363,-0.3479576399394857,-0.00928074245939676,0.03278688524590177,-0.1156462585034014,-0.012820512820512775,-0.07792207792207799,-0.03380281690140836,0.04664723032069962,0.06685236768802234
422.0,Lebanon,,,,,82.99,,,,,,93.42,,,,,,,,,,,102.02,112.05,119.01,,,,,,2013.0, 119.01 ,,20.13,1994,2013,1995,2019,2006,1993.0,,1999,2006,2003,1995,1996.0,1994.0,1983,,,,,,,,,,,,,,,,,,,,,,0.09831405606743777,0.06211512717536821,,,,,
440.0,Lithuania,185.14,210.72,110.23,96.82,96.02,73.77,74.44,68.3,85.05,63.48,37.95,41.76,37.52,24.84,25.58,27.37,25.16,21.62,19.51,18.72,18.02,19.53,17.0,14.66,13.34,14.93,14.88,12.65,12.66,2018.0, 12.66 ,-93.16,4.52,1999,2001,1996,2002,2003,1995.0,2017,1993,2004,2006,2003,2003.0,1995.0,1992,0.13816571243383394,-0.4768887623386484,-0.12165472194502414,-0.008262755629002243,-0.23172255780045825,0.009082282770774051,-0.08248253627082215,0.24524158125915083,-0.253615520282187,-0.40217391304347816,0.10039525691699591,-0.10153256704980831,-0.33795309168443505,0.029790660225442772,0.06997654417513693,-0.08074534161490686,-0.1406995230524642,-0.09759481961147083,-0.04049205535622771,-0.03739316239316236,0.08379578246392906,-0.12954429083461347,-0.1376470588235294,-0.09004092769440657,0.1191904047976012,-0.00334896182183516,-0.1498655913978495,0.0007905138339920779
442.0,Luxembourg,15.75,15.96,15.57,16.5,14.95,8.83,8.31,5.65,3.01,3.09,3.25,3.82,2.8,2.62,2.41,2.38,2.76,2.32,1.69,1.67,1.65,1.23,1.44,1.49,1.51,1.3,0.95,0.96,0.92,2018.0, 0.92 ,-94.17,1.52,1994,1983,1994,1983,2002,1988.0,2016,1998,2002,2003,2000,1997.0,1994.0,1983,0.013333333333333388,-0.024436090225563943,0.05973025048169555,-0.09393939393939399,-0.40936454849498327,-0.05889014722536801,-0.3200962695547533,-0.46725663716814164,0.02657807308970102,0.05177993527508096,0.17538461538461533,-0.2670157068062827,-0.06428571428571418,-0.08015267175572517,-0.01244813278008309,0.15966386554621845,-0.15942028985507245,-0.271551724137931,-0.011834319526627229,-0.011976047904191628,-0.2545454545454545,0.17073170731707316,0.03472222222222225,0.01342281879194632,-0.1390728476821192,-0.2692307692307693,0.010526315789473694,-0.04166666666666659
450.0,Madagascar,,,,,34.65,,,,,,39.82,,,,,52.0,54.1,56.9,60.1,61.9,65.2,,,,,,,,,2010.0, 65.20 ,,3.08,1999,1975,1996,2007,2003,1996.0,2016,1999,2004,2005,2001,1997.0,1999.0,1983,,,,,,,,,,,,,,,,0.040384615384615415,0.05175600739371529,0.05623901581722325,0.029950083194675493,0.05331179321486275,,,,,,,,
466.0,Mali,,,,,,0.0,,,,,,,,,,,,,,,3.65,,,,,,,,,2010.0, 3.65 ,,0.24,2000,1994,1995,1987,2002,1994.0,2016,1987,2003,2003,1985,1995.0,1994.0,1977,,,,,,,,,,,,,,,,,,,,,,,,,,,,
470.0,Malta,10.26,11.12,11.63,11.7,12.43,11.41,10.16,10.52,10.64,10.39,10.03,10.96,10.41,11.3,11.12,12.36,12.47,12.85,10.53,6.76,8.17,8.11,8.12,5.57,4.91,2.44,2.05,1.04,0.33,2018.0, 0.33 ,-96.76,0.76,2000,1989,2001,2001,2001,1988.0,2016,1989,2017,2017,1993,1998.0,1994.0,1978,0.08382066276803113,0.04586330935251813,0.006018916595012769,0.062393162393162435,-0.08205953338696698,-0.10955302366345311,0.035433070866141676,0.011406844106463974,-0.023496240601503758,-0.03464870067372485,0.09272183449651063,-0.05018248175182488,0.08549471661863597,-0.01592920353982314,0.1115107913669065,0.00889967637540463,0.030473135525260545,-0.1805447470817121,-0.35802469135802467,0.20857988165680477,-0.007343941248470073,0.0012330456226880132,-0.314039408866995,-0.11849192100538601,-0.5030549898167006,-0.15983606557377056,-0.49268292682926823,-0.6826923076923076
584.0,Marshall Islands,,,,,,,,,,,0.15,,,,,0.18,,,,,0.28,,,,,,,,,2010.0, 0.28 ,,5.02,2003,,1993,,2003,1993.0,2016,2004,2003,2003,1991,1998.0,1992.0,2002,,,,,,,,,,,,,,,,,,,,,,,,,,,,
478.0,Mauritania,,,,,,0.19,,,,,0.09,,,,,,,,,,,,,,,,,,,2000.0, 0.09 ,,0.03,1996,1998,1996,1998,2005,1994.0,2017,1983,2005,2005,1996,1996.0,1994.0,1981,,,,,,,,,,,,,,,,,,,,,,,,,,,,
480.0,Mauritius,,,,,,26.74,,,,,8.76,9.55,9.2,12.47,9.72,9.6,,,,,,,,,,,,,,2005.0, 9.60 ,,7.86,1992,1975,1993,2004,2001,1992.0,2016,2001,2005,2004,1994,1996.0,1992.0,1995,,,,,,,,,,,0.09018264840182659,-0.03664921465968601,0.3554347826086958,-0.22052927024859661,-0.01234567901234578,,,,,,,,,,,,,
583.0,Micronesia (Federated States of),,,,,0.53,,,,,,0.31,,,,,,,,,,,,,,,,,,,2000.0, 0.31 ,,2.86,1995,,1994,,1999,1995.0,2016,,,2005,1991,1996.0,1993.0,2002,,,,,,,,,,,,,,,,,,,,,,,,,,,,
492.0,Monaco,0.13,0.12,0.13,0.13,0.12,0.1,0.1,0.09,0.08,0.08,0.07,0.07,0.07,0.07,0.06,0.06,0.03,0.03,0.02,0.02,0.02,0.01,0.01,0.01,0.01,0.02,0.01,0.01,0.01,2018.0, 0.01 ,-91.55,0.29,1992,1978,1993,1993,2006,1993.0,2016,1997,,2004,1996,1999.0,1992.0,1978,-0.07692307692307698,0.08333333333333341,0.0,-0.07692307692307698,-0.1666666666666666,0.0,-0.10000000000000009,-0.11111111111111106,0.0,-0.12499999999999993,0.0,0.0,0.0,-0.14285714285714296,0.0,-0.5,0.0,-0.3333333333333333,0.0,0.0,-0.5,0.0,0.0,0.0,1.0,-0.5,0.0,0.0
499.0,Montenegro,13.95,15.28,12.74,8.21,6.91,3.76,12.02,11.06,13.12,13.45,13.52,11.08,15.38,14.79,14.09,12.5,13.74,11.78,15.35,8.08,27.8,39.73,,,,,,,,2011.0, 39.73 ,184.73,63.54,2006,2007,2006,2009,2007,2006.0,2017,2006,2011,2011,2006,2007.0,2006.0,2006,0.0953405017921147,-0.16623036649214654,-0.35557299843014123,-0.15834348355663833,-0.4558610709117222,2.1968085106382977,-0.0798668885191347,0.18625678119348993,0.025152439024390252,0.005204460966542772,-0.18047337278106507,0.38808664259927805,-0.038361508452535865,-0.047329276538201445,-0.11284599006387508,0.09920000000000001,-0.14264919941775844,0.30305602716468594,-0.47361563517915306,2.4405940594059405,0.4291366906474819,,,,,,,
504.0,Morocco,,,,,295.0,,,,,,484.09,,,,,,,,,,576.97,,635.53,,,,,,,2012.0, 635.53 ,,19.12,1995,1975,1995,1993,2002,1995.0,2016,1980,2011,2004,2007,1996.0,1995.0,1975,,,,,,,,,,,,,,,,,,,,,,,,,,,,
516.0,Namibia,,,,,,,,,,,10.9,,,,,,,,,,,,,,,,,,,2000.0, 10.90 ,,6.07,1995,1990,1997,,2003,1993.0,2016,1995,2005,2005,1983,1997.0,1995.0,2000,,,,,,,,,,,,,,,,,,,,,,,,,,,,
520.0,Nauru,,,,,,,,,,,0.05,,,0.03,,,,0.02,,,0.18,,,,,,,,,2010.0, 0.18 ,,18.39,2001,,1994,,2001,2001.0,2016,,,2002,1996,1998.0,1993.0,,,,,,,,,,,,,,,,,,,,,,,,,,,,,
524.0,Nepal,,,,,,,,,,,76.0,,,,,,,,,,,,,,,,,,,2000.0, 76.00 ,,3.17,1996,1975,1994,,2005,1994.0,2016,1988,2007,2007,1998,1996.0,1994.0,1978,,,,,,,,,,,,,,,,,,,,,,,,,,,,
528.0,Netherlands,187.18,108.09,105.11,102.34,97.79,125.69,18.92,12.07,92.56,86.0,70.59,72.26,65.7,61.26,63.95,62.4,62.65,59.49,50.2,36.92,33.78,33.76,33.95,29.65,29.22,30.36,27.48,26.08,24.51,2018.0, 24.51 ,-86.91,1.44,1993,1984,1994,1983,2002,1988.0,2017,1980,2000,2002,1996,1995.0,1993.0,1992,-0.4225344588097019,-0.027569617911000127,-0.02635334411568829,-0.04445964432284539,0.2853052459351671,-0.8494709205187365,-0.36205073995771675,6.6685998342999175,-0.07087294727744169,-0.17918604651162787,0.023657741889786112,-0.09078328259064491,-0.06757990867579916,0.043911198171727145,-0.024237685691946897,0.004006410256410257,-0.05043894652833195,-0.15616069927718942,-0.26454183266932274,-0.08504875406283859,-0.0005920663114269724,0.0056279620853082,-0.12665684830633295,-0.014502529510961206,0.03901437371663247,-0.09486166007905135,-0.05094614264919949,-0.060199386503067366
554.0,New Zealand,57.06,55.25,60.16,58.54,59.27,62.17,60.87,61.81,61.87,66.25,70.61,74.8,76.39,89.97,86.9,93.43,89.66,81.99,87.28,74.33,73.49,74.07,78.62,75.51,73.57,75.76,69.35,73.67,71.35,2018.0, 71.35 ,25.05,15.04,1994,1989,1993,2000,2002,1988.0,2016,1976,2003,2004,1996,2000.0,1993.0,1984,-0.031720995443392956,0.08886877828054293,-0.02692819148936166,0.012470105910488622,0.04892863168550698,-0.020910406948689148,0.01544274683752267,0.0009707167125059888,0.07079359948278653,0.06581132075471698,0.05934003682197986,0.021256684491978657,0.17777195968058643,-0.03412248527286866,0.07514384349827388,-0.040351064968425665,-0.08554539370956951,0.06452006342236866,-0.14837305224564623,-0.011300955199784789,0.007892230235406155,0.061428378560821006,-0.039557364538285414,-0.02569196132962537,0.029767568302297296,-0.08460929250264006,0.0622927180966115,-0.03149178770191404
558.0,Nicaragua,,,,,4.59,,,,,,0.19,,,,,,,,,,,,,,,,,,,2000.0, 0.19 ,,0.04,1997,1977,1996,,1999,1993.0,2017,1997,2008,2005,2000,1998.0,1995.0,1979,,,,,,,,,,,,,,,,,,,,,,,,,,,,
562.0,Niger,,,,,,,,,,,2140.0,,,,,,,,1929.0,,,,,,,,,,,2008.0, 1929.00 ,,126.48,1998,1975,1995,1983,2004,1992.0,2016,1987,2006,2006,2013,1996.0,1995.0,1974,,,,,,,,,,,,,,,,,,,,,,,,,,,,
566.0,Nigeria,,,,,,,,,,,190.0,,,,,,,,,,,,,,,,,,,2000.0, 190.00 ,,1.55,1991,1974,1994,1987,2004,1988.0,2017,2001,2001,2004,1986,1997.0,1994.0,1974,,,,,,,,,,,,,,,,,,,,,,,,,,,,
570.0,Niue,,,,,2.21,,,,,,,,,,,0.0,0.0,0.0,0.0,0.0,,,,,,,,,,2009.0, 0.00 ,,0.06,,,,,,,,,,,,,,,,,,,,,,,,,,,,,,,,,,,,,,,,,,
807.0,North Macedonia,2.98,2.7,2.38,1.91,1.68,1.99,2.71,2.79,2.9,2.23,2.82,2.53,2.65,255.76,229.61,246.81,257.66,196.07,208.99,205.83,,,,,,,,,,2009.0, 205.83 ,6799.91,99.48,1997,2000,1998,1999,2004,1994.0,2018,1991,2010,2004,1994,2002.0,1998.0,1997,-0.0939597315436241,-0.11851851851851862,-0.19747899159663865,-0.12041884816753927,0.18452380952380956,0.36180904522613067,0.029520295202952056,0.039426523297490995,-0.23103448275862068,0.26457399103139007,-0.10283687943262414,0.04743083003952574,95.51320754716981,-0.10224429152330301,0.074909629371543,0.04396094161500759,-0.23903593883412258,0.06589483347783963,-0.015120340686157216,,,,,,,,,
578.0,Norway,49.73,42.48,37.0,35.55,35.3,34.67,33.74,31.28,30.07,29.46,27.12,25.52,23.09,23.2,24.78,23.29,21.49,19.72,19.96,14.9,18.88,18.78,17.13,17.48,17.43,17.02,15.88,15.36,16.28,2018.0, 16.28 ,-67.26,3.05,1990,1976,1993,1985,2002,1988.0,2016,1975,2001,2002,1996,1996.0,1993.0,1977,-0.14578725115624372,-0.1290018832391713,-0.03918918918918927,-0.007032348804500704,-0.017847025495750582,-0.026824343813094884,-0.07291049199762895,-0.038682864450127905,-0.020285999334885247,-0.07942973523421588,-0.05899705014749267,-0.09521943573667711,0.004763967085318295,0.06810344827586215,-0.06012913640032292,-0.07728638900815804,-0.08236389018147974,0.012170385395537628,-0.25350701402805614,0.26711409395973146,-0.005296610169491412,-0.08785942492012791,0.020431990659661496,-0.002860411899313542,-0.023522662076878954,-0.06698002350176256,-0.03274559193954668,0.05989583333333345
512.0,Oman,,,,,3.38,,,,,,,,,,,,,,,,,,,,,,,,,1994.0, 3.38 ,,1.57,1995,2008,1995,,2005,1999.0,2019,2013,2000,2005,1989,1996.0,1995.0,1981,,,,,,,,,,,,,,,,,,,,,,,,,,,,
585.0,Palau,,,,,,,,,,,0.0,,,,,0.01,,,,,,,,,,,,,,2005.0, 0.01 ,,0.38,2011,2004,1999,2008,1999,2001.0,2016,2003,,2011,1996,1999.0,1999.0,2002,,,,,,,,,,,,,,,,,,,,,,,,,,,,
591.0,Panama,,,,,1.85,,,,,,0.13,,,,,,,,,,,,,,,,,,,2000.0, 0.13 ,,0.04,1991,1978,1995,1989,1999,1989.0,2016,1990,2000,2003,1996,1996.0,1995.0,1978,,,,,,,,,,,,,,,,,,,,,,,,,,,,
598.0,Papua New Guinea,,,,,,,,,,,36.0,,,,,,,,,,,,,,,,,,,2000.0, 36.00 ,,6.16,1995,1975,1993,,2002,1992.0,2016,1993,,2003,1997,2000.0,1993.0,1997,,,,,,,,,,,,,,,,,,,,,,,,,,,,
600.0,Paraguay,0.3,,,,0.22,,,,,,0.16,,,,,0.26,,,,,,0.26,0.27,,,,,,,2012.0, 0.27 ,-7.71,0.04,1995,1976,1994,1999,1999,1992.0,2016,1995,2003,2004,1986,1997.0,1994.0,1988,,,,,,,,,,,,,,,,,,,,,,0.03846153846153849,,,,,,
604.0,Peru,,,,,123.26,,,,,,,,,,,,,,,,,,,,,,,,,1994.0, 123.26 ,,5.17,1993,1975,1993,1997,2002,1993.0,2016,1992,2005,2005,,1995.0,1993.0,1982,,,,,,,,,,,,,,,,,,,,,,,,,,,,
608.0,Philippines,,,,,458.53,,,,,,,,,,,,,,,,,,,,,,,,,1994.0, 458.53 ,,6.73,1993,1981,1994,1994,2003,1991.0,2017,1994,2006,2004,1984,2000.0,1994.0,1985,,,,,,,,,,,,,,,,,,,,,,,,,,,,
616.0,Poland,2652.31,2564.39,2318.19,2304.07,2206.79,2141.02,2154.76,1974.72,1770.44,1599.28,1410.65,1385.83,1298.32,1281.14,1210.01,1171.17,1236.17,1173.8,947.03,811.09,874.44,836.36,802.93,767.99,723.58,711.43,590.66,582.65,,2017.0, 582.65 ,-78.03,15.35,1992,1989,1996,1996,2002,1990.0,2016,1978,2005,2008,1998,2001.0,1994.0,1976,-0.033148463037880216,-0.09600723758866625,-0.006090958894654834,-0.042220939467985,-0.029803470198795527,0.006417501938328571,-0.08355454899849643,-0.10344757737805865,-0.09667653238742915,-0.11794682607173221,-0.017594725835607814,-0.06314627335243139,-0.01323248505761279,-0.055520864230294974,-0.03209890827348528,0.0555000555000555,-0.05045422555150191,-0.19319304821945815,-0.14354349914997408,0.07810477258997155,-0.04354787063720786,-0.03997082596011295,-0.043515624027001036,-0.05782627377960646,-0.01679150888637067,-0.16975668723556778,-0.013561101141096385,
620.0,Portugal,317.64,308.02,366.45,309.46,288.0,321.82,262.72,274.89,322.08,330.98,294.82,277.64,276.81,184.91,188.37,189.72,164.95,157.54,104.24,71.91,62.95,56.96,52.23,47.97,43.41,45.63,45.56,47.14,45.17,2018.0, 45.17 ,-85.78,4.4,1994,1980,1994,1983,2002,1988.0,2016,1981,2005,2004,1997,1996.0,1993.0,1980,-0.030285858204256406,0.1896954743198494,-0.1555191704188839,-0.06934660376139075,0.11743055555555554,-0.18364303026536563,0.04632308160779521,0.1716686674669868,0.027632886239443724,-0.10925131427880845,-0.05827284444745949,-0.0029894827834605394,-0.33199667642064956,0.01871180574333464,0.00716674629718105,-0.13056082648113015,-0.04492270384965139,-0.33832677415259615,-0.3101496546431312,-0.12460019468780412,-0.09515488482922957,-0.08304073033707872,-0.0815623205054566,-0.09505941213258291,0.05114029025570159,-0.0015340784571553864,0.03467954345917468,-0.04179041154009332
634.0,Qatar,,,,,,,,,,,,,,,,,,143.92,,,,,,,,,,,,2007.0, 143.92 ,,118.12,1995,2001,1996,,2005,1996.0,2017,,2004,2004,2002,1999.0,1996.0,1984,,,,,,,,,,,,,,,,,,,,,,,,,,,,
498.0,Republic of Moldova,294.78,256.04,170.02,145.54,102.54,60.94,58.88,33.86,26.9,13.9,9.8,9.32,10.43,12.22,11.13,10.76,10.95,9.03,13.29,17.64,19.97,19.67,18.67,21.86,,,,,,2013.0, 21.86 ,-92.58,5.37,1998,2001,1996,2001,2003,1996.0,2017,2000,2005,2004,2007,1999.0,1995.0,2002,-0.13142004206526886,-0.33596313076081863,-0.14398306081637463,-0.2954514222894049,-0.4056953384045251,-0.03380374138496874,-0.42493206521739135,-0.20555227406969878,-0.48327137546468396,-0.29496402877697836,-0.04897959183673473,0.11909871244635187,0.17162032598274218,-0.08919803600654663,-0.03324348607367484,0.017657992565055715,-0.17534246575342466,0.47176079734219273,0.32731376975169313,0.1320861678004534,-0.01502253380070091,-0.05083884087442806,0.170862346009641,,,,,
642.0,Romania,798.15,722.97,759.69,694.65,688.68,697.04,707.2,613.05,491.21,438.12,493.87,536.15,510.0,540.04,511.31,602.58,641.42,522.91,529.29,453.43,362.12,340.28,278.03,217.85,191.27,154.43,100.73,85.18,80.03,2018.0, 80.03 ,-89.97,4.1,1991,1994,1994,1998,2001,1993.0,2017,1991,2003,2004,1996,1998.0,1994.0,1990,-0.09419282089832733,0.050790489231918375,-0.08561386881491144,-0.008594256100194382,0.012139164778997524,0.014575921037530245,-0.1331306561085974,-0.19874398499306742,-0.10808004723030878,0.12724824249064184,0.08560957336951014,-0.048773664086542906,0.05890196078431365,-0.05319976298051989,0.17850227846120756,0.06445617179461634,-0.1847619344579215,0.012200952362739277,-0.14332407564851019,-0.20137617713869838,-0.06031149895062419,-0.18293758081579878,-0.21645146207243818,-0.12201055772320397,-0.19260730903957757,-0.3477303632713851,-0.15437307654124885,-0.06046020192533465
643.0,Russian Federation,812.01,735.78,650.6,559.25,458.2,484.19,435.8,443.96,416.66,471.02,516.31,527.45,546.02,566.02,585.82,601.67,619.74,634.39,625.5,590.19,616.77,650.93,682.51,670.44,684.08,684.75,707.43,720.85,739.89,2018.0, 739.89 ,-8.88,5.08,1995,1992,1995,,2004,1988.0,2019,1977,2011,2011,1997,2003.0,1994.0,1988,-0.09387815420992354,-0.11576830030715697,-0.1404088533661236,-0.18068842199374163,0.05672195547795725,-0.09994010615667401,0.018724185406149535,-0.06149202630867636,0.1304660874573992,0.09615302959534619,0.0215761848501871,0.03520712863778545,0.03662869491960002,0.034981096074343784,0.02705609231504542,0.03003307460900502,0.023638945364184944,-0.014013461750658091,-0.05645083932853708,0.0450363442281298,0.055385313812280054,0.04851520132733173,-0.017684722568167405,0.020344848159417672,0.0009794176119751476,0.03312157721796269,0.018970074777716627,0.026413262121106975
646.0,Rwanda,,,,,,,,,,,,,,,,18.0,,,,,,,,,,,,,,2005.0, 18.00 ,,2.04,2004,1980,1996,2005,2004,2001.0,2016,2006,2004,2002,,1998.0,1998.0,2000,,,,,,,,,,,,,,,,,,,,,,,,,,,,
662.0,Saint Lucia,,,,,0.61,,,,,,0.16,,,,,0.17,,,,,0.19,,,,,,,,,2010.0, 0.19 ,,1.09,1993,1982,1993,,2003,1993.0,2016,2002,,2002,1985,1997.0,1993.0,1991,,,,,,,,,,,,,,,,,,,,,,,,,,,,
670.0,Saint Vincent and the Grenadines,0.25,,,,0.29,,,0.32,,,0.29,,,,0.46,,,,,,,,,,,,,,,2004.0, 0.46 ,79.67,4.2,1996,1988,1996,,2004,1996.0,2016,,2010,2005,1993,1998.0,1996.0,2003,,,,,,,,,,,,,,,,,,,,,,,,,,,,
686.0,Senegal,,,,,,,,,,,41.96,,,,,39.63,,,,,,,,,,,,,,2005.0, 39.63 ,,3.57,1992,1977,1995,1988,2001,1993.0,2016,1977,2001,2003,1984,1995.0,1994.0,1976,,,,,,,,,,,,,,,,,,,,,,,,,,,,
688.0,Serbia,491.0,,,,,,,,388.0,,,,,,,,,,,,,,,,,,,,,1998.0, 388.00 ,-20.98,40.06,2000,2006,2002,2008,2007,2001.0,2017,1992,2009,2009,2001,2007.0,2001.0,2001,,,,,,,,,,,,,,,,,,,,,,,,,,,,
694.0,Sierra Leone,,,,,,,0.01,0.01,0.01,0.01,0.02,0.03,0.04,0.04,0.05,0.05,,,,,,,,,,,,,,2005.0, 0.05 ,,0.01,2016,1994,1995,,2006,2001.0,2016,2000,2016,2003,1994,1997.0,1995.0,2005,,,,,,,0.0,0.0,0.0,1.0,0.4999999999999999,0.3333333333333334,0.0,0.25000000000000006,0.0,,,,,,,,,,,,,
703.0,Slovakia,149.16,144.08,141.21,135.74,132.85,129.68,126.37,125.51,125.84,123.16,116.66,122.82,99.11,101.82,93.02,85.98,84.55,68.96,67.58,62.73,67.72,67.05,57.01,51.74,44.47,66.78,26.26,27.87,20.23,2018.0, 20.23 ,-86.44,3.71,1993,1993,1994,1995,2002,1993.0,2016,1993,2007,2002,1996,2002.0,1994.0,1993,-0.034057388039688816,-0.019919489172681874,-0.03873663338290488,-0.02129070281420373,-0.023861497929996145,-0.025524367674275156,-0.0068054126770594235,0.002629272567922861,-0.021296884933248623,-0.05277687560896395,0.05280301731527513,-0.19304673505943654,0.02734335586721818,-0.08642702808878411,-0.07568264889271116,-0.016631774831356208,-0.18438793613246604,-0.02001160092807418,-0.07176679490973663,0.07954726606089593,-0.009893679858239836,-0.14973900074571214,-0.09243992282055773,-0.14051024352531896,0.5016865302451091,-0.6067684935609463,0.061309977151561286,-0.27412988876928596
705.0,Slovenia,200.5,185.9,193.0,189.95,183.49,123.43,114.96,118.46,109.21,95.35,92.89,62.47,62.12,59.22,49.63,39.36,16.35,14.24,11.88,9.74,9.65,10.65,10.06,9.0,7.12,4.86,3.95,4.13,4.08,2018.0, 4.08 ,-97.96,1.97,1993,2000,1996,1999,2002,1992.0,2016,1991,1999,2004,1995,2001.0,1995.0,1992,-0.07281795511221942,0.03819257665411508,-0.015803108808290216,-0.03400894972361137,-0.3273202899340564,-0.06862189095033633,0.030445372303409882,-0.07808542968090496,-0.12691145499496384,-0.02579968536969055,-0.3274841210033373,-0.005602689290859635,-0.046683837733419165,-0.16193853427895974,-0.20693129155752574,-0.5846036585365854,-0.12905198776758417,-0.16573033707865165,-0.18013468013468018,-0.009240246406570828,0.10362694300518134,-0.055399061032863836,-0.1053677932405567,-0.20888888888888887,-0.3174157303370786,-0.18724279835390947,0.04556962025316448,-0.012106537530266302
90.0,Solomon Islands,,,,,,,,,,,0.27,,,,,,,,,,,,,,,,,,,2000.0, 0.27 ,,0.65,,2007,1996,,2003,1993.0,2016,,,2004,1997,1999.0,1994.0,1992,,,,,,,,,,,,,,,,,,,,,,,,,,,,
728.0,South Sudan,,,,,,,,,,,,,,,,,,,,,,,7.96,7.45,6.72,7.23,,,,2015.0, 7.23 ,,0.68,,,2014,,,2012.0,,2013,,,,2014.0,2014.0,2016,,,,,,,,,,,,,,,,,,,,,,,-0.06407035175879394,-0.09798657718120811,0.07589285714285725,,,
724.0,Spain,2116.56,2132.59,2109.31,2009.38,1961.42,1818.95,1594.48,1655.28,1528.36,1543.89,1421.84,1359.01,1501.81,1251.07,1277.56,1229.32,1096.88,1069.96,405.67,306.87,261.02,296.24,299.27,233.46,252.48,269.81,228.25,235.46,212.25,2018.0, 212.25 ,-89.97,4.55,1994,1986,1994,1985,2002,1988.0,2017,1982,2004,2004,1997,1996.0,1993.0,1982,0.007573610008693446,-0.010916303649552985,-0.04737568209509263,-0.02386805880420828,-0.07263615135972919,-0.12340636081255671,0.0381315538608198,-0.07667584940312218,0.010161218561072131,-0.07905355951525055,-0.0441892196027682,0.10507648950338846,-0.16695853669904984,0.021173875162860598,-0.037759479006856826,-0.10773435720560948,-0.02454233826854357,-0.6208549852330928,-0.2435477111938275,-0.1494118030436342,0.1349321891042833,0.010228193356737688,-0.21990176095164893,0.08147005911076836,0.06863910012674276,-0.15403432044772247,0.03158817086527933,-0.09857300603074835
144.0,Sri Lanka,,,,42.0,45.2,43.0,,,,,105.87,,,,,,,,,,,,,,,,,,,2000.0, 105.87 ,,5.64,1992,1979,1994,1990,2002,1989.0,2016,1990,2006,2005,1994,1998.0,1993.0,1980,,,,0.07619047619047625,-0.04867256637168148,,,,,,,,,,,,,,,,,,,,,,,
729.0,Sudan,,,,,,1.0,,,,,1.0,,,,,,,,,,,,,,,,,,,2000.0, 1.00 ,,0.04,2006,1982,1996,,2004,1993.0,2017,2005,2005,2006,1985,1995.0,1993.0,1974,,,,,,,,,,,,,,,,,,,,,,,,,,,,
752.0,Sweden,103.3,101.7,94.96,84.38,83.06,71.81,70.09,61.1,57.84,47.81,45.34,43.02,43.07,42.72,38.21,37.04,36.76,32.09,29.75,27.31,28.98,26.32,25.74,23.56,20.83,17.78,18.52,17.73,17.38,2018.0, 17.38 ,-83.18,1.74,1991,1974,1994,1983,2002,1988.0,2016,1975,2003,2002,1996,1995.0,1993.0,1985,-0.015488867376573033,-0.06627335299901681,-0.11141533277169334,-0.015643517421189777,-0.13544425716349626,-0.023952095808383218,-0.12826366100727637,-0.053355155482815025,-0.1734094052558783,-0.05166283204350552,-0.05116894574327305,0.0011622501162249456,-0.008126306013466483,-0.10557116104868909,-0.030620256477361992,-0.00755939524838016,-0.1270402611534275,-0.07291991274540364,-0.08201680672268911,0.061149761991944405,-0.09178743961352658,-0.022036474164133808,-0.08469308469308469,-0.11587436332767405,-0.14642342774843964,0.04161979752530925,-0.04265658747300211,-0.019740552735476674
756.0,Switzerland,36.63,36.33,33.9,28.98,26.23,26.04,24.59,21.31,22.05,19.16,16.33,17.14,14.92,15.14,14.88,13.9,13.17,11.47,11.59,10.26,10.38,8.35,8.63,7.99,7.29,5.66,5.22,5.03,4.99,2018.0, 4.99 ,-86.37,0.59,1990,1974,1995,1995,2003,1988.0,2017,1976,2002,2003,2009,1996.0,1993.0,1975,-0.008190008190008306,-0.06688687035507844,-0.1451327433628318,-0.09489302967563837,-0.007243614182234132,-0.05568356374807985,-0.1333875559170395,0.0347254809948382,-0.13106575963718822,-0.1477035490605429,0.04960195958358863,-0.12952158693115523,0.014745308310992,-0.017173051519154544,-0.06586021505376347,-0.05251798561151082,-0.12908124525436593,0.010462074978203941,-0.11475409836065574,0.011695906432748635,-0.195568400770713,0.033532934131736664,-0.07415990730011593,-0.08760951188986235,-0.22359396433470505,-0.07773851590106014,-0.036398467432950096,-0.00795228628230617
762.0,Tajikistan,34.0,31.0,28.1,25.0,15.0,12.0,8.0,8.0,7.0,8.0,8.0,9.0,9.0,9.0,10.0,10.0,10.0,8.0,10.0,8.0,9.0,,,,,,,,,2010.0, 9.00 ,-73.53,1.2,2016,2016,1998,2001,2008,1998.0,2017,2001,,2007,,1997.0,1998.0,1992,-0.08823529411764706,-0.09354838709677414,-0.11032028469750894,-0.4,-0.2,-0.3333333333333333,0.0,-0.125,0.14285714285714285,0.0,0.125,0.0,0.0,0.1111111111111111,0.0,0.0,-0.2,0.25,-0.2,0.125,,,,,,,,
764.0,Thailand,,,,,,,,,,,,,,,,,,,,,,,,573.03,,,,,,2013.0, 573.03 ,,8.41,1997,1983,2004,,2002,1989.0,2016,1998,2002,2005,2011,2001.0,1994.0,1987,,,,,,,,,,,,,,,,,,,,,,,,,,,,
626.0,Timor-Leste,,,,,,,,,,,,,,,,,,,,,0.4,,,,,,,,,2010.0, 0.40 ,,0.37,,,2007,,2008,2009.0,2017,,,,2013,2003.0,2006.0,2016,,,,,,,,,,,,,,,,,,,,,,,,,,,,
768.0,Togo,,,,,,0.13,,,,,8.35,,,,,8.26,,,,,,,,,,,,,,2005.0, 8.26 ,,1.47,2004,1978,1996,1996,2004,1991.0,2017,1995,2004,2004,1985,1995.0,1995.0,1998,,,,,,,,,,,,,,,,,,,,,,,,,,,,
776.0,Tonga,,,,,,,,,,,0.11,,,,,,0.16,,,,,,,,,,,,,2006.0, 0.16 ,,1.59,2010,2016,1998,,2008,1998.0,2016,,2010,2009,1995,1998.0,1998.0,2004,,,,,,,,,,,,,,,,,,,,,,,,,,,,
780.0,Trinidad and Tobago,8.75,,,,,,,,,,,,,,,,,,,,,,,,,,,,,1990.0, 8.75 ,0.00,7.17,1994,1984,1996,2018,1999,1989.0,2018,1993,2009,2002,1986,2000.0,1994.0,2005,,,,,,,,,,,,,,,,,,,,,,,,,,,,
788.0,Tunisia,,,,,77.86,,,,,,111.29,,,,,,,,,,,,,,,,,,,2000.0, 111.29 ,,11.46,1995,1974,1993,1987,2003,1989.0,2017,1981,2016,2004,1985,1995.0,1993.0,1975,,,,,,,,,,,,,,,,,,,,,,,,,,,,
792.0,Turkey,1687.31,1778.13,1814.51,1699.13,1757.29,1843.87,1976.16,2148.36,2183.58,2096.16,2237.5,1978.48,1867.65,1786.86,1777.11,2000.74,2157.6,2520.41,2555.63,2659.55,2554.54,2634.4,2699.91,1936.69,2146.03,1947.19,2250.98,2360.54,2524.42,2018.0, 2524.42 ,49.61,30.66,1994,1996,1997,,2009,1991.0,,1994,2017,2009,,1998.0,2004.0,1983,0.05382531959153929,0.020459696422646195,-0.06358741478415654,0.03422928204434025,0.0492690449498944,0.07174583891489107,0.0871386932232208,0.016393900463609355,-0.0400351715989339,0.06742805892679955,-0.1157631284916201,-0.05601775100076823,-0.04325756967311872,-0.005456499110170915,0.12583914332821272,0.0784009916330957,0.16815443084909157,0.013973916942084922,0.0406631632904607,-0.039484123253934016,0.031261988459761886,0.02486714242332211,-0.2826834968573026,0.10809164089245059,-0.09265480911264061,0.15601456457767343,0.04867213391500588,0.06942479263219438
795.0,Turkmenistan,,,,,1.45,,,,,,1.76,,,,2.43,,,,,,2.72,,,,,,,,,2010.0, 2.72 ,,0.54,1996,,1996,,1999,1993.0,2016,2009,,,,1996.0,1995.0,1994,,,,,,,,,,,,,,,,,,,,,,,,,,,,
798.0,Tuvalu,,,,,,,,,,,,,,,,,,,,,,,,,0.0,,,,,2014.0, 0.00 ,,0.08,,,2003,,1998,1993.0,2016,,,2004,2002,1998.0,1993.0,,,,,,,,,,,,,,,,,,,,,,,,,,,,,
800.0,Uganda,,,,,,,,,,,4.1,,,,,,,,,,,,,,,,,,,2000.0, 4.10 ,,0.17,1999,1991,1993,2000,2002,1988.0,2016,1988,2008,2004,1990,1997.0,1993.0,1987,,,,,,,,,,,,,,,,,,,,,,,,,,,,
804.0,Ukraine,1652.18,1362.99,1268.23,1228.68,1041.79,846.69,927.14,862.2,847.57,812.4,734.4,788.41,827.07,803.65,789.43,820.03,949.99,976.1,909.13,830.38,867.13,949.07,994.63,1016.02,879.96,750.57,800.81,724.28,787.83,2018.0, 787.83 ,-52.32,17.81,1999,1999,1995,1999,2004,1988.0,2016,1991,2002,2007,1999,2002.0,1997.0,1988,-0.17503540776428722,-0.0695236208629557,-0.031185195114450812,-0.15210632548751513,-0.1872738267789093,0.09501706645879829,-0.07004335914748576,-0.01696822083043377,-0.04149509775003843,-0.09601181683899557,0.07354302832244007,0.04903540036275553,-0.028316829288935728,-0.017694269893610438,0.0387621448386811,0.15848200675585045,0.0274844998368404,-0.06860977358877167,-0.08662127528516274,0.044256846263156624,0.09449563502589006,0.048004888996596606,0.021505484451504565,-0.13391468671876533,-0.14704077458066273,0.06693579546211531,-0.0955657396885653,0.08774230960402064
826.0,United Kingdom of Great Britain and Northern Ireland,3780.88,3609.35,3553.5,3215.33,2760.15,2467.91,2111.67,1740.71,1714.53,1330.27,1298.89,1208.22,1087.3,1059.49,901.47,779.6,736.83,640.66,536.03,437.18,454.07,419.51,464.21,400.18,325.37,254.63,182.09,177.96,162.86,2018.0, 162.86 ,-95.69,2.43,1994,1976,1994,1985,2002,1988.0,2016,1976,2004,2005,1997,1996.0,1993.0,1984,-0.045367745075220636,-0.015473700250737642,-0.09516532995638105,-0.14156556247725735,-0.10587830371537787,-0.1443488619925361,-0.17567138804832197,-0.015039840065260763,-0.22411972960519794,-0.02358919617821937,-0.06980575722347548,-0.10008111105593358,-0.025577117630828608,-0.14914723121501852,-0.1351903002873085,-0.054861467419189305,-0.13051857280512474,-0.16331595542097213,-0.18441132026192558,0.03863397227686533,-0.0761116127469333,0.10655288312555121,-0.13793326296288314,-0.18694087660552752,-0.2174140209607524,-0.28488394925971017,-0.022681091767807103,-0.08485052820858616
834.0,United Republic of Tanzania,162.13,,,,175.74,,,,,,,,,,,,,,,,,,,,,,,,,1994.0, 175.74 ,8.40,6.1,1993,1979,1996,1999,2002,1993.0,2018,2000,2002,2004,1985,1997.0,1996.0,1977,,,,,,,,,,,,,,,,,,,,,,,,,,,,
840.0,United States of America,20935.45,20298.46,20032.79,19752.47,19365.09,16891.16,16680.03,17089.76,17186.37,15917.26,14828.95,14452.3,13636.82,13433.48,13218.91,13195.59,11904.47,10613.36,9365.31,8245.48,7014.41,5877.38,4607.59,4420.73,4240.14,3342.3,2685.06,2548.0,2480.97,2018.0, 2480.97 ,-88.15,7.58,…,1974,…,,…,1988.0,2016,1987,,,,2000.0,1992.0,1973,-0.030426382045764557,-0.013088185015020758,-0.013993058380784688,-0.01961172450837799,-0.12775205279190543,-0.012499437575631338,0.024564104501011066,0.005653092846242463,-0.07384398217890101,-0.06837294861050203,-0.025399640567943207,-0.05642562083543793,-0.014911100975154043,-0.01597277846097956,-0.0017641394033244579,-0.09784481027373546,-0.10845589933865168,-0.11759235529558981,-0.11957212307974856,-0.14930240568165828,-0.16209916443435723,-0.21604694608822297,-0.04055482367137714,-0.040850719225105185,-0.21174772531095673,-0.19664303024863125,-0.05104541425517491,-0.026306907378336027
858.0,Uruguay,43.8,,,,34.9,,,,55.99,,49.4,,38.34,,52.5,,41.67,,51.04,,46.4,,59.5,,41.8,,26.0,24.5,,2017.0, 24.50 ,-44.06,7.13,1991,1975,1994,1990,2001,1991.0,2016,1984,2003,2004,1992,1999.0,1994.0,1989,,,,,,,,,,,,,,,,,,,,,,,,,,,-0.057692307692307696,
860.0,Uzbekistan,654.19,585.59,463.5,377.14,344.34,341.32,339.73,330.28,294.28,278.43,292.42,249.59,249.94,227.62,216.8,176.05,190.23,160.68,175.67,174.17,163.09,180.19,201.26,,,,,,,2012.0, 201.26 ,-69.23,6.83,1996,1997,1995,1998,1999,1993.0,2018,2002,,2019,,1995.0,1993.0,1993,-0.1048625017196839,-0.20849058214791924,-0.18632146709816616,-0.08697035583602909,-0.00877040134750532,-0.004658385093167628,-0.02781620698790229,-0.10899842557829721,-0.053860269131439334,0.050246022339546774,-0.14646740988988444,0.0014022997716254429,-0.08930143234376248,-0.04753536596081185,-0.18796125461254612,0.08054529963078658,-0.1553382747200756,0.09329101319392569,-0.008538737405362328,-0.06361600734914155,0.1048500827763811,0.11693212719906762,,,,,,
548.0,Vanuatu,,,,,,,,,,,0.0,,,,,,,,,,,,,,,,,,,2000.0, 0.00 ,,0.01,2019,1989,1993,,2001,1994.0,2016,2019,2018,2005,1999,1999.0,1993.0,2002,,,,,,,,,,,,,,,,,,,,,,,,,,,,
704.0,Viet Nam,,,,,1911.1,,,,,,9.86,,,,,,,,,,,,,,,,,,,2000.0, 9.86 ,,0.12,1995,1994,1995,,2002,1994.0,2016,1989,2007,2002,1994,1998.0,1994.0,1987,,,,,,,,,,,,,,,,,,,,,,,,,,,,
887.0,Yemen,,,,,,7.69,,,,,12.0,,,,,,,,,,515.0,,4.12,,,,,,,2012.0, 4.12 ,,0.17,1996,1997,1996,2006,2004,1996.0,,2008,2006,2004,1987,1997.0,1996.0,1980,,,,,,,,,,,,,,,,,,,,,,,,,,,,
894.0,Zambia,,,,,6.42,,,,,,6.16,,,,,,,,,,,,,,,,,,,2000.0, 6.16 ,,0.59,1994,1980,1993,,2006,1990.0,2016,1991,2011,2006,1983,1996.0,1993.0,1984,,,,,,,,,,,,,,,,,,,,,,,,,,,,
716.0,Zimbabwe,,,,,,,,,,,1.04,,,,,,1.63,,,,,,,,,,,,,2006.0, 1.63 ,,0.13,2012,1981,1995,2012,2009,1992.0,2017,2013,2012,2012,1993,1997.0,1992.0,1982,,,,,,,,,,,,,,,,,,,,,,,,,,,,
,,,,,,,,,,,,,,,,,,,,,,,,,,,,,,,,,,,,,,,,,,,,,,,,,,,,,,,,,,,,,,,,,,,,,,,,,,,,
