Country ID,Country,1990,1995,1996,1997,1998,1999,2000,2001,2002,2003,2004,2005,2006,2007,2008,2009,2010,2011,2012,2013,2014,2015,2016,2017,Footnotes 1990,Footnotes 1995,Footnotes 1996,Footnotes 1997,Footnotes 1998,Footnotes 1999,Footnotes 2000,Footnotes 2001,Footnotes 2002,Footnotes 2003,Footnotes 2004,Footnotes 2005,Footnotes 2006,Footnotes 2007,Footnotes 2008,Footnotes 2009,Footnotes 2010,Footnotes 2011,Footnotes 2012,Footnotes 2013,Footnotes 2014,Footnotes 2015,Footnotes 2016,Footnotes 2017,Unnamed: 50,Basel Convention,CITES,Convention on Biological Diversity,Convention on Migratory Species,Kyoto Protocol,Montreal Protocol,Paris Agreement,Ramsar Convention,Rotterdam Convention,Stockholm Convention,UN Convention on the Law of the Sea,UN Convention to Combat Desertification,UN Framework Convention on Climate Change,World Heritage Convention,2000 Percent Change,2001 Percent Change,2002 Percent Change,2003 Percent Change,2004 Percent Change,2005 Percent Change,2006 Percent Change,2007 Percent Change,2008 Percent Change,2009 Percent Change,2010 Percent Change,2011 Percent Change,2012 Percent Change,2013 Percent Change,2014 Percent Change,2015 Percent Change,2016 Percent Change
12.0,Algeria,18778.954711437225,185000,191273.87005138397,185000,233773.3050942421,252210.73447752,268773.3051018715,283461.0169682503,296273.87007522583,325000.0,316275.0000138283,323463.2768445015,328776.694917202,325100.0,333778.9547858238,333467.79658174515,331281.7796187401,327220.9038977623,321285.1694173813,313474.57617902756,303789.1241812706,292228.81342458725,278793.6439099312,263483.6156358719,,,,1,,,,,,1.0,,,,,,,,,,,,,,,,1998,1983,1995.0,2005,2005,1992.0,2016,1984,,2006,1996,1996.0,1993.0,1974,,,,,,,,,,,,,,,,,
20.0,Andorra,-115220.62132382393,-73389.70657002926,-66126.40934562683,-59230.740696668625,-52702.70062339306,-46542.289125323296,-40749.506202697754,-35324.35185563564,-30266.826083898544,-25576.928887963295,-21254.66026723385,-17300.020221948624,-13713.00875210762,-10493.625857949257,-7641.8715389966965,-5157.745795607567,-3041.2486275434494,-1292.3800350427628,88.85998177528381,976.0,2081.0,1788.0,1923.400024,1527.5,,,,,,,,,,,,,,,,,,,,,,2,2,2,,1999,…,2015.0,,,2009.0,2017,2012,,,,2002.0,2011.0,1997,,,,,,,,,,,,,,113.2172131147541,-14.07976934166266,7.572708277404923,-20.583342989497645
51.0,Armenia,273088.1759028435,283405.8918993473,288269.2937145233,294065.9817349911,286607,241596,381578.0,375500.0,377900.0,344095.0,351400.0,346325.0,352279.0,362275.0,437258.5313,441023.5625,435397.7813,462895.8125,470505.6875,579049.8125,576419.375,555076.5625,615470.625,543232.125,,,,,,,,,,,,,,,,,,3,,,,,,,,1999,2008,1993.0,2011,2003,1999.0,2017,1993,2003,2003,2002,1997.0,1993.0,1993,-1.5928591270985226,0.6391478029294274,-8.94548822439799,2.1229602290065244,-1.444223107569721,1.7191943983252724,2.8375236673205047,20.69795909185011,0.8610538000954099,-1.2756191909814405,6.31561123667123,1.6439714498389415,23.06967330761544,-0.454267913263507,-3.702653558444319,10.880312119105191,-11.737115804673865
40.0,Austria,-1144810.4304962158,-158371.73916625977,8457.570503234863,165134.07064056396,311657.76124191284,448028.6423110962,574246.7138366699,690311.9758415222,796224.4283103943,891984.0712432861,1013727.0,1053044.9285049438,961899.0,1173494.5476417542,1329984.0,1253332.9286346436,1472864.0,1292560.0715026855,1065888.0,1291175.9762382507,1272288.0,1249180.642829895,1260953.0,1166574.071296692,,,,,,,,,,,,,,,,,,,,,,,,,,1993,1982,1994.0,2005,2002,1989.0,2016,1983,2002,2002,1995,1997.0,1994.0,1992,,,,,,,,,,,,,,,,,
31.0,Azerbaijan,192110.09015369415,26998,18024,36097,33922,13030,26556.0,16437.0,9777.0,26861.0,11183.0,12831.0,29573.0,10471.0,24276.0,131839.0,139971.0,185676.0,296979.4063,202882.0,456625.0938,262556.5,632602.0,265970.0,,,,,,,,,,,,,,,,,,,,,,,,,,2001,1998,2000.0,,2000,1996.0,2017,2001,,2004,2016,1998.0,1995.0,1993,-38.104383190239496,-40.51834276327797,174.73662677713,-58.36714939875656,14.736653849593132,130.4808666510794,-64.59270280323268,131.84032088625727,443.0837040698632,6.168129309233231,32.65319244700688,59.944961276632405,-31.684825379759,125.06929831133368,-42.50064143102071,140.93937876228546,-57.956187302601
48.0,Bahrain,109466.20180606842,136000,138870,140000,140000,140000,140000.0,140000.0,140000.0,33616.0,33005.0,38202.0,38740.0,35008.0,-16474.79020166397,-43675.81017923355,-73003.59838867188,-104458.1548295021,-138039.47950172424,-173747.5724053383,-211582.43354082108,-251544.06290769577,-293632.4605059624,-337847.6263356209,,4,4,4,4,4,4.0,4.0,4.0,4.0,4.0,4.0,4.0,4,,,,,,,,,,,,1992,2012,1996.0,,2006,1990.0,2016,1998,2012,2006,1985,1997.0,1994.0,1991,0.0,0.0,-75.98857142857143,-1.8175868633983816,15.74609907589759,1.408303230197372,-9.63345379452762,,,,,,,,,,
50.0,Bangladesh,,,,,,,,,,,,,,19920.0,,,,,28946.0,,,,,,,,,,,,,,,,,,,,,,,,,,,,,,,1993,1981,1994.0,2005,2001,1990.0,2016,1992,,2007,2001,1996.0,1994.0,1983,,,,,,,,,,,,,,,,,
112.0,Belarus,198282.28790283203,90300,-4890.361183166504,-6788.466915130615,445.9994773864746,16813.037994384766,73043.0,99110.0,116854.0,123915.0,154200.0,192037.0,238833.5938,321728.625,522111.0313,760486.625,918200.0,943195.6875,1322792.125,1415421.625,1723974.75,1207797.75,1626610.0,1668060.0,,,,,,,,,,,,5.0,5.0,5,5,5,5,5,5,5,5,5,5,5,,1999,1995,1993.0,2003,2005,1988.0,2016,1991,,2004,2006,2001.0,2000.0,1988,35.68719795189136,17.903339723539503,6.042583052355932,24.44014041883549,24.53761348897536,24.368529918713584,34.708279468179235,62.2830518422164,45.65611132683226,20.73848110083461,2.722248693095186,40.24577747022407,7.00257419509509,21.79937903661745,-29.94109977538824,34.67569384029735,2.5482445085177146
56.0,Belgium,7434236.642989874,6659465.437568665,6502168.57148695,6344090.830405712,6185232.214325666,6025592.723245859,5865172.357167244,5703971.116089106,5541989.000012159,5379226.0089354515,5197467.0,5051357.401785135,4039064.0,4720365.29463768,5918821.0,4386249.687493563,4767299.0,4049010.5803523064,2785751.0,3708647.973214388,2961135.0,3365161.866079569,3812878.0,3018552.2589478493,,,,,,,,,,,,,6.0,,,,,,,,,,,,,1993,1983,1997.0,1990,2002,1988.0,2017,1986,2002,2006,1998,1997.0,1996.0,1996,,,,,,,,,,,,,,,,,
84.0,Belize,,,,,,691,775.0,,,,,,,,,,,,,,,,,,,,,,,7,7.0,,,,,,,,,,,,,,,,,,,1997,1986,1994.0,,2003,1998.0,2016,1998,2005,2010,1983,1998.0,1994.0,1990,,,,,,,,,,,,,,,,,
204.0,Benin,,,,,,,,,1698.0,,,,,,,,,,,,,,,,,,,,,,,,8.0,,,,,,,,,,,,,,,,,1997,1984,1994.0,1986,2002,1993.0,2016,2000,2004,2004,1997,1996.0,1994.0,1982,,,,,,,,,,,,,,,,,
60.0,Bermuda,-482.0744061199948,-64.0386913465336,7.229165880009532,74.38392786681652,137.42559460923076,196.3541661100462,251.16964236740023,301.8720233850181,348.46130915824324,390.93749968893826,429.3005949780345,463.55059502553195,493.68749982956797,519.7113093910739,541.6220237100497,559.419642788358,582.0,590.0,570.0,566.0,588.0,601.5,600.0,525.0,,,,,,,,,,,,,,,,,,,,,,9,9,9,,,,,,,,,,,,,,,,,,,,,,,,,,1.3745704467353952,-3.389830508474576,-0.7017543859649122,3.886925795053004,2.295918367346939,-0.2493765586034912,-12.5
64.0,Bhutan,,,,,,,,,,,,,,,,,,,,,,,,428.0,,,,,,,,,,,,,,,,,,,,,,,,,,2002,2002,1995.0,,2002,2004.0,2017,2012,,,,2003.0,1995.0,2001,,,,,,,,,,,,,,,,,
70.0,Bosnia and Herzegovina,-25663190.52609253,-14919986.675201416,-13110029.987335205,-11412967.993560791,-9828800.693939209,-8357528.088409424,-6999150.176940918,-5753666.959655762,-4621078.436462402,-3601384.60736084,-2694585.4723205566,-1900681.031463623,-1219671.2846984863,-651556.2319946289,10588.0,9632.0,10320.0,491957.03759765625,945923.0,386345.5076904297,8408.0,-170844.7985534668,-618781.9928894043,-1179613.8812561035,,,,,,,,,,,,,,,,,10,,,,10,,,,,2001,2009,2002.0,2017,2007,1993.0,2017,1992,2007,2010,1994,2002.0,2000.0,1993,,,,,,,,,-9.029089535323006,7.142857142857142,,,,,,,
100.0,Bulgaria,3802601.426925659,7848864.760650635,8525405.498825073,9157708.927474976,9745775.0466156,10289603.85621643,10789195.356307983,11244549.546829224,11655666.427871704,12022545.999389648,11897809.0,12623593.213851929,13551499.0,13047691.190216064,13042680.0,13294839.928482056,13553483.0,13365039.428665161,13407042.0,13258289.690719604,12206169.0,12974590.71470642,13328437.0,12513942.500595093,,,,,,,,,,,,,,,,,,,,,,,,,,1996,1991,1996.0,1999,2002,1990.0,2016,1976,2000,2004,1996,2001.0,1995.0,1974,,,,,,,,,,,,,,,,,
854.0,Burkina Faso,-10220.266525477171,-4782.778497099876,-3920.8451747000217,-3134.099946677685,-2422.5428131222725,-1786.173773944378,-1224.9928292036057,-738.9999788701534,-328.19522297382355,7.42143851518631,340.6000061,365.7999878,592.9000244,422.5,654.5999756,688.5,35.79999924,18.29999924,-355.4928567111492,-771.7571393847466,-1263.2095164954662,-1829.8499879837036,-2471.6785539090633,-3188.695214241743,,,,,,,,,,,,,,,,,,,,,,,,,,1999,1989,1993.0,1990,2005,1989.0,2016,1990,2002,2004,2005,1996.0,1993.0,1987,,,,,7.398702656687951,62.08311759817943,-28.74009401035876,54.93490546745562,5.178739025910836,-94.80029059694988,-48.882682601978736,,,,,,
132.0,Cabo Verde,,,,,,,,,,,,,,,,,,,,,3548.928955,,,,,,,,,,,,,,,,,,,,,,,,11,,,,,1999,2005,1995.0,2006,2006,2001.0,2017,2005,2006,2006,1987,1995.0,1995.0,1988,,,,,,,,,,,,,,,,,
120.0,Cameroon,-95725.55779862404,-42747.88284730911,-34346.91231060028,-26677.46325826645,-19739.535690307617,-13533.129606962204,-8058.245008230209,-3314.8818933963776,696.9597365856171,3977.279881954193,5785.5,9429.799805,10193.90039,8376.099609,9283.299805,8716.599609,6456.919335365295,3885.0676050186157,581.694390296936,-3453.2003090381622,-8219.616492271423,-13717.55416059494,-19947.013313293457,-26907.993950605392,,,,,,,,,,,,,,,,,,,,,,,,,,2001,1981,1995.0,1983,2002,1989.0,2016,2006,2002,2009,1985,1997.0,1994.0,1982,,,,,62.99023083570997,8.103041430368945,-17.832239981305133,10.830819096578388,-6.104512489134242,,,,,,,,
156.0,China,37812697.6295166,17053538.414794922,9930000,10100000,9740000,10150000,8300000.0,9520000.0,10010000.0,11700000.0,9950000.0,11620000.0,10840000.0,10790000.0,13570000.0,14300000.0,15867500.0,34312200.0,34652400.0,31568900.0,36335200.0,39761100.0,53473000.0,69368896.0,,,,,,,,,,,,,,,,,,12,,,,,,,,1991,1981,1993.0,,2002,1991.0,2016,1992,2005,2004,1996,1997.0,1993.0,1985,14.698795180722891,5.147058823529411,16.883116883116884,-14.957264957264956,16.78391959798995,-6.712564543889846,-0.4612546125461254,25.7645968489342,5.379513633014001,10.961538461538462,116.24200409642351,0.9914840785493206,-8.898373561427203,15.098087041360325,9.428598163764065,34.48571593844235,29.726957529968395
344.0,China Hong Kong Special Administrative Region,103315.22036658227,97066,79405,79533,61166,72140,91637.0,77078.0,64131.0,59238.0,47640.0,47133.0,59047.0,60657.0,56865.0,54812.0,40828.0,36151.0,33916.0,32688.0,31838.0,33738.0,27787.93534000963,25262.447575584054,,,,,,,,,,,,,,,,,,,,,,,,,,,,,,,,,,,,,,,,-15.8876872878859,-16.797270297620592,-7.629695467090798,-19.57864884027145,-1.0642317380352646,25.277406488023253,2.7266414889833523,-6.251545575943419,-3.610305108590522,-25.51266146099394,-11.455373763103752,-6.1824015933169205,-3.620709989385541,-2.6003426333822808,5.967711539669577,,
446.0,China Macao Special Administrative Region,4945.182192742825,3352.258509993553,3314.5684211850166,4179,3854,3905,4188.0,4545.0,5249.0,5924.0,5870.0,5929.0,6499.0,6369.0,8826.0,11705.0,12419.0,17573.0,17683.0,17252.0,20157.0,23668.0,21129.0,19798.0,,,,13,13,13,13.0,13.0,13.0,13.0,13.0,13.0,13.0,13,13,13,13,13,13,13,13,13,13,13,,,,,,,,,,,,,,,,8.524355300859598,15.48954895489549,12.859592303295866,-0.9115462525320728,1.0051107325383306,9.613762860516108,-2.000307739652254,38.577484691474325,32.6195331973714,6.099957283212302,41.500926000483126,0.6259602799749616,-2.4373692246790704,16.8386274055182,17.418266607133997,-10.727564644245396,-6.299398930380046
191.0,Croatia,794540.0749299526,624930.2667913437,593154.9302175045,562095.1353292465,531750.8821251392,502122.17060637474,473209.00077176094,445011.37262248993,417529.28615808487,390762.7413780689,113298.0,339376.2768726349,771116.0,290851.9791069031,221145.0,245189.8480796814,72553.0,202389.88379192352,121419.0,162452.08624315262,130239.0,125376.45543336868,174325.0,91162.99136352539,,,,,,,,,,,,,,,,,,,,,,,,,,1994,2000,1997.0,2000,2007,1992.0,2017,1991,2007,2007,1995,2000.0,1996.0,1992,,,,,,,,,,,,,,,,,
192.0,Cuba,27175.834712982178,597502.7997779846,681091.0314826965,754520.2094192505,817790.3335914612,870901.4039878845,913853.4206199646,946646.383480072,969280.2925720215,981755.147895813,613836.0,941389.0,1253673.0,1417308.0,891743.6179695129,843264.1506767273,660756.0,500651.0,565216.0,496570.0,412100.0,302860.0,230897.0,235098.0,,,,,,,,,,,,,,,,,,,,,,,,,,1994,1990,1994.0,2008,2002,1992.0,2016,2001,2008,2007,1984,1997.0,1994.0,1981,,,,,53.36164708488912,33.17268419325061,13.052446690644212,,,,-24.23057830727228,12.89620913570531,-12.145091434071222,-17.010693356425076,-26.508129094879884,-23.76114376279469,1.8194259778169488
196.0,Cyprus,1158739.7151317596,631704.0005092621,545785.0718784332,466362.214679718,393435.42891311646,327004.71457862854,267070.0716781616,213631.500207901,166689.00016784668,126242.571559906,111117.0,64837.9286441803,16961.0,29417.571451187134,23786.0,19981.49998855591,23770.0,36529.714250564575,31069.0,79062.21424293518,173050.0,147578.99995803833,159080.0,242080.07140350342,,,,,,,,,,,,,,,,,,,,,,,,,,1992,1974,1996.0,2001,1999,1992.0,2017,2001,2004,2005,1988,2000.0,1997.0,1975,,,,,,,,,,,,,,,,,
203.0,Czechia,-169938.28817749023,618979.0938568115,745456.9988021851,861499.7132606506,967107.2372207642,1062279.5707015991,1147016.7136955261,1221318.6661949158,1285185.4282112122,1338616.9997406006,1446021.0,1414174.5713310242,1307080.0,1447991.3809661865,1510496.0,1440067.4286575317,1362864.0,1390402.714389801,1481281.0,1298997.238166809,1162342.0,1165851.0000038147,1088714.0,990963.9998779297,,,,,,,,,,,,,,,,,,,,,,,,,,1993,1993,1994.0,1994,2001,1993.0,2017,1993,2000,2002,1996,2000.0,1993.0,1993,,,,,,,,,,,,,,,,,
208.0,Denmark,90734.35794448853,-105307.11552810669,-111600.64236831665,-106922.57991027832,-91272.92816925049,-64651.687145233154,-27058.856826782227,21505.5627784729,81041.57166290283,151549.16984558105,319672.0,325479.134059906,372892.0,543295.4554290771,419646.0,804998.1339416504,1224795.0,1110587.1696014404,1216905.0,1460062.5624198914,1715907.0,1853424.3123817444,2010740.0,2290672.419490814,,,,,,,,,,,,,,,,,,,,,,,,,,1994,1977,1994.0,1983,2002,1988.0,2016,1978,2004,2003,2004,1995.0,1993.0,1979,,,,,,,,,,,,,,,,,
212.0,Dominica,,,,,,,,,627.0,,,,,,,,,,,,,,,,,,,,,,,,,,,,,,,,,,,,,,,,,1998,1995,1994.0,,2005,1993.0,2016,,2005,2003,1991,1997.0,1993.0,1995,,,,,,,,,,,,,,,,,
233.0,Estonia,1740220.2054195404,3640107.218360901,4004692.210100174,4364146.398220062,4718469.782726288,5067662.363613129,5411724.140878677,5750655.114532471,6084455.284570694,6413124.6509895325,7333269.0,7055070.972978592,6618811.0,7676494.080495834,7538297.0,8277393.973548889,8961708.0,8857770.652135849,9159139.0,9417624.116249084,10410321.0,9956954.36590004,9682164.0,10475761.401079178,,,,,,,,,,,,,,,,,,,,,,,,,,1992,1992,1994.0,2008,2002,1996.0,2016,1994,2006,2008,2005,2012.0,1994.0,1995,,,,,,,,,,,,,,,,,
242.0,Fiji,55195.133058309555,30354.274072885513,26341.03595674038,22646.109067440033,19269.493405342102,16211.188970208168,13471.19576203823,11049.51378083229,8946.143026709557,7161.083499312401,5694.3351991176605,4545.898125886917,3928.290039,2957.429932,3276.389893,3682.02002,3510.189941,3946.790039,2883.409912,6678.572754,10765.0166,11920.83594,12956.52051,14332.50684,,,,,,,,,,,,,,,,,,,,,,,,,,,1997,1993.0,2013,1998,1989.0,2016,2006,,2001,1982,1998.0,1993.0,1990,,,,,,,-24.714572940422336,10.78503864280224,12.380398555941948,-4.666733968491563,12.438076153668742,-26.942910985693807,131.6206490865389,61.18738234232016,10.736809639476078,8.688019659131383,10.620029728953824
246.0,Finland,3835197.7905197144,3195028.219947815,3085184.788045883,2981404.8502140045,2883688.4064540863,2792035.4567661285,2706446.001148224,2626920.0396003723,2553457.572124481,2486058.598718643,2153103.0,2369451.134120941,2710948.0,2277097.645801544,2163268.0,2208998.133769989,2559417.0,2165152.598022461,1653942.0,2145561.03855896,1998693.0,2150223.455379486,2388490.0,2179139.848482132,,,,,,,,,,,,,,,,,,,,,,,,,,1991,1976,1994.0,1989,2002,1988.0,2016,1975,2004,2002,1996,1995.0,1994.0,1987,,,,,,,,,,,,,,,,,
250.0,France,-9300601.01828003,-1101264.968902588,290961.8479003906,1600641.8669433594,2827775.0883789062,3972361.512023926,5034401.138000488,6013893.966308594,6910839.996887207,7725239.229797363,8764275.0,9106397.3024292,8888747.0,10157368.18435669,10892900.0,10878151.875457764,11538134.0,11268748.37576294,11303137.0,11329157.685302734,10782969.0,11059379.803955078,11010282.0,10459414.731903076,,,,,,,,,,,14.0,,14.0,,,,,,,,,,,,,1991,1978,1994.0,1990,2002,1988.0,2016,1986,2004,2004,1996,1997.0,1994.0,1975,,,,,,,,,,,,,,,,,
254.0,French Guiana,81567.47228682041,46433.56085276604,40584.35898602009,35127.68392586708,30063.535672187805,25391.9142254591,21112.819585442543,17226.25175201893,13732.210725307465,10630.696505069733,7921.709091663361,5605.248484969139,3230.0,2366.0,532.0,628.0,611.0,673.0,863.0,676.0,1689.0,1189.0,8577.0,8424.812124609947,,,,,,,,,,,,,15.0,15,,,,,,,,,,,,,,,,,,,,,,,,,,,,,,,,-26.74922600619195,-77.51479289940828,18.045112781954884,-2.707006369426752,10.147299509001636,28.231797919762258,-21.668597914252608,149.85207100591714,-29.60331557134399,621.3624894869638,
276.0,Germany,21243685.72657776,20719020.780590057,20659604.72014618,20615360.969291687,20586289.528022766,20572390.396339417,20573663.574237823,20590109.061725616,20621726.85879898,20668516.965450287,20000026.0,20807614.107528687,21705416.0,21007400.487937927,22323152.0,21267876.106700897,19931452.0,21589040.96379471,21983896.0,21970895.059238434,21812660.0,22413438.39302063,23039154.0,22916670.965148926,,,,,,,,,,,,,,,,,,,,,,,,,,1995,1976,1994.0,1984,2002,1988.0,2016,1976,2001,2002,1994,1996.0,1993.0,1976,,,,,,,,,,,,,,,,,
300.0,Greece,459916.51402556896,401111.0498640537,390269.8855986595,379735.3641887903,369507.48563432693,359586.2499357462,349971.6570928097,340663.7071055174,331662.3999737501,322967.73569762707,336075.0,306498.33571231365,274954.0,291255.5071492195,252955.0,277239.2500088215,291773.0,264449.56429100037,297370.0,252886.44999539852,221041.0,242549.9071224928,237841.59996950626,233439.93567204475,,,,,,,,,,,,,,,,,,,,,,,,,,1994,1992,1994.0,1999,2002,1988.0,2016,1975,2003,2006,1995,1997.0,1994.0,1981,,,,,,,,,,,,,,,,,
312.0,Guadeloupe,91521.82331216335,51519.758043169975,44991.32401025295,38953.549651026726,33406.43496572971,28349.97995388508,23784.18461585045,19709.048951387405,16124.572960495949,13030.756643533707,10427.600000023842,8315.103030443192,10126.0,5738.0,1574.0,844.0,7488.0,1983.0,9059.0,11859.0,11670.0,22005.0,10024.0,21236.59393942356,,,,,,,,,,,,,15.0,15,,,,,,,,,,,,,,,,,,,,,,,,,,,,,,,,-43.333991704523015,-72.56883931683514,-46.37865311308767,787.2037914691944,-73.5176282051282,356.833081190116,30.908488795672813,-1.593726283835062,88.56041131105398,-54.446716655305615,
320.0,Guatemala,2180690.69222641,1446298.9251937866,1317210.8921661377,1194052.9659309387,1076825.1464881897,965527.4338378906,860159.8279800415,556244.0,626895.0,648331.0,622030.0,598960.0,822456.0,847.0,1079.300049,36.40000153,301350.0,30.89999962,14.10999966,17247.63086,20363.63086,11414.62988,4883.629883,15563.62988,,,,,,,,,,,,,,,16,16,16,16,,16,16,16,16,16,,1995,1979,1995.0,,1999,1989.0,2017,1990,2010,2008,1997,1998.0,1995.0,1979,,12.701440375087191,3.4193924022364195,-4.0567241116034864,-3.708824333231516,37.31401095231735,-99.89701576740885,27.42621593860684,-96.62744372487283,827784.5805861702,-99.98974614248549,-54.33657011805491,122136.93320769368,18.06624936081221,-43.94599883254808,-57.216046999852445,218.6897912591056
348.0,Hungary,5506314.074577332,3664662.5404548645,3346924.8586730957,3046051.385242462,2762042.120159149,2494897.0634269714,2244616.2150382996,2011199.5750045776,1794647.1433181763,1594958.9199752808,1364493.0,1246175.0983390808,1300126.0,964848.1100997925,670613.0,750977.9552536011,540599.0,604564.6338005066,700246.0,525608.1457443237,596554.0,514108.4910774231,457139.0,570065.6698150635,,,,,,,,,,,6.0,,6.0,,6,,,,,,,,,,,1990,1985,1994.0,1983,2002,1989.0,2016,1979,2000,2008,2002,1999.0,1994.0,1985,,,,,,,,,,,,,,,,,
352.0,Iceland,-68165.98562037945,-25790.066022753716,-18594.649958610535,-11825.823179721832,-5483.58568584919,432.06252241134644,5921.121445894241,10983.591084122658,15619.471437215805,19828.762504935265,8501.0,26967.576785206795,29897.099997639656,32400.03392481804,90484.0,36126.13392353058,8304.0,38145.87678182125,16263.0,38459.26249909401,36250.0,37066.29107606411,47857.0,33966.9625120163,,,,,,,,,,,,,,,,,,,,,,,,,,1995,2000,1994.0,,2002,1989.0,2016,1978,,2002,1985,1997.0,1993.0,1995,,,,,,,,,,,,,,,,,
356.0,India,6411638.913923264,6886729.384780884,6966390.358375549,7040932.291778564,7110355.184988022,7174659.038011551,7243750.0,7287909.623472214,7336856.355913162,7380684.04816246,7419392.700220108,7452982.312086105,8140000.0,7504804.415241241,6232507.0,7536150.357625961,7544144.768529892,7903628.0,7900000.0,7537413.760091782,7423002.0,7803517.0,7484611.389923096,7172762.0,,,,,,,,,,,,,,,,,,,,,,,,,,1992,1976,1994.0,1983,2002,1992.0,2016,1982,2005,2006,1995,1996.0,1993.0,1977,,,,,,,,,,,,-0.045902970129667,,,5.126160547983147,,
368.0,Iraq,-1254475.891860962,-737081.5467720032,-649124.0898170471,-566340.436876297,-488730.5879573822,-416294.54305648804,-349032.3021812439,-286943.8653202057,-230029.23247909546,-178288.4036617279,-131721.37886047363,-90328.15807914734,-54108.74132156372,-23063.128578186035,2521.300049,23506.68484687805,15546.0,49381.28218841553,119425.0,54560.66345214844,7149.600098,20622.0,29737.0,16191.0,,,,,,,,,,,,,,,17,,,,,,,,18,19,,2011,2014,2009.0,2016,2009,2008.0,,2008,2017,2016,1985,2010.0,2009.0,1974,,,,,,,,,,,,,,,188.43571272984508,44.20036853845408,-45.5526784813532
372.0,Ireland,-4749283.006164551,-2122822.3487319946,-1691521.7887649536,-1291551.752632141,-922912.2403411865,-585603.2518844604,-279624.7872695923,-4976.846473693848,238340.5704650879,450327.4635696411,724345.0,780309.6782608032,708791.0,984969.7976150513,743418.0,1064307.8216018677,1972204.0,1018323.7502365112,478706.0,847017.5835342407,482907.0,550389.321472168,533987.0,128438.96405029297,,,,,,,,,,,,,6.0,,,,,,,,,,,,,1994,2002,1996.0,1983,2002,1988.0,2016,1985,2005,2010,1996,1997.0,1994.0,1991,,,,,,,,,,,,,,,,,
380.0,Italy,-433417.7153739929,2298485.8564224243,2799113.785057068,3284490.785118103,3754616.856613159,4209491.999526978,4649116.2138671875,5073489.499633789,5482611.856834412,5876483.285449982,6134449.0,6618473.356975555,7464670.0,7299459.714195251,6878155.0,7919442.357128143,8543415.0,8478421.285766602,8987032.0,8976396.500102997,8877164.0,9413368.000152588,9706964.0,9789335.785900116,,,,,,,,,,,,,,,,,,,,,,,,,,1994,1979,1994.0,1983,2002,1988.0,2016,1977,2002,,1995,1997.0,1994.0,1978,,,,,,,,,,,,,,,,,
388.0,Jamaica,10000.0,10000.0,10000,10000,10000,10000,10000.0,10000.0,10000.0,10000.0,10000.0,10000.0,10000.0,10000.0,10000.0,10000.0,10000.0,10000.0,10000.0,10000.0,10000.0,10000.0,10000.0,10000.0,,,,,,,,,,,,,,,,,,,,,,,,,,2003,1997,1995.0,,1999,1993.0,2017,1998,2002,2007,1983,1997.0,1995.0,1983,0.0,0.0,0.0,0.0,0.0,0.0,,,,,,,,,,,
400.0,Jordan,-7165029.109725952,-3557505.337234497,-2969475.6616516113,-2425937.6790161133,-1926891.3893585205,-1472336.7926635742,-1062273.8889465332,-696702.6781921387,-375623.1604156494,73616.70313,33431.80078,71404.29688,463777.9810333252,562399.0339508057,1293804.375,108403.3984,61962.10156,1230440.625,388128.9041290283,47400.0,6979.001419067383,-250333.4893951416,-552137.6731719971,-898433.5499267578,,,,,,,,,,,,,,,2021,20,20,2021,,,,,,,,1989,1978,1994.0,2001,2003,1989.0,2016,1977,2002,2004,1995,1996.0,1993.0,1975,,,,-54.58666395184437,113.58196451899292,,,,-91.62134550673474,-42.84118166538956,1885.7955008329125,,,,,,
398.0,Kazakhstan,4101041244.9375,2678144428.3046875,2432291268.0546875,2199346842.171875,1979311150.6445312,1772184193.4726562,1577965970.671875,1396656482.2226562,1228255728.1328125,1072763708.4101562,701317632.0,1684318464.0,263971104.0,261188000.0,453372992.0,227555008.0,303116992.0,420668288.0,355952512.0,382214304.0,337414784.0,251565600.0,151391104.0,126874304.0,,,,,,,,,,,,,,,,,,,,,,,,,,2003,2000,1994.0,2006,2009,1998.0,2016,2007,2007,2007,,1997.0,1995.0,1994,,,,,140.16485357664584,-84.32772010507391,-1.0543214608823244,73.58109560929293,-49.80843322930008,33.206029902009455,38.78083350734755,-15.384039597489222,7.37789202622624,-11.72104746765312,-25.443219464859013,-39.82042695821686,-16.194346531748653
404.0,Kenya,,,,,,,,,,,,,,,,,,,,,,,,38347.19922,,,,,,,,,,,,,,,,,,,,,,,,22,,2000,1978,1994.0,1999,2005,1988.0,2016,1990,2005,2004,1989,1997.0,1994.0,1991,,,,,,,,,,,,,,,,,
414.0,Kuwait,,,,,,,,,,,,,,,,,,,,,,,,4955.0,,,,,,,,,,,,,,,,,,,,,,,,,,1993,2002,2002.0,,2005,1992.0,2018,2015,2006,2006,1986,1997.0,1994.0,2002,,,,,,,,,,,,,,,,,
417.0,Kyrgyzstan,3368555.5551452637,472293,627300,6270199,5910375,6070125,6304093.0,6229596.0,6512801.0,6421306.0,6410924.0,6206201.0,5827043.0,5546316.0,5581166.0,5683650.0,5806791.5,10152943.0,4930215.5,7957259.5,10223015.0,10498943.0,12377486.0,12648247.0,,,,,,,,,,,,,,,,,,,,,,,23,23,,1996,2007,1996.0,2014,2003,2000.0,,2003,2000,2006,,1997.0,2000.0,1995,-1.1817243178360473,4.5461214499303,-1.4048486972041676,-0.1616805054921849,-3.193346232149999,-6.109341286239359,-4.817657944175116,0.6283450131582837,1.8362471211212852,2.166591890774414,74.84600575033562,-51.44052813061199,61.39780299664386,28.474068239197177,2.699086326294151,17.8926869114348,2.1875282266528115
428.0,Latvia,-413858.78598070145,-212392.7888469696,-178232.21442222595,-146115.84833335876,-116043.69057893753,-88015.74115848541,-62032.000072956085,-38092.46732187271,-16197.14290523529,3653.973177433014,16955.0,37223.58033943176,65333.0,62616.35416316986,67462.0,79832.29464864731,67906.0,88871.40179634094,95114.0,89733.67560768127,104142.0,82419.11607980728,66230.0,66927.72321414948,,,,,,,,,,,,,,,,,,,,,,,,,,1992,1997,1996.0,1999,2002,1995.0,2017,1995,2003,2004,2004,2002.0,1995.0,1995,,,,,,,,,,,,,,,,,
422.0,Lebanon,-1208756.9994125366,-291504.49980163574,-171779.4998550415,-73296.33323669434,3945,59944.50003051758,94702.16667175293,108218.0,100492.0,71524.16664123535,21314.49998474121,-50137.0,-142830.3333053589,-256765.49993896484,-391942.4999008179,-548361.3331832886,-726021.999786377,-924924.4997253418,-1145068.8329849243,-1386454.9995651245,-1649082.9994812012,-1932952.832725525,-2238064.4992904663,-2564417.9991760254,,,,,24,,,,,,,,,,,,,,,,,,,,,1994,2013,1995.0,2019,2006,1993.0,,1999,2006,2003,1995,1996.0,1994.0,1983,,-7.139292908758248,,,,,,,,,,,,,,,
438.0,Liechtenstein,-2509.321431219578,11029.832827448845,13070.798760354519,14889.476386845112,16485.865707218647,17859.96672129631,19011.779428958893,19941.303830444813,20648.53992563486,21133.487714588642,21396.147197127342,21436.51837348938,10555.60938,46453.41406,7712.008789,8160.270996,28180.92969,17465.87305,14070.89746,14330.74902,11506.64063,7795.181152,8660.169922,4582.484599351883,,,,,,,,,,,,,25.0,25,25,25,25,25,25,25,25,25,25,,,1992,1979,1998.0,1997,2004,1989.0,2017,1991,2004,2004,,1999.0,1994.0,,,,,,,,340.0827312539297,-83.39840258233971,5.812521993483425,245.3430615700597,-38.022367458665634,-19.43776632454109,1.846730535409638,-19.70663491530465,-32.25493519214913,11.096455016674884,
440.0,Lithuania,146740.6429977417,106528.96138906479,101152.5714981556,96664.83041667938,93065.73814606667,90355.29468560219,88533.50003480911,87600.35419464111,87555.85716485977,88400.00894451141,89670.0,92754.25893545151,95178.0,100663.10416674614,115719.0,112126.54463863373,105323.0,127144.58035182953,136786.0,145717.21130514145,165477.0,167844.43749904633,175950.0,193526.25893425941,,,,,,,,,,,,,,,,,,,,,,,,,,1999,2001,1996.0,2002,2003,1995.0,2017,1993,2004,2006,2003,2003.0,1995.0,1992,,,,,,,,,,,,,,,,,
442.0,Luxembourg,-445424.0714483261,-193571.824426651,-148673.14287948608,-105598.38395023346,-64347.54764032364,-24920.633949756622,12682.357122898102,48461.42557668686,82416.57141113281,114547.79462623596,123852.0,173338.4732017517,233895.0,224833.4613008499,199115.0,269032.7589249611,380072.0,305936.36607313156,315082.0,335544.28274583817,237180.0,357856.5089440346,427440.0,372873.04466581345,,,,,,,,,,,,,,,,,,,,,,,,,,1994,1983,1994.0,1983,2002,1988.0,2016,1998,2002,2003,2000,1997.0,1994.0,1983,,,,,,,,,,,,,,,,,
450.0,Madagascar,287861.900346756,101512.90012931824,75763.15009880066,53853.41673660278,35783.70004463196,21554,11164.316674232483,4614.649993896484,1905.0,3035.3666467666626,8005.749978065491,16816.14998149872,29466.566653251648,45957.0,66287.45001029968,90457.91669368744,118468.40004730225,150318.90007305145,186009.41676807404,225539.95013332367,268910.5001707077,316121.06687641144,367171.6502532959,422062.2503013611,,,,,,26,,,26.0,,,,,,,,,,,,,,,,,1999,1975,1996.0,2007,2003,1996.0,2016,1999,2004,2005,2001,1997.0,1999.0,1983,,,,,,,,,,,,,,,,,
458.0,Malaysia,-2917012.2973594666,-1300663.3297615051,-1006762.7944107056,-722652.0117797852,-448330.9818725586,378610.75,344550.3438,420198.0,460866.0,460865.75,469584.0625,548916.125,1103457.0,1138839.5,1304898.75,1705308.125,3087496.75,3281569.25,2854516.75,2965611.75,2354674.25,2918478.25,2766613.5,2017281.0,,,,,,,,,,,,,,,,,,,,,,,,,,1993,1977,1994.0,,2002,1989.0,2016,1995,2002,,1996,1997.0,1994.0,1988,21.955472563368268,9.678294518298516,-5.424570265543563e-05,1.8917249763081765,16.894113074802235,101.02470117816269,3.2065137110009725,14.581444531911652,30.68509146782461,81.05213390688559,6.285755604439097,-13.013667165487972,3.8919021932521503,-20.60072428563853,23.944033872201217,-5.203559423476944,-27.084827714460296
470.0,Malta,559343.4292297363,312990.9289331436,272851.5717420578,235755.92883872986,201704.0002260208,170695.78590011597,142731.28586292267,117810.50011730194,95933.42865943909,77100.0714893341,44105.0,48564.500019073486,51012.0,32203.785705566406,55267.0,28017.928547859192,24856.0,36006.92854690552,37987.0,56170.78569984436,36654.0,88509.50001049042,134001.0,133023.07147789001,,,,,,,,,,,6.0,,6.0,,6,,,,,,,,,,,2000,1989,2001.0,2001,2001,1988.0,2016,1989,2017,2017,1993,1998.0,1994.0,1978,,,,,,,,,,,,,,,,,
474.0,Martinique,146003.93102025986,83296.67693018913,72911.31002855301,63244.6377658844,54296.660142183304,46067.377157211304,38556.7888109684,31764.895104169846,25691.69603586197,20337.191606283188,15701.38181567192,11784.26666378975,10181.0,4720.0,3443.0,3476.0,4109.0,1536.0,4707.0,3507.0,17169.0,8049.0,15747.0,20837.066673994064,,,,,,,,,,,,,15.0,15,,,,,,,,,,,,,,,,,,,,,,,,,,,,,,,,-53.63913171594146,-27.055084745762716,0.9584664536741214,18.21058688147296,-62.6186420053541,206.4453125,-25.493945188017847,389.5637296834902,-53.118993534859335,95.63920983973163,
480.0,Mauritius,-25348.952693141997,-15262.870056316257,-13307.83252454549,-11373.521324656904,-9459.936456620693,-7567.077920466661,-5694.945716157556,-3843.539843738079,-2012.860303170979,900.0,1586.319782346487,3354.820327311754,5102.594540394843,7116.0,7330.0,7549.0,7776.0,17052.0,17734.0,18443.0,19181.0,19948.0,20746.0,21576.0,,,,,,,,,,,,,,,,,,,,,,,,,,1992,1975,1993.0,2004,2001,1992.0,2016,2001,2005,2004,1994,1996.0,1992.0,1995,,,,,,,,3.0073074761101743,2.987721691678036,3.007020797456617,119.29012345679013,3.999530846821487,3.997970001127777,4.001518191183648,3.998748761795527,4.000401042711048,4.000771233008773
492.0,Monaco,-135.24455917067826,328.0499878,328.2449951,263,284.322998,341.9289856,304.9649963,348.9750061,568.0139771,794.1799927,642.1799927,459.2099915,456.4869995,583.6339722,681.5999756,400.8869934,493.15402599424124,468.7226905953139,438.972187127918,293.4400024,300.5,309.9100037,383.269989,201.6699982,,,,,,,,,,,,,,,,,,,,,,,,,,1992,1978,1993.0,1993,2006,1993.0,2016,1997,,2004,1996,1999.0,1992.0,1978,14.431167620531268,62.76637786983338,39.8169806938013,-19.139238132056256,-28.492012096284043,-0.5929731605153841,27.85336117770425,16.785521074230566,-41.18441787690698,,,,,2.4059424557856306,3.1314488186356084,23.6713834416956,-47.38174029065448
504.0,Morocco,-197453.05772161484,-19067.250014781952,11771.68460226059,40997.87691164017,68611.32691431046,94612.03460788727,119000.0,141775.22307300568,162937.70384407043,182487.44230604172,200424.43846082687,216748.6923084259,231460.20384693146,244558.97307920456,256045.0,265918.2846183777,274178.82692575455,280826.62692546844,285861.6846179962,289284.0,291093.57307863235,291290.40384721756,289874.4923071861,286845.83846092224,,,,,,,,,,,,,,,,,,,,,,,,,,1995,1975,1995.0,1993,2002,1995.0,2016,1980,2011,2004,2007,1996.0,1995.0,1975,,,,,,,,,,,,,,,,,
104.0,Myanmar,18872.399987608194,11679.257135301828,10450.199993282557,9290.999994039536,8201.65713763237,7182.171424001455,6232.542853236198,5352.77142521739,4542.857140094042,3802.7999977469444,3132.599998176098,2532.257141441107,2001.7714274823666,1541.1428563892841,1150.3714280426502,829.4571425914764,578.3999999165535,397.2000000178814,283.0,241.0,293.0,359.0,530.0,784.0,,,,,,,,,,,,,,,,,,,,,,,,,,2015,1997,1995.0,,2003,1993.0,2017,2005,,2004,1996,1997.0,1994.0,1994,,,,,,,,,,,,,-14.840989399293289,21.57676348547718,22.525597269624573,47.63231197771588,47.9245283018868
528.0,Netherlands,-9586464.427307129,-3842846.39251709,-2864145.2140808105,-1942118.1784973145,-1076765.285736084,-268086.5358581543,483918.07122802734,1179248.5354614258,1817904.8568267822,2399887.035385132,2136411.0,3393828.9639282227,5135703.0,4161074.321121216,4453991.0,4701623.106933594,4486479.0,5015475.321380615,4855399.0,5102630.96446228,4832314.0,4963090.036178589,5134155.0,4596852.536560059,,,,,,,,,,,,,,,,,,,,,,,,,,1993,1984,1994.0,1983,2002,1988.0,2017,1980,2000,2002,1996,1995.0,1993.0,1992,,,,,,,,,,,,,,,,,
562.0,Niger,,,,,,,,,,,503000.0,554000.0,,,,,,,,,,,,,,,,,,,,,,,,,,,,,,,,,,,,,,1998,1975,1995.0,1983,2004,1992.0,2016,1987,2006,2006,2013,1996.0,1995.0,1974,,,,,10.139165009940358,,,,,,,,,,,,
807.0,North Macedonia,-11880048.598953247,-6935305.760040283,-6098561.656524658,-5312552.374435425,-4577277.913803101,-3892738.2745513916,-3258933.4567718506,-2675863.460372925,-2143528.2854156494,-1661927.9319000244,-1231062.3997955322,-850931.6891326904,-521535.79986572266,-242874.73204040527,6441.0,162242.9393310547,149534.0,364421.32499694824,678568.0,363660.4249572754,40797.0,159960.23922729492,57005.0,-246679.23222351074,,,,,,,,,,,,,,,,,,,,,,,,,,1997,2000,1998.0,1999,2004,1994.0,2018,1991,2010,2004,1994,2002.0,1998.0,1997,,,,,,,,,,,,,,,,,
578.0,Norway,-4457232.574150085,-2054467.632598877,-1645545.287185669,-1260499.8227157593,-899331.2392196655,-562039.5366744995,-248624.7151184082,40913.22550201416,306574.28515625,548358.4638290405,669983.0,960296.1783218384,1217807.0,1276726.3689498901,1447674.0,1497649.0357437134,1763033.0,1623064.1786727905,1357124.0,1652971.7977676392,1592280.0,1587371.8929977417,1621059.0,1426264.4643936157,,,,,,,,,,,,,,,,,,,,,,,,,,1990,1976,1993.0,1985,2002,1988.0,2016,1975,2001,2002,1996,1996.0,1993.0,1977,,,,,,,,,,,,,,,,,
591.0,Panama,173.172699,217.9332428,273.47168505191803,347.34455024823546,436.2239141911268,290.5,281.4100037,763.5700073,1363.670044,1689.530029,1509.920044,1547.109985,1775.170044,1181.869995,1682.910034,2338.300049,3037.100098,3094.699951,3256.217379178852,3570.1942245066166,3899.177568603307,4243.167411450297,4602.163753062487,4976.166593432426,,,,,,,27.0,27.0,27.0,27.0,27.0,27.0,27.0,27,27,27,27,27,,,,,,,,1991,1978,1995.0,1989,1999,1989.0,2016,1990,2000,2003,1996,1996.0,1995.0,1978,171.3371938667865,78.59135782741998,23.895808699014,-10.630766066129508,2.463040420436997,14.741037237892296,-33.422153049806646,42.39383698035248,38.94385331117468,29.884960627651253,1.8965411458756656,,,,,,
608.0,Philippines,-98099663.36669922,-58470034.6237793,-51699999.02844238,-45315260.150756836,-39315817.9909668,-33701672.549072266,-28472823.8248291,-23629271.818115234,-19171016.529418945,-15098057.958496094,-11410396.105102539,-8108030.9697265625,-5190962.552124023,-2659190.852294922,-512715.8698730469,1900650.75,1346506.0,4979340.0,780522.6875,8976956.0,2498987.75,4335656.5,1485808.0,2098545.25,,,,,,,,,,,,,,,,,,,,,,,,,,1993,1981,1994.0,1994,2003,1991.0,2017,1994,2006,2004,1984,2000.0,1994.0,1985,,,,,,,,,,-29.15552738976374,269.7970896527754,-84.3247762253632,1050.1210847250356,-72.16219228433334,73.49650873638737,-65.73049548551644,41.23932903847604
616.0,Poland,4190631.7203407288,3096711.062931061,2914772.1458206177,2745114.9668312073,2587739.525970459,2442645.8232307434,2309833.8586158752,2189303.6321258545,2081055.1437606812,1985088.3935165405,1612213.0,1830000.1074028015,2380676.0,1724038.7737884521,1468317.0,1667204.3926696777,1491845.0,1659496.9640464783,1737024.0,1700916.4879188538,1681037.0,1791462.9642868042,1917134.0,1931136.3931541443,,,,,,,,,,,,,,,,,,,,,,,,,,1992,1989,1996.0,1996,2002,1990.0,2016,1978,2005,2008,1998,2001.0,1994.0,1976,,,,,,,,,,,,,,,,,
620.0,Portugal,17105667.74409485,11168461.71899414,10139378.157287598,9163080.476638794,8239568.677108765,7368842.75869751,6550902.721343994,5785748.565093994,5073380.289978027,4413797.895935059,2263203.0,3252990.751144409,6063104.0,2303327.130722046,564884.0,1564807.034729004,681193.0,1037430.4630889893,733856.0,721197.4158782959,738249.0,616107.8930511475,834601.0,722161.8945770264,,,,,,,,,,,6.0,,6.0,,,,,,,,,,,,,1994,1980,1994.0,1983,2002,1988.0,2016,1981,2005,2004,1997,1996.0,1993.0,1980,,,,,,,,,,,,,,,,,
498.0,Republic of Moldova,192833,2875,3383,3301,1737,1752,2906.0,2286.0,2287.0,3592.0,1929.0,1737.0,1706.0,2592.0,1475.0,1690.0,899.0,3106.0,3881.0,4160.0,1263.0,7261.0,5966.0,8696.0,28.0,28,28,28,28,28,28.0,28.0,28.0,28.0,28.0,28.0,28.0,28,28,28,28,28,28,28,28,28,28,28,,1998,2001,1996.0,2001,2003,1996.0,2017,2000,2005,2004,2007,1999.0,1995.0,2002,-21.3351686166552,0.0437445319335083,57.061652820288586,-46.29732739420936,-9.953343701399689,-1.78468624064479,51.93434935521688,-43.09413580246913,14.576271186440678,-46.80473372781065,245.4949944382647,24.95170637475853,7.188868848234992,-69.63942307692308,474.90102929532856,-17.835008951934995,45.75930271538719
642.0,Romania,12301962.218704224,7541711.190200806,6735190.930984497,5977180.6539001465,5267680.359008789,4606690.046264648,3994209.715652466,3430239.3672332764,2914779.000946045,2447828.616836548,2293510.0,1659457.795074463,1054266.0,1065126.9019470215,530753.0,664835.9374847412,695689.0,458584.9016265869,689251.0,446373.7943878174,590299.0,628202.6157989502,624979.0,1004071.3658294678,,,,,,,,,,,14.0,,,,,,,,,,,,,,,1991,1994,1994.0,1998,2001,1993.0,2017,1991,2003,2004,1996,1998.0,1994.0,1990,,,,,,,,,,,,,,,,,
643.0,Russian Federation,492727834.56274414,364693185.62939453,342151873.95996094,320632434.9963379,300134868.7385254,280659175.18652344,262205354.34033203,244773406.19970703,210637952.0,287272416.0,142766480.0,142496720.0,140010528.0,287652768.0,122882672.0,141019088.0,114366608.0,120162208.0,113665008.0,116666024.0,124335344.0,110084064.0,98263464.0,107196336.0,,,,,,,,,,,,,,,,,,,,,,,,,,1995,1992,1995.0,,2004,1988.0,2019,1977,2011,2011,1997,2003.0,1994.0,1988,,,36.38207800273334,-50.30275374576861,-0.1889519164442522,-1.7447362998951836,105.45081295600856,-57.28090056133234,14.75913219074533,-18.899909493103515,5.0675630775024825,-5.40702447811212,2.6402285565316634,6.573739069054072,-11.46197013779123,-10.737793982605874,9.090735901596142
638.0,Réunion,22398.73854160309,12772.131356835365,11255.690718829632,7760,8631.69024181366,7524.130402743816,9786.0,5717.891523599625,5019.212483525276,4456.827042937279,4030.7352021336555,3740.9369609951973,7888.0,1008.0,1112.0,1072.0,4797.0,2529.0,7804.0,8352.0,8975.0,7910.0,8439.0,10894.258840024471,,,,,,,,,,,,,15.0,15,,,,,,1529,1529,1529,1529,,,,,,,,,,,,,,,,,,,,,,,-87.2210953346856,10.317460317460316,-3.597122302158273,347.48134328358213,-47.27954971857411,208.58046658758403,7.022039979497693,7.459291187739464,-11.866295264623956,6.687737041719342,
670.0,Saint Vincent and the Grenadines,,,,,,,,,0.150000006,,,,,,,,,,,,,,,,,,,,,,,,,,,,,,,,,,,,,,,,,1996,1988,1996.0,,2004,1996.0,2016,,2010,2005,1993,1998.0,1996.0,2003,,,,,,,,,,,,,,,,,
682.0,Saudi Arabia,,,,,,,,,,,,,,,,,,,,,,,559334.3125,900000.0,,,,,,,,,,,,,,,,,,,,,,,30,,,1990,1996,2002.0,1991,2005,1993.0,2016,,2000,2012,1996,1997.0,1994.0,1978,,,,,,,,,,,,,,,,,60.90555860543599
686.0,Senegal,,,,,,81957,,,,,,,,,,,,,,,,,,,,,,,,,,,,,,,,,,,,,,,,,,,,1992,1977,1995.0,1988,2001,1993.0,2016,1977,2001,2003,1984,1995.0,1994.0,1976,,,,,,,,,,,,,,,,,
688.0,Serbia,-71337349.2199707,-40674078.138916016,-35334257.2444458,-30258714.123901367,-25447448.77709961,-20900461.20440674,-16617751.405578613,-12599319.380615234,-8845165.129516602,-5355288.652404785,-2129689.94921875,831630.9800415039,3528674.135559082,5961439.517028809,8327685.0,10026534.0,11161235.0,12796202.0,14446624.0,16762223.0,13465966.0,16571268.0,15963828.124450684,15753815.766845703,,,,,,,,,,,,,,,,,,,,,,,,,,2000,2006,2002.0,2008,2007,2001.0,2017,1992,2009,2009,2001,2007.0,2001.0,2001,,,,,,,,,20.400015130255287,11.316981521231565,14.648620873944504,12.897748878925167,16.028651399801088,-19.664796250473454,23.06037309168908,,
702.0,Singapore,-230077.28456926346,64880,63870,65820,77428,118380,121500.0,203872.0,194019.0,217039.0,278000.0,339000.0,413000.0,491000.0,472000.0,356000.0,434000.0,432600.0,280500.0,332800.0,411180.0,446870.0,478990.0,471450.0,,3132,3132,3132,3132,3132,31.0,31.0,31.0,31.0,31.0,31.0,31.0,31,31,31,31,31,31,31,31,31,31,31,,1996,1986,1996.0,,2006,1989.0,2016,,2005,2005,1994,1999.0,1997.0,2012,67.79588477366255,-4.832934390205619,11.864817363247928,28.087578730089984,21.942446043165468,21.828908554572276,18.886198547215496,-3.8696537678207736,-24.57627118644068,21.910112359550563,-0.3225806451612903,-35.15950069348128,18.645276292335115,23.551682692307693,8.679896882144073,7.187772730324256,-1.5741455980291863
703.0,Slovakia,812151.7154159546,665183.2625255585,640036.0005364418,616304.2147436142,593987.9051470757,573087.0717453957,553601.7145414352,535531.833533287,518877.4287214279,503638.500105381,422274.0,477407.07146167755,532941.0,456837.547604084,527205.0,441929.9285297394,415479.0,432684.21424150467,370223.0,429100.4047369957,371214.0,431178.5000181198,496126.0,438918.5000834465,,,,,,,,,,,,,,,,,,,,,,,,,,1993,1993,1994.0,1995,2002,1993.0,2016,1993,2007,2002,1996,2002.0,1994.0,1993,,,,,,,,,,,,,,,,,
705.0,Slovenia,-101674.92874836922,-4069.4078431129456,12427.78562116623,27917.008847236633,42398.26183414459,55871.54458260536,68336.85709166527,79794.19936275482,90243.57139444351,99684.97318768501,107906.0,115543.86605763435,116405.0,127370.87797236443,152744.0,135166.00893187523,117180.0,138929.25893616676,133334.0,138660.62798547745,155229.0,134360.11607956886,123617.0,126027.72321867943,,,,,,,,,,,,,,,,,,,,,,,,,,1993,2000,1996.0,1999,2002,1992.0,2016,1991,1999,2004,1995,2001.0,1995.0,1992,,,,,,,,,,,,,,,,,
710.0,South Africa,,,,,,,,,,,,,,,,,,1319096.0,,,,,,52076716.0,,,,,,,,,,,,,,,,,,,,,,,,,,1994,1975,1996.0,1991,2002,1990.0,2016,1975,2002,2002,1997,1997.0,1997.0,1997,,,,,,,,,,,,,,,,,
724.0,Spain,3298453.4331264496,3474672.5976905823,3496470.7163906097,3513786.9303531647,3526621.2395801544,3534973.6440639496,3538844.143814087,3538232.7388267517,3533139.4291038513,3523564.214641571,3116013.0,3490968.0715065002,4028246.0,3440444.309419632,3648602.0,3371992.928384781,2991152.0,3285613.9283943176,3113947.0,3181307.3094596863,2984518.0,3059073.071575165,3183846.0,2918911.214740753,,,,,,,,,,,,,,,,,,,,,,,,,,1994,1986,1994.0,1985,2002,1988.0,2017,1982,2004,2004,1997,1996.0,1993.0,1982,,,,,,,,,,,,,,,,,
144.0,Sri Lanka,,,40600,,,,,,,,,,,,,,,,,,,,,,,,,,,,,,,,,,,,,,,,,,,,,,,1992,1979,1994.0,1990,2002,1989.0,2016,1990,2006,2005,1994,1998.0,1993.0,1980,,,,,,,,,,,,,,,,,
275.0,State of Palestine,-17522.142420709133,-5014.946431219578,-3012.8405188322067,-1177.179034948349,492.0380204319954,1994.8106473088264,5016.0,4501.022615492344,5504.461956858635,6151.200195,4570.799805,5674.799805,5113.200195,8466.0,11886.0,14422.7998,4080.0,7045.416746079922,4512.0,5556.962430179119,4572.0,3402.7304002046585,2075.947742462158,582.7206562161446,,,,,,,33.0,,,34.0,34.0,34.0,34.0,3435,34,34,34,,34,,34,,,,,2015,,2015.0,,,2019.0,2016,,2017,2017,2015,2017.0,2015.0,2011,,,,-25.692553321295385,24.15332211208056,-9.89637748110833,65.5714557837687,40.39688164422395,21.34275450109373,-71.71145646769638,,,,,,,
740.0,Suriname,-21.117367271974217,-11.040396122843958,-9.320001936896006,-7.697941098827869,-6.174213608726859,-4.748819466534769,-3.4217586723098066,-2.1930312259937637,-1.062637127644848,-0.03057637723395601,0.9031510252389126,1.7385450797737576,2.4756057863414753,3.1143331450002734,4.449999809,4.190000057,4.289999962,3.5,3.430000067,4.039999962,7.139999866,6.550000191,4.429999828,2.619999886,,,,,,,,,,,,,,,3637,3637,3637,3637,3637,3637,3637,3637,3637,3637,,2011,1980,1996.0,,2006,1997.0,2019,1985,2000,2011,1998,2000.0,1997.0,1997,,,,,,,,,-5.8426913069559765,2.386632545098311,-18.41491769225334,-1.999998085714288,17.784253151153063,76.73267161283208,-8.263300925389688,-32.36641681191059,-40.85778808748071
752.0,Sweden,-3609986.4308776855,-1089891.0729522705,-663933.501373291,-263996.4298095703,109920.141746521,457816.2133102417,779691.7848510742,1075546.8563919067,1345381.4279251099,1589195.4994735718,1624770.0,1998762.1425094604,2654038.0,2304246.785545349,2063389.0,2505649.4285354614,2527760.0,2602970.0715255737,2696749.0,2596208.714477539,2568154.0,2485365.357421875,2379232.0,2270440.0003356934,,,,,,,,,,,,,,,,,,,,,,,,,,1991,1974,1994.0,1983,2002,1988.0,2016,1975,2003,2002,1996,1995.0,1993.0,1985,,,,,,,,,,,,,,,,,
760.0,Syrian Arab Republic,,,,,,,,,,46.0,,,,,,,,,,,,,,,,,,,,,,,,,,,,,,,,,,,,,,,,1992,2003,1996.0,2003,2006,1989.0,2017,1998,2003,2005,,1997.0,1996.0,1975,,,,,,,,,,,,,,,,,
764.0,Thailand,1903610.2671108246,1711259.6197166443,1691540.7263088226,1718000,1637000,1600000,1650000.0,1650000.0,1780000.0,1800000.0,1808000.0,1814000.0,1832000.0,1849000.0,1942446.1432228088,2003982.6061172485,2071769.48103714,2145806.767972946,2226094.466938019,2312632.5779266357,2065000.0,2800000.0,2609749.3830299377,2721289.14210701,,,,,,,,,,,,,,,,,,,,,,,,,,1997,1983,2004.0,,2002,1989.0,2016,1998,2002,2005,2011,2001.0,1994.0,1987,0.0,7.878787878787878,1.1235955056179776,0.4444444444444444,0.331858407079646,0.9922822491730982,0.9279475982532752,,,,,,,,35.59322033898305,,
768.0,Togo,,,,,,,,,,,,,,1900.0,,,,,,1172.174194,,,,,,,,,,,,,,,,,,38,,,,,,,,,,,,2004,1978,1996.0,1996,2004,1991.0,2017,1995,2004,2004,1985,1995.0,1995.0,1998,,,,,,,,,,,,,,,,,
780.0,Trinidad and Tobago,33443.923748254776,8814.24740242958,6656,5283.336830377579,4872.3729655742645,5364.403381824493,6759.428078889847,9057.447056770325,12258.460315704346,11452.0,31111.59961,31869.5,31565.69922,35542.5,41888.80078,59949.39299249649,70374.36049866676,81702.32228565216,93933.27835345268,124471.4531,123680.8438,123914.1328,151887.0454337597,168632.97290611267,,,,,,,,,,,,,,,,,,,,,,,,,,1994,1984,1996.0,2018,1999,1989.0,2018,1993,2009,2002,1986,2000.0,1994.0,2005,,,,171.6695739608802,2.436070145864155,-0.9532649712107232,12.598487846834402,17.855527270169507,,,,,,-0.6351731905666943,0.1886217726467389,,
788.0,Tunisia,,,,,,,,151000.0,150200.0,,,,,,,,,,,,,,,,,,,,,,,,,,,,,,,,,,,,,,,,,1995,1974,1993.0,1987,2003,1989.0,2017,1981,2016,2004,1985,1995.0,1993.0,1975,,-0.5298013245033113,,,,,,,,,,,,,,,
792.0,Turkey,-271892.0747451782,-686195.6295166016,-682995.8584136963,-651109.2599334717,-590535.8341064453,-501275.580909729,-383328.50037384033,-236694.59246826172,-61373.85721588135,142633.70540618896,997579.0,636709.312713623,10796.0,1245532.2294464111,1018283.0,1969102.4556121826,3225786.0,2807419.991203308,3988200.0,3760484.8362197876,3432426.0,4828296.9906692505,5550817.0,6010856.454551697,,,,,,,,,,,,,,,,,,,,,,,,,,1994,1996,1997.0,,2009,1991.0,,1994,2017,2009,,1998.0,2004.0,1983,,,,,,,,,,,,,,,,,
804.0,Ukraine,3453807.240301132,3562876,3150891,3161365,2454115,2820412,2613226.0,2543350.0,1728783.0,2436889.0,2420297.0,2411759.0,2370943.0,2585235.0,2301244.0,1230338.0,1659958.0,1434481.0,1368173.0,923777.0,739750.0,587344.0,620965.0,605284.0,,,,,,,,,,,,,,,,,,,,,,,,,,1999,1999,1995.0,1999,2004,1988.0,2016,1991,2002,2007,1999,2002.0,1997.0,1988,-2.673936352998172,-32.02732616431085,40.95979657365904,-0.6808681068362162,-0.3527666232697888,-1.692374735618277,9.038260304022492,-10.98511353900129,-46.53596055003294,34.9188596954658,-13.58329548097,-4.622438359239334,-32.48098010997148,-19.92114980130486,-20.602365664075705,5.724243373559617,-2.525263098564331
826.0,United Kingdom of Great Britain and Northern Ireland,22795952.303085327,16373463.60482788,15269838.294021606,14226503.792800903,13243460.101211548,12320707.219238281,11458245.146850586,10656073.884094238,9914193.430923462,9232603.787399292,7972970.0,8050296.929138184,8448468.0,7109153.309310913,7285198.0,6409172.927947998,5242857.0,5950355.7850494385,5780729.0,5732701.880569458,5606753.0,5756211.214523315,6086643.0,6020883.7869262695,,,,,,,,,,,,,,,,,,,,,,,,,,1994,1976,1994.0,1985,2002,1988.0,2016,1976,2004,2005,1997,1996.0,1993.0,1984,,,,,,,,,,,,,,,,,
834.0,United Republic of Tanzania,14.10000038,16,17.89999962,20,22.70000076,49.91500092,48.50999832,54.93199921,51.56499863,50.93000031,18.0,20.39999962,22.5,25.45000076,52.91500092,51.50999832,58.13199997,54.76499939,57.00999832,65.89499664,61.2840004,58.65000153,63.630016222312406,65.78221428493998,39.0,,,,,,,,,,39.0,39.0,39.0,39,39,39,39,39,40,41,41,41,,,,1993,1979,1996.0,1999,2002,1993.0,2018,2000,2002,2004,1985,1997.0,1996.0,1977,13.238509817371602,-6.129397488571767,-1.2314522192783797,-64.65737307983927,13.333331222222215,10.294119701557136,13.111114488888898,107.91748267122642,-2.6552066060135977,12.855759786404128,-5.791991642705566,4.099331607789508,15.584982602749884,-6.99749066714575,-4.298020450375168,,
860.0,Uzbekistan,6283635.611167908,4017940.695907593,3625748.8106536865,3253872.6246414185,2902312.137901306,2571067.350418091,2260138.2622070312,1969524.8732528687,1699227.183555603,1449245.1931304932,1219578.9019546509,1010228.310043335,821193.4173965454,652474.2240219116,504070.7298965454,375982.93503570557,268210.8394317627,180754.44310760498,113613.74603271484,66788.74821472168,38502.19922,39417.60156,42876.19922,84423.0,,,,,,,,,,,,,,,,,,,,,42,42,42,42,,1996,1997,1995.0,1998,1999,1993.0,2018,2002,,2019,,1995.0,1993.0,1993,,,,,,,,,,,,,,,2.3775326047466243,8.774246841821288,96.89944896193155
887.0,Yemen,,38200,,,,,,,,,,,,,,,,,,,,,,,,,,,,,,,,,,,,,,,,,,,,,,,,1996,1997,1996.0,2006,2004,1996.0,,2008,2006,2004,1987,1997.0,1996.0,1980,,,,,,,,,,,,,,,,,
894.0,Zambia,346249.9996433258,138749.9998512268,111499.99988365173,88999.99991226196,71249.9999370575,58249.99995803833,50000.0,46499.999992370605,47750.0000038147,53750.0,64500.00001716614,80000.0,100250.00001716614,125250.00001144409,155000.0000038147,189499.9999923706,228749.99997711182,272749.99995422363,321499.9999332428,374999.99990844727,433249.99987983704,496249.99984931946,563999.9998149872,636499.9997768402,,,,,,,,,,,,,,,,,,,,,,,,,,1994,1980,1993.0,,2006,1990.0,2016,1991,2011,2006,1983,1996.0,1993.0,1984,,,,,,,,,,,,,,,,,
,,,,,,,,,,,,,,,,,,,,,,,,,,,,,,,,,,,,,,,,,,,,,,,,,,,,,,,,,,,,,,,,,,,,,,,,,,,,,,,,,
,,,,,,,,,,,,,,,,,,,,,,,,,,,,,,,,,,,,,,,,,,,,,,,,,,,,,,,,,,,,,,,,,,,,,,,,,,,,,,,,,
