Country ID,Country,1990,1995,1996,2000,2001,2002,2003,2004,2005,2006,2007,2008,2009,2010,2011,2012,2013,2014,2015,2016,2017,Footnotes 1990,Footnotes 1995,Footnotes 1996,Footnotes 2000,Footnotes 2001,Footnotes 2002,Footnotes 2003,Footnotes 2004,Footnotes 2005,Footnotes 2006,Footnotes 2007,Footnotes 2008,Footnotes 2009,Footnotes 2010,Footnotes 2011,Footnotes 2012,Footnotes 2013,Footnotes 2014,Footnotes 2015,Footnotes 2016,Footnotes 2017,Basel Convention,CITES,Convention on Biological Diversity,Convention on Migratory Species,Kyoto Protocol,Montreal Protocol,Paris Agreement,Ramsar Convention,Rotterdam Convention,Stockholm Convention,UN Convention on the Law of the Sea,UN Convention to Combat Desertification,UN Framework Convention on Climate Change,World Heritage Convention,2000 Percent Change,2001 Percent Change,2002 Percent Change,2003 Percent Change,2004 Percent Change,2005 Percent Change,2006 Percent Change,2007 Percent Change,2008 Percent Change,2009 Percent Change,2010 Percent Change,2011 Percent Change,2012 Percent Change,2013 Percent Change,2014 Percent Change,2015 Percent Change,2016 Percent Change
12.0,Algeria,0.9276796001358889,6.400432213,7.1991908141062595,9.408252137422096,9.714024199085543,9.921198953205021,10.0297764,10.039756538462825,9.951139369659359,9.763924893224612,9.47811311,9.09370401740307,8.610697618016275,8.029093911027303,7.348892896436155,6.570094574126415,5.6926989442436025,4.71670600672951,3.642115761496825,2.468928208720172,1.1971433482249267,,,,,,,1.0,,,,,,,,,,,,,,,1998,1983,1995.0,2005,2005,1992.0,2016,1984,,2006,1996,1996.0,1993.0,1974,,,,,,,,,,,,,,,,,
20.0,Andorra,-1489.7628710493445,-949.75964368321,-855.9707852341235,-528.1879748422652,-458.08542809821665,-392.72014369256794,-332.0921216253191,-276.2013619020581,-225.04786451905966,-178.63162947632372,-136.95265677571297,-100.01094641536474,-67.8064983971417,-40.33931271918118,-17.609389381483197,0.38327161595225334,12.08369444,26.27094038,22.92513431,24.88388673,19.83843526,,,,,,,,,,,,,,,,,,,2,2,2,1999,…,2015.0,,,2009.0,2017,2012,,,,2002.0,2011.0,1997,,,,,,,,,,,,,,117.40818183085402,-12.735768197118484,8.544126256855067,-20.275978285647824
51.0,Armenia,131.09934809384868,116.58983905264176,115.28860855987296,124.3091907,123.0883204,124.5592715,114.0215773,117.109443,116.1673642,119.073517,123.5145186,150.3526319,152.6781158,151.3210707,160.9747082,163.2610763,199.8382149,197.9188234,189.7335048,209.6184643,184.4723425,,,,,,,,,,,,,,,3,,,,,,,1999,2008,1993.0,2011,2003,1999.0,2017,1993,2003,2003,2002,1997.0,1993.0,1993,-0.9821239227165216,1.195037104430254,-8.459983807789042,2.708141540504715,-0.8044430712560083,2.501694705749381,3.7296299898490495,21.72871141320224,1.5466865266094452,-0.8888275132879218,6.379572557438956,1.4203275319246729,22.404077829787024,-0.960472700859774,-4.1356948568036085,10.480468128684464,-11.99613873900516
40.0,Austria,-138.76537516294047,-17.698121475987136,2.643426252063364,71.10327380290255,84.99164984934032,97.58939155936241,108.89649893343449,123.3724057,127.63881067186594,116.104981,141.21858506603166,159.5000895,149.63582211406901,175.1335234,152.8905218169093,125.1402399,150.98268417501822,147.6793646,143.91230918699875,144.153297,131.67939685378224,,,,,,,,,,,,,,,,,,,,,,1993,1982,1994.0,2005,2002,1989.0,2016,1983,2002,2002,1995,1997.0,1994.0,1992,,,,,,,,,,,,,,,,,
31.0,Azerbaijan,17.745018053683452,3.472221329,2.882416606415063,3.269339746,2.005177572,1.181222941,3.212516052,1.323607076,1.502704306,3.426689663,1.200210355,2.751785668,14.7728583,15.49644798,20.30049269,32.05418961,21.61661215,48.03740165,27.28500123,64.97528102,27.01487692,,,,,,,,,,,,,,,,,,,,,,2001,1998,2000.0,,2000,1996.0,2017,2001,,2004,2016,1998.0,1995.0,1993,-38.66720109302461,-41.09135482590567,171.96526078983428,-58.79842918836253,13.530996717034776,128.03486017295006,-64.97464103740171,129.27528133182952,436.84625484429256,4.898102082249038,31.00094109437329,57.89857960338993,-32.56228776017401,122.22446938800256,-43.2005056626538,138.13552534701498,-58.4228394307605
48.0,Bahrain,277.8827173495665,241.2635112,245.91463858960196,210.648587,200.7027463,190.4378438,43.16877507,39.77234385,42.96375938,40.42094544,33.79506145,-36.2415499323979,-72.88817861909047,-111.55536314891651,-152.24310352047905,-194.95139973564073,-239.68025179347023,-286.42965969257057,-335.1996234357357,-385.9901430201717,-438.8012184482068,,4,,4.0,4.0,4.0,4.0,4.0,4.0,4.0,4,,,,,,,,,,,1992,2012,1996.0,,2006,1990.0,2016,1998,2012,2006,1985,1997.0,1994.0,1991,-4.72153212212147,-5.114480339325583,-77.33182953103778,-7.867796143144081,8.024207831543226,-5.918508940313319,-16.39220438283741,,,,,,,,,,
50.0,Bangladesh,,,,,,,,,,,0.135382014,,,,,0.185876503,,,,,,,,,,,,,,,,,,,,,,,,,,,1993,1981,1994.0,2005,2001,1990.0,2016,1992,,2007,2001,1996.0,1994.0,1983,,,,,,,,,,,,,,,,,
112.0,Belarus,20.332576365442947,8.903298934,-1.1016126787289977,7.353118086,10.03852846,11.9152062,12.72220873,15.93485188,19.95906478,24.94334425,33.73526402,54.91667759,80.1673482,96.92738501,99.61405582,139.6568657,150.2012336,182.7843414,127.9524842,172.2075311,176.5099337,,,,,,,,,5.0,5.0,5,5,5,5,5,5,5,5,5,5,5,1999,1995,1993.0,2003,2005,1988.0,2016,1991,,2004,2006,2001.0,2000.0,1988,36.520702409402325,18.69474940951654,6.772879264145677,25.252243680174235,25.254159438098263,24.972510109764777,35.24755815371471,62.78715814241905,45.97996768580553,20.90631308919856,2.7718387427070543,40.19795153442633,7.550196581563407,21.692969504346333,-29.998115144889532,34.58709471464878,2.498382371849702
56.0,Belgium,831.5892379323486,694.5986419799738,669.0347377695143,572.893170859199,550.3862916149665,528.4908173633739,507.2067481055856,495.9359709,466.4728245693259,380.3416844,377.5589173,549.0978761,392.3418374154717,435.8179677,358.94477379787713,251.3410415,327.99333015386946,263.8869642,299.4875064822845,335.8060003,273.42730278358795,,,,,,,,,,6.0,,,,,,,,,,,,1993,1983,1997.0,1990,2002,1988.0,2017,1986,2002,2006,1998,1997.0,1996.0,1996,,,,,,,-0.7316492549034946,45.433692846327055,,,,,,,,,
84.0,Belize,,,,3.13365546,,,,,,,,,,,,,,,,,,,,,7.0,,,,,,,,,,,,,,,,,,1997,1986,1994.0,,2003,1998.0,2016,1998,2005,2010,1983,1998.0,1994.0,1990,,,,,,,,,,,,,,,,,
204.0,Benin,,,,,,0.232749595,,,,,,,,,,,,,,,,,,,,,8.0,,,,,,,,,,,,,,,,1997,1984,1994.0,1986,2002,1993.0,2016,2000,2004,2004,1997,1996.0,1994.0,1982,,,,,,,,,,,,,,,,,
60.0,Bermuda,-4.850758638698608,0.6302417703700485,1.5650837715511443,4.76659150760679,5.432503374453518,6.044629214404267,6.602969027502695,7.107522813705145,7.558290573055274,7.955272305509425,8.298468011111254,8.587877689817105,8.823501341685187,9.100006254,9.279501738,9.021985153,8.791413616,9.182048159,9.4434414,9.46969697,8.328045685,,,,,,,,,,,,,,,,,,,6,6,6,,,,,,,,,,,,,,,,,,,,,,,,,1.972476490563962,-2.7751122018271577,-2.555663006420816,4.443364401477626,2.846785776698284,0.2780296810016738,-12.055837569214214
64.0,Bhutan,,,,,,,,,,,,,,,,,,,,,0.574062822,,,,,,,,,,,,,,,,,,,,,,2002,2002,1995.0,,2002,2004.0,2017,2012,,,,2003.0,1995.0,2001,,,,,,,,,,,,,,,,,
70.0,Bosnia and Herzegovina,-7033.102879732847,-4089.019670493901,-3593.0106731951237,-1918.3334990665317,-1577.0039093121886,-1266.6102010682225,-987.1523743495345,-738.6304291263223,-521.044365413487,-334.39418321847916,-178.67988254874945,2.813264644,2.570891012,2.772640274,134.818505063653,259.2848528,105.95240981131792,2.414630686,-46.657211504876614,-169.36584442853928,-323.0103588551283,,,,,,,,,,,,,,9,,,,9,,,,2001,2009,2002.0,2017,2007,1993.0,2017,1992,2007,2010,1994,2002.0,2000.0,1993,,,,,,,,,-8.615386843072985,7.847445148717175,,,,,,,
100.0,Bulgaria,252.54672294668853,870.1948172599077,975.2824900150299,1334.1600273419172,1408.5111232530326,1476.7149037905037,1538.7713689599186,1536.536659,1644.4423531945795,1777.255327,1725.524075947702,1736.631848,1782.0165372267365,1830.416404,1813.9197370242327,1833.972584,1821.2336753495038,1684.620754,1803.958352195099,1863.609327,1762.093767562881,,,,,,,,,,,,,,,,,,,,,,1996,1991,1996.0,1999,2002,1990.0,2016,1976,2000,2004,1996,2001.0,1995.0,1974,,,,,,,,,,,,,,,,,
854.0,Burkina Faso,-0.6594431324738252,-0.30487735105634783,-0.2488065618181281,-0.073997961684654,-0.04266445085158921,-0.016278395705739968,0.00516020375835069,0.026138537,0.027253904,0.042873124,0.029644918,0.044561755,0.045472261,0.002294105,0.001137925,-0.024527906736693694,-0.05256386408836988,-0.08554727712362364,-0.12347814584063599,-0.1663564702412259,-0.21418225032175542,,,,,,,,,,,,,,,,,,,,,,1999,1989,1993.0,1990,2005,1989.0,2016,1990,2002,2004,2005,1996.0,1993.0,1987,,,,,4.267136297643587,57.31002795049106,-30.85430863400577,50.31836148104711,2.0432453793617382,-94.9549352736166,-50.39786757798793,,,,,,
132.0,Cabo Verde,,,,,,,,,,,,,,,,,,6.847565689,,,,,,,,,,,,,,,,,,,,,10,,,,1999,2005,1995.0,2006,2006,2001.0,2017,2005,2006,2006,1987,1995.0,1995.0,1988,,,,,,,,,,,,,,,,,
120.0,Cameroon,-5.344170280965045,-2.3474242574739037,-1.8748417245515157,-0.4070671654626494,-0.1457624188187765,0.07328677055193111,0.25008040267857723,0.341144685,0.541295576,0.569505577,0.455336936,0.490997825,0.448556885,0.30448022423661314,0.14322939827980008,-0.0602769849501783,-0.3060389254242182,-0.5940564231568715,-0.9243294781335862,-1.2968580903834663,-1.7116422599065118,,,,,,,,,,,,,,,,,,,,,,2001,1981,1995.0,1983,2002,1989.0,2016,2006,2002,2009,1985,1997.0,1994.0,1982,,,,,58.67038233352514,5.211570581910693,-20.04697506237064,7.831758458531897,-8.643814257222012,,,,,,,,
156.0,China,42.70859982771799,20.803078100900166,17.626093052211218,6.46820965,7.374485025,7.708025074,8.956293728,7.572255543,8.792216197,8.155225613,8.071510972,10.09360775,10.57639038,11.66938045,25.0915494,25.19810608,22.68070744,25.96384107,28.26254408,37.81551033,48.81620734,,,,,,,,,,,,,,,11,,,,,,,1991,1981,1993.0,,2002,1991.0,2016,1992,2005,2004,1996,1997.0,1993.0,1985,14.011224497029092,4.522892756162316,16.194403132010365,-15.453246923703398,16.11092820457922,-7.244937678140212,-1.0265153286078714,25.052270696461115,4.783053215040966,10.334244772837147,115.02040753157551,0.4246715828556887,-9.990427979022144,14.475446317912567,8.853478203793367,33.80080088671197,29.090436474350224
344.0,China Hong Kong Special Administrative Region,21.062270226466353,15.80853475,15.080267381315934,13.75176442,11.46600586,9.487548693,8.733856232,7.003207746,6.903141454,8.60696265,8.792912324,8.193422698,7.849042684,5.811632118,5.116324161,4.772600019,4.611230705,4.462436094,4.694967654,4.23142763292708,4.056129038683139,,,,,,,,,,,,,,,,,,,,,,,,,,,,,,,,,,,,-16.621565714692498,-17.254981300000825,-7.9440167886156,-19.8153992924577,-1.4288636811774535,24.681823592253448,2.1604563835303705,-6.817873349694513,-4.203127639003198,-25.957440264061628,-11.964073824398955,-6.7181853843447135,-3.381161491798602,-3.226787391892152,5.210865883606757,,
446.0,China Macao Special Administrative Region,-1.058094118081499,2.573004884994589,3.501758403086569,9.78552686,10.3747937,11.69313159,12.87414674,12.45086997,12.2865805,13.1740047,12.64134428,17.15958845,22.28195381,23.12796456,31.98353229,31.43471204,29.88042288,34.15225089,39.30954188,34.47808833,31.80003148,,,,12.0,12.0,12.0,12.0,12.0,12.0,12.0,12,12,12,12,12,12,12,12,12,12,12,,,,,,,,,,,,,,,6.021820270186256,12.707123901654068,10.100075765930898,-3.2878044545265226,-1.319501933566494,7.222710989440878,-4.043268786749402,35.74180142493517,29.85132991345139,3.796842759903369,38.28943834216945,-1.715946334581666,-4.944499437507809,14.296410821077362,15.10088165670535,-12.290790782423636,-7.767416871746258
191.0,Croatia,185.0449824560783,144.46364082786022,136.91995856451103,108.65384971891763,102.0644775594701,95.66596742079128,89.45831930293934,25.8439935,77.61560912948335,176.4285301,66.53634703916032,50.80957112,56.220533031912055,16.76303957,46.66816710779676,28.25980804,37.87924926681444,30.60473484,29.853779509023298,41.42102941,22.59175783424871,,,,,,,,,,,,,,,,,,,,,,1994,2000,1997.0,2000,2007,1992.0,2017,1991,2007,2007,1995,2000.0,1996.0,1992,,,,,,,,,,,,,,,,,
192.0,Cuba,4.848640230251476,54.25722024519928,61.47516887076199,81.46773878019303,84.2460751098115,86.13648897968233,87.13898039073683,54.48115864,83.42501715,110.9815104,125.3845758,78.83260055747814,74.50755721330643,58.30345244,44.09215219,49.65812247,44.0115426,36.44674243,26.74313145,20.37007499,20.73310813,,,,,,,,,,,,,,,,,,,,,,1994,1990,1994.0,2008,2002,1992.0,2016,2001,2008,2007,1984,1997.0,1994.0,1981,,,,,53.12636374210563,33.03145050657026,12.977896361374434,,,,-24.374714798621625,12.623494212791798,-11.370908905005976,-17.188218642443125,-26.624083067607096,-23.83062907915371,1.782188529881315
196.0,Cyprus,1081.8961566258222,594.4880512040108,514.7926854621619,255.2987403050065,205.24713346734643,161.1242784112692,122.93017513677478,109.9721895,64.3282239343971,16.22272023,29.441279850900173,21.99224641,18.269342893734574,21.36423733,30.812413059175014,27.37207307,67.07049034908414,150.178296,127.04357476532459,135.9438518,210.73166630417109,,,,,,,,,,,,,,,,,,,,,,1992,1974,1996.0,2001,1999,1992.0,2017,2001,2004,2005,1988,2000.0,1997.0,1975,,,,,,,,,,,,,,,,,
203.0,Czechia,8.277258427347988,74.16607139771804,84.6090155907441,117.26473102415912,123.14964454760775,128.1229519378394,132.18465319438837,141.2193873,137.57323730527423,126.922067,139.31539688119665,144.9084661,137.41113192238845,129.349564,131.86044242791831,139.9183225,122.6633283982519,109.7470103,109.81978983362205,102.526371,93.32982673402876,,,,,,,,,,,,,,,,,,,,,,1993,1993,1994.0,1994,2001,1993.0,2017,1993,2000,2002,1996,2000.0,1993.0,1993,,,,,,,,,,,,,,,,,
208.0,Denmark,-9.691620699129999,-30.215687438379973,-29.061310660559684,-6.913169800769538,3.0065238513052464,14.679280878510326,28.105101281777024,59.168266,60.215932212304324,68.49214674,99.33901664288715,76.32987407,145.4743545735255,220.4913405,198.6219460037537,216.8915956,258.78179093496874,302.9390387,325.9538893662393,352.0606176,400.13824129803106,,,,,,,,,,,,,,,,,,,,,,1994,1977,1994.0,1983,2002,1988.0,2016,1978,2004,2003,2004,1995.0,1993.0,1979,,,,,,,,,,,,,,,,,
212.0,Dominica,,,,,,8.97972044,,,,,,,,,,,,,,,,,,,,,,,,,,,,,,,,,,,,,1998,1995,1994.0,,2005,1993.0,2016,,2005,2003,1991,1997.0,1993.0,1995,,,,,,,,,,,,,,,,,
233.0,Estonia,688.977842412889,2321.048024997115,2631.9823630712926,3824.1207205522805,4109.255561217666,4389.23050240241,4664.045544108376,5378.012049,5198.195929072797,4905.377393,5711.706716114655,5626.804119,6204.577905226499,6727.493841,6676.809496415779,6912.902077,7128.401489680633,7908.937584,7559.353885021061,7354.43412,7969.666682437062,,,,,,,,,,,,,,,,,,,,,,1992,1992,1994.0,2008,2002,1996.0,2016,1994,2006,2008,2005,2012.0,1994.0,1995,,,,,,,,,,,,,,,,,
242.0,Fiji,64.31114795955364,35.50700178788975,30.84804617019836,15.88513575505931,13.062636164948344,10.607427780516446,8.519510601647198,6.798884628340602,5.445549860596657,4.747688923,3.542629876,3.885016592,4.321787134,4.081853528,4.551786142,3.300621697,7.715523709,12.42432209,13.72368959,14.85148028,16.3340857,,,,,,,,,,,,,,,,,,,,,,,1997,1993.0,2013,1998,1989.0,2016,2006,,2001,1982,1998.0,1993.0,1990,,,,,,,-25.382013576376856,9.66476115158241,11.242436979532986,-5.551721974282691,11.512726039198538,-27.48732928059431,133.7597100574353,61.03018484030168,10.458256720870304,8.217838815166624,9.98287976718775
246.0,Finland,739.7525574043393,616.2420032368973,594.7786498274654,519.7210942679085,503.6556698977947,488.6698313350789,474.7635785811581,410.7262525,450.1898304964416,513.6735278,429.93442564317957,406.636814,413.9973640218377,476.9886291,402.3786456314847,305.5511012,395.07827047398314,365.9664812,392.09623854700476,434.4514829,393.4325498524122,,,,,,,,,,,,,,,,,,,,,,1991,1976,1994.0,1989,2002,1988.0,2016,1975,2004,2002,1996,1995.0,1994.0,1987,,,,,,,,,,,,,,,,,
250.0,France,-129.68983289785683,-4.426390884909779,16.72680720500648,88.34129852196202,102.99534609075636,116.34956355532631,128.40395091567189,143.9442151,148.61323532368988,144.314512,163.62319931481034,174.7629632,173.4338428885676,183.0672822,178.04516604589298,177.6109323,177.45716878632084,167.9758895,171.66985110985115,170.2596565,160.68321301648393,,,,,,,,13.0,,13.0,,,,,,,,,,,,1991,1978,1994.0,1990,2002,1988.0,2016,1986,2004,2004,1996,1997.0,1994.0,1975,,,,,,,,,,,,,,,,,
254.0,French Guiana,335.01418842282146,191.96781793655828,168.10335704684258,88.46155750751495,72.5051186280325,58.13028415152803,45.337054076604545,34.12542840465903,24.49540713382885,15.33181756,10.91403926,2.391527161,2.75276811,2.609092967,2.796546079,3.487390034,2.714325293,6.629248764,4.555415926,32.02476253,32.300295267719775,,,,,,,,,,14.0,14,,,,,,,,,,,,,,,,,,,,,,,,,,,,,,,-28.81444605449636,-78.08760712667622,15.10503225265272,-5.219296986116271,7.18460838195192,24.70347119211548,-22.16742989637161,144.2319194790777,-31.283074626221698,603.004139473169,
276.0,Germany,227.53670287185196,236.6178580993701,238.4469516180925,245.80620060370802,247.65673157779383,249.5115500429547,251.37065599918606,244.7514586,255.10173038486755,266.1923265,258.84995473484105,275.1496642,262.61532904910473,246.3873567,266.3978533276595,271.1844084,270.1975275705063,267.8030872,274.01435177764324,280.30293,277.8483259490722,,,,,,,,,,,,,,,,,,,,,,1995,1976,1994.0,1984,2002,1988.0,2016,1976,2001,2002,1994,1996.0,1993.0,1976,,,,,,,,,,,,,,,,,
300.0,Greece,52.552541656186804,41.511151018494274,39.60873890534276,33.018643834016984,31.62600841152016,30.335328327142633,29.146603580913506,29.81905999,27.07502010281314,24.24901466,25.41125797724817,22.15085983,24.155317204247694,25.49125219,23.3071977836953,26.13493438,22.8668997156783,20.65521901,22.834423000196693,22.971117649634834,23.209767637221375,,,,,,,,,,,,,,,,,,,,,,1994,1992,1994.0,1999,2002,1988.0,2016,1975,2003,2006,1995,1997.0,1994.0,1981,,,,,,,,,,,,,,,,,
312.0,Guadeloupe,227.44206917332485,126.95813968591392,110.58387930225581,57.49525614082813,47.32520494516939,38.39599558664486,30.70762806525454,24.260102381929755,19.053418536204845,22.89618932,12.8969904,3.518537147,1.878339672,16.61349225,4.392542203,20.05969858,29.43950986,29.08012609,54.9767651,25.07504503,53.35887572495267,,,,,,,,,,14.0,14,,,,,,,,,,,,,,,,,,,,,,,,,,,,,,,-43.67189133637021,-72.71815332203396,-46.615891959488806,784.4775254259764,-73.56039213850417,356.6762856894058,46.75948266417073,-1.2207532384508282,89.05270537635417,-54.38974085799748,
320.0,Guatemala,185.75676828320138,121.2991885622032,110.0345251748804,70.39871348184533,46.64541039,51.34759643,51.8644967,48.60777101,45.73600484,61.39102104,0.061823527,0.077057821,0.002542573,20.59749903,0.002067039,0.00092397,1.10591362,1.278862431,0.702333952,0.294494761,0.920109269,,,,,,,,,,,,15,15,15,15,,15,15,15,15,15,1995,1979,1995.0,,1999,1989.0,2017,1990,2010,2008,1997,1998.0,1995.0,1979,,10.080704619565466,1.0066688724265056,-6.279296816159014,-5.908039209222733,34.22908549788408,-99.89929548987348,24.641580219129192,-96.70043485916892,810004.5291521621,-99.98996461173762,-55.29982743431546,119591.50730002054,15.638546073788309,-45.08135238199049,-58.0691264944002,212.436549253248
348.0,Hungary,538.8380604283884,359.20005254726857,328.215725697577,220.75600072043017,198.0104650813155,176.91268768440932,157.46266852971166,134.8968931,123.50590494694188,129.2899082,96.14017433254048,67.1203592,75.36547668697312,54.45283163,61.181812008842826,70.94918135,53.58918030001223,60.84187125,52.58758156001568,46.87177342,58.17701578838751,,,,,,,,6.0,,6.0,,6,,,,,,,,,,1990,1985,1994.0,1983,2002,1989.0,2016,1979,2000,2008,2002,1999.0,1994.0,1985,,,,,,,,,,,,,,,,,
352.0,Iceland,-236.7254688255489,-89.58912472240627,-64.81248462153599,18.791980045847595,35.817572278901935,51.29295493895188,65.21812802599743,29.20262174,88.41784547828138,97.6923898444511,105.41672463808209,291.0538979,116.21476550307125,25.92342849,120.81196807557717,49.95914305,119.20833235327154,110.31918,111.40385833801702,144.0569039,97.39854602888227,,,,,,,,,,,,,,,,,,,,,,1995,2000,1994.0,,2002,1989.0,2016,1978,,2002,1985,1997.0,1993.0,1995,,,,,,,,,,,,,,,,,
356.0,India,7.592013528155803,7.2408317532231194,7.169355444343751,6.878822417,6.805774130482405,6.7318179138170535,6.657448379187599,6.582665526593814,6.507469356035585,7.005297781,6.355837061026705,5.206133937,6.202551494160275,6.125288733780735,6.336914748,6.254622403,5.891020544856133,5.729389935,5.956190069,5.653032494252898,5.358098641,,,,,,,,,,,,,,,,,,,,,,1992,1976,1994.0,1983,2002,1992.0,2016,1982,2005,2006,1995,1996.0,1993.0,1977,,,,,,,,,,,,-1.2986184645449477,,,3.9585389818645575,,
368.0,Iraq,-38.822495010332204,-22.77560115372762,-20.049369060026947,-10.754929610760882,-8.83394197979942,-7.074003241374157,-5.475113395485096,-4.037272442190442,-2.7604803813737817,-1.6447372131515294,-0.6900429374654777,0.086608637,0.7361989362980239,0.505352261,1.5182452399167232,3.643608612,1.6560959732742049,0.20776505,0.579721259,0.812250387,0.431153074,,,,,,,,,,,,16,,,,,,,,17,18,2011,2014,2009.0,2016,2009,2008.0,,2008,2017,2016,1985,2010.0,2009.0,1974,,,,,,,,,,,,,,,179.02732389302244,40.11050559041166,-46.918698851909554
372.0,Ireland,-904.0651665795594,-383.40088037773967,-298.2492649666965,-20.91360941529274,32.60260294750333,79.7917347047478,120.65378584899008,175.4393401,183.39664631336927,164.7060327,220.83118433877826,165.5870949,232.95739992707968,426.2448,219.7752930764109,102.3287789,181.28486378863454,104.370531,117.48611206002533,113.7161159,28.379037898033857,,,,,,,,,,6.0,,,,,,,,,,,,1994,2002,1996.0,1983,2002,1988.0,2016,1985,2005,2010,1996,1997.0,1994.0,1991,,,,,,,,,,,,,,,,,
380.0,Italy,-3.31428816402331,42.12392937019467,50.39293294295203,80.74014745349996,87.64475113607477,94.2764748405898,100.63531856716145,104.8718701,112.53436608577613,126.3487928,123.34189369238447,115.5946121,133.0579013869865,143.0343623,141.68238916934934,150.4512886,149.21535703958943,146.9494993,155.65680499759037,160.0143929,161.00673304323573,,,,,,,,,,,,,,,,,,,,,,1994,1979,1994.0,1983,2002,1988.0,2016,1977,2002,,1995,1997.0,1994.0,1978,,,,,,,,,,,,,,,,,
388.0,Jamaica,4.116230807316697,3.9209737195283196,3.8864213471811127,3.763835861,3.735509492,3.709961172,3.686620994,3.66464537,3.643421275,3.622822186,3.605324245996144,3.588768054492448,3.573711544725029,3.560154716694342,3.5480975704003868,3.5375401058431635,3.528482323023127,3.520924221939822,3.514865802593704,3.5103070649843175,3.507248009111663,,,,,,,,,,,,,,,,,,,,,,2003,1997,1995.0,,1999,1993.0,2017,1998,2002,2007,1983,1997.0,1995.0,1983,-0.7525931003929128,-0.6839313366681162,-0.6291218942169502,-0.5960912183749142,-0.5791582228869255,-0.5653776339657585,,,,,,,,,,,
400.0,Jordan,-1073.0536873918027,-529.1922602318227,-440.7700876146555,-154.91510654240847,-100.4097886197269,-52.6878416351974,13.64087196,6.039423184,12.49613402,70.36623690649867,84.1713291965425,199.3589924,15.89232589,8.626947515,162.4356282,51.44622656144202,5.564038562,-9.127411065623164,-49.58928628638387,-96.83453244902194,-150.8631495460868,,,,,,,,,,,,1920,19,19,1920,,,,,,,1989,1978,1994.0,2001,2003,1989.0,2016,1977,2002,2004,1995,1996.0,1993.0,1975,,,,-55.725534249498224,106.9093958029883,,,,-92.02828741323434,-45.71626850146352,1782.886477720735,,,,,,
398.0,Kazakhstan,276681.78659653664,179628.29528307915,162865.43800663948,104640.14551901817,92290.35655164719,80823.18124651909,70238.61960363388,45581.7926,108375.8404,16823.23895,16487.73101,28333.72947,14060.35073,18483.89753,25269.33896,21035.91546,22448.70522,19500.79144,14316.26775,8490.378333,7017.374756,,,,,,,,,,,,,,,,,,,,,,2003,2000,1994.0,2006,2009,1998.0,2016,2007,2007,2007,,1997.0,1995.0,1994,,,,,137.7612511887038,-84.47694717945643,-1.994312397256888,71.84735396771856,-50.37592652641361,31.461141225742367,36.71001431914995,-16.753202395603946,6.716084035831163,-13.131776425901142,-26.586221928231645,-40.694191522088566,-17.3490923399114
404.0,Kenya,,,,,,,,,,,,,,,,,,,,,0.76356682,,,,,,,,,,,,,,,,,,,,,,2000,1978,1994.0,1999,2005,1988.0,2016,1990,2005,2004,1989,1997.0,1994.0,1991,,,,,,,,,,,,,,,,,
414.0,Kuwait,,,,,,,,,,,,,,,,,,,,,1.221616222,,,,,,,,,,,,,,,,,,,,,,1993,2002,2002.0,,2005,1992.0,2018,2015,2006,2006,1986,1997.0,1994.0,2002,,,,,,,,,,,,,,,,,
417.0,Kyrgyzstan,393.96751151629724,103.4349543,688.4740806916961,1281.132753,1255.31144,1304.990876,1281.117594,1272.53163,1222.805189,1136.600328,1068.711992,1060.595626,1064.198289,1070.901993,1843.776769,881.3229026,1388.383585,1749.162164,1761.825979,2037.671992,2043.425663,,,,,,,,,,,,,,,,,,,,22,22,1996,2007,1996.0,2014,2003,2000.0,,2003,2000,2006,,1997.0,2000.0,1995,-2.015506428942274,3.9575386965325614,-1.8293830584605568,-0.670193278135567,-3.907678192643434,-7.049762445847778,-5.97292947464291,-0.7594530669400378,0.3396829962034836,0.6299299735107934,72.17044893481678,-52.20012978696988,57.53404125821704,25.98551170568615,0.7239931928918562,15.656825151174598,0.2823649253947217
428.0,Latvia,-192.7561736595817,-99.98306514020078,-84.18796324077994,-30.205954988952726,-19.010052763158455,-8.733990471577272,0.6222318848595023,7.440139895,16.575156793929636,29.36020345,28.848721964051947,31.06155448,37.442927395459265,32.04854714,42.35777308722027,46.02942159,43.59325904073194,51.52432689,41.14938525529578,33.54666167,35.026151730911806,,,,,,,,,,,,,,,,,,,,,,1992,1997,1996.0,1999,2002,1995.0,2017,1995,2003,2004,2004,2002.0,1995.0,1995,,,,,,,,,,,,,,,,,
422.0,Lebanon,,,,,32.20908973,28.52587276,,,,,,,,,,,,,,,,,,,,,,,,,,,,,,,,,,,,,1994,2013,1995.0,2019,2006,1993.0,,1999,2006,2003,1995,1996.0,1994.0,1983,,-11.435333941056406,,,,,,,,,,,,,,,
438.0,Liechtenstein,85.72238896973431,405.2750993221998,452.06426025927067,582.149633564055,600.4031592793763,612.9495579469949,619.7888295724988,620.9209741521627,616.3459916897118,300.7724569,1315.141104,216.9890771,228.1572162,782.7383742,481.6311782,385.0293463,387.9466438,309.1603919,208.065692,229.9872506,116.29029264114797,,,,,,,,,,23.0,23,23,23,23,23,23,23,23,23,23,,1992,1979,1998.0,1997,2004,1989.0,2017,1991,2004,2004,,1999.0,1994.0,,,,,,,,337.2545004801602,-83.50069992945791,5.146866952594634,243.0697425383471,-38.468434144135,-20.05722143259704,0.7576818567296875,-20.308527772859684,-32.69975797310405,10.53588334976436,
440.0,Lithuania,49.23707511823159,33.271062905783765,31.13314793666359,26.099112970754504,25.72001045709476,25.692670434480533,26.017092902911827,26.52081353,27.721225313143805,28.8097695,30.832407687674277,35.99764452,35.35064002650324,33.71627468,41.27592232986353,45.03619397,48.60825459752232,55.68807383,57.3476368294796,60.891729,67.49406902585179,,,,,,,,,,,,,,,,,,,,,,1999,2001,1996.0,2002,2003,1995.0,2017,1993,2004,2006,2003,2003.0,1995.0,1992,,,,,,,,,,,,,,,,,
442.0,Luxembourg,-1055.224991902709,-438.49483088590205,-331.9365913756192,38.33705768547952,116.91564270853996,189.89829683117568,257.285020057112,274.1186183,375.27067381702363,502.40144,470.87260398082435,410.4575298,544.0908105559647,748.3367429,594.9252935424447,591.8288764,623.3760529309511,427.7274432,629.4430887345225,737.8993416,613.1264009457082,,,,,,,,,,,,,,,,,,,,,,1994,1983,1994.0,1983,2002,1988.0,2016,1998,2002,2003,2000,1997.0,1994.0,1983,,,,,,,,,,,,,,,,,
450.0,Madagascar,,,,,,0.113628792,,,,,2.364831,,,,,,,,,,,,,,,,24.0,,,,,,,,,,,,,,,,1999,1975,1996.0,2007,2003,1996.0,2016,1999,2004,2005,2001,1997.0,1999.0,1983,,,,,,,,,,,,,,,,,
458.0,Malaysia,-155.33273772406392,-71.37235499010421,-56.673471414949745,14.86052657,17.73069038,19.04498452,18.66706936,18.65345388,21.39240575,42.20759326,42.7719587,48.13158781,61.77447577,109.8273022,114.5994266,97.85643221,100.6352234,78.83969976,96.41180406,90.1627791,64.85463141,,,,,,,,,,,,,,,,,,,,,,1993,1977,1994.0,,2002,1989.0,2016,1995,2002,,1996,1997.0,1994.0,1988,19.31401149535443,7.412537875471046,-1.984329047908308,-0.0729384979367675,14.683349730403927,97.3017609765559,1.3371182680886078,12.53070767133234,28.344977967183343,77.78750985910634,4.345116655337451,-14.610015849765173,2.8396612539855512,-21.65794729084886,22.288395761896787,-6.4815973738143535,-28.069396199434586
470.0,Malta,1297.2406528685242,730.6384002901614,638.1891682799906,337.96296858787537,280.2991007491946,229.59230574592948,185.84258358180523,108.8993524,119.2143577542156,124.8571212,80.41442326642573,134.1015413,69.44278011843562,59.7342049,86.29942830838263,90.27564884,130.98436783999205,85.20421209,203.49759871140122,307.2719726,303.83912092261016,,,,,,,,6.0,,6.0,,6,,,,,,,,,,2000,1989,2001.0,2001,2001,1988.0,2016,1989,2017,2017,1993,1998.0,1994.0,1978,,,,,,,,,,,,,,,,,
474.0,Martinique,379.9128210567869,216.19581172941253,189.10113938292488,99.55154839064926,81.87142524123192,66.07421193178743,52.15990846185014,40.128514831420034,29.980031040497124,25.60839108,11.87191412,8.670207274,8.773258221,10.40490238,3.90631954,12.03331595,9.11901524,45.04620325,21.26647696,41.79262133,55.06519303191453,,,,,,,,,,14.0,14,,,,,,,,,,,,,,,,,,,,,,,,,,,,,,,-53.64053101613286,-26.968750056962172,1.1885638225631376,18.59792699472168,-62.456932344616575,208.0474043861757,-24.218600443213667,393.9810063306791,-52.789635028785696,96.51878121894624,
480.0,Mauritius,-20.72528087133105,-12.390254241305229,-10.785065934964223,-4.570369441862567,-3.0682095016600215,-1.5866552346560638,0.744420568,1.3146362796542235,2.734373526960553,4.133505101068295,5.767028578,5.914662634,6.068210903,6.230993906,13.63044484,14.14904286,14.69025646,15.25508788,15.8385717,16.44067931,17.06291118,,,,,,,,,,,,,,,,,,,,,,1992,1975,1993.0,2004,2001,1992.0,2016,2001,2005,2004,1994,1996.0,1992.0,1995,,,,,,,,2.559967477241106,2.596061322540004,2.682553484084144,118.75233783931098,3.804703559476792,3.825089833673744,3.844939137298077,3.8248473203813473,3.801527192000532,3.7847090030004376
492.0,Monaco,1.3387103871209547,10.68880088,10.93880820198683,9.505797529,10.78414728,17.40825576,24.11502118,19.2765802,13.58890869,13.26688559,16.62253915,19.01096074,10.97298389,13.89115108345868,13.060181716748048,12.090298883267678,7.952519105,8.051982851,8.215412445,10.06750693,5.252917227,,,,,,,,,,,,,,,,,,,,,,1992,1978,1993.0,1993,2006,1993.0,2016,1997,,2004,1996,1999.0,1992.0,1978,13.44810624358501,61.42449938795718,38.52634929348028,-20.06401298130644,-29.50560447438701,-2.3697495313731545,25.293453668804887,14.368572505362396,-42.28075035202036,,,,,1.2507199880533908,2.029681347119403,22.54414489107248,-47.82305824546376
504.0,Morocco,-6.414807989844121,-0.3718847810232546,0.6511557725025341,4.124837693,4.838638098837691,5.490590475834324,6.0806948234385345,6.608951141606667,7.0753594303678256,7.479919689692906,7.822631919640116,8.10349612,8.322512291226303,8.479680432894384,8.57500054515549,8.608472628009622,8.580096681,8.489872705424204,8.337800699999207,8.123880665181787,7.848112600913737,,,,,,,,,,,,,,,,,,,,,,1995,1975,1995.0,1993,2002,1995.0,2016,1980,2011,2004,2007,1996.0,1995.0,1975,,,,,,,,,,,,,,,,,
104.0,Myanmar,0.35711224509395834,0.2212565720569728,0.19803573951821818,0.1183200829254929,0.101683087168567,0.08636285876764305,0.0723593977222663,0.05967270403380098,0.048302777701792365,0.03824961872533095,0.02951322710578097,0.022093602842687687,0.015990745934686856,0.011204656384052214,0.007735334189874266,0.005550488,0.004647802,0.00560435,0.006814637,0.009991479,0.014686455,,,,,,,,,,,,,,,,,,,,,,2015,1997,1995.0,,2003,1993.0,2017,2005,,2004,1996,1997.0,1994.0,1994,,,,,,,,,,,,,-16.26318262466291,20.58065296241104,21.595492786853068,46.61791963387044,46.98980000858732
528.0,Netherlands,-571.6810152512044,-225.48598237428814,-166.64332259818912,34.072827177122235,75.58824228774756,113.63820846565068,148.2227257117629,131.1713101,206.9954134048894,312.3864751,251.9063053643331,268.8190299,282.9554015919566,268.9265313,300.14270208776,289.1995495,303.46820685174316,286.0624196,292.93191588297486,302.3419784,268.53382918518037,,,,,,,,,,,,,,,,,,,,,,1993,1984,1994.0,1983,2002,1988.0,2017,1980,2000,2002,1996,1995.0,1993.0,1992,,,,,,,,,,,,,,,,,
562.0,Niger,,,,,,,,38.31793557,40.68010975,,,,,,,,,,,,,,,,,,,,,,,,,,,,,,,,,,1998,1975,1995.0,1983,2004,1992.0,2016,1987,2006,2006,2013,1996.0,1995.0,1974,,,,,6.164669742410124,,,,,,,,,,,,
807.0,North Macedonia,-5729.614540673792,-3344.761288136244,-2941.2016315609217,-1571.6663183644414,-1290.4583183452487,-1033.720649637282,-801.453312240541,-593.656306155026,-410.3296313583851,-251.47328789532185,-117.0872757434845,3.115540554,78.27375463396311,72.212867,175.7534597814083,327.1727202,175.35183967649937,19.63489879,77.06889434158802,27.39642417,-119.09537625312805,,,,,,,,,,,,,,,,,,,,,,1997,2000,1998.0,1999,2004,1994.0,2018,1991,2010,2004,1994,2002.0,1998.0,1997,,,,,,,,,,,,,,,,,
578.0,Norway,-939.563774196431,-424.5343267004937,-337.4891591425985,-42.51089537329972,17.933068949729204,73.0567926261574,122.86027565784752,145.7050498,206.5065197777003,260.601061,268.8718013111502,303.405975,309.9561202581972,360.8426162,329.7594766188413,270.774562,328.28187039121985,309.6454114,305.5233015716076,308.7172797,261.4837701693177,,,,,,,,,,,,,,,,,,,,,,1990,1976,1993.0,1985,2002,1988.0,2016,1975,2001,2002,1996,1996.0,1993.0,1977,,,,,,,,,,,,,,,,,
591.0,Panama,0.070081776,0.079545518,0.12767854082630947,0.092863954,0.247135308,0.433012161,0.526468814,0.461814072,0.464532726,0.523354883,0.34219341,0.478606874,0.653268662,0.833630259,0.83464992,0.8679091654512376,0.9405494595011987,1.0162927982564725,1.0951391817216063,1.1770886098929623,1.2621410827714499,,,,25.0,25.0,25.0,25.0,25.0,25.0,25.0,25,25,25,25,25,,,,,,,1991,1978,1995.0,1989,1999,1989.0,2016,1990,2000,2003,1996,1996.0,1995.0,1978,166.12619574652186,75.21258475943876,21.582916466865694,-12.280830370324647,0.5886901601387293,12.662650811818152,-34.61541659104001,39.86443339163079,36.49379009963823,27.60909982239436,0.1223157375816969,,,,,,
608.0,Philippines,-981.5410071806982,-583.3992845248431,-515.4373445920646,-282.4776001852006,-233.95966791547835,-189.33053717575967,-148.59020797070116,-111.73868029844016,-78.77595415804535,-49.70202955137938,-24.516906476579607,-3.220584934577346,20.60976592,14.36631282,52.26120767,8.057703741,90.79411714,24.86230009,42.45931143,14.33294829,19.95328503,,,,,,,,,,,,,,,,,,,,,,1993,1981,1994.0,1994,2003,1991.0,2017,1994,2006,2004,1984,2000.0,1994.0,1985,,,,,,,,,,-30.29366332560463,263.7760664465331,-84.58186463680701,1026.7989002625209,-72.61683810233698,70.77788972178719,-66.24309766862369,39.21270506446515
616.0,Poland,110.70706426398829,81.42435893346556,76.56117190117948,60.41960388538428,57.21200690965634,54.33552794530988,51.79016699211206,41.98901742,47.692799119860865,62.09211457,44.919903292669915,38.31156273,43.47147951077204,38.92778303,43.34752777405083,45.33250739,44.548048082506284,44.13201972,47.0730404361384,50.46521623,50.922504834947176,,,,,,,,,,,,,,,,,,,,,,1992,1989,1996.0,1996,2002,1990.0,2016,1978,2005,2008,1998,2001.0,1994.0,1976,,,,,,,,,,,,,,,,,
620.0,Portugal,1634.872820744291,1065.0629579685628,966.3872692510486,622.6387938447297,549.4402448628098,481.33712382242084,418.3294307291508,214.9644177,307.600328380242,571.9935875,217.25293781608343,53.03029947,147.2872590366751,63.94784761,97.70329204201698,69.35063445,68.50103683583438,70.86130995,59.68049341067672,80.82879927,71.24166177213192,,,,,,,,6.0,,6.0,,,,,,,,,,,,1994,1980,1994.0,1983,2002,1988.0,2016,1981,2005,2004,1997,1996.0,1993.0,1980,,,,,,,,,,,,,,,,,
498.0,Republic of Moldova,44.18603905,0.662582546,13.570601303246804,0.691725407,0.546170653,0.547572485,0.86105101,0.462996632,0.417779161,0.411607029,0.627808273,0.358755083,0.412593627,0.220101403,0.761765924,0.952695864,1.020962871,0.310059859,1.78372051,1.467285028,2.142037059,26.0,26,,26.0,26.0,26.0,26.0,26.0,26.0,26.0,26,26,26,26,26,26,26,26,26,26,26,1998,2001,1996.0,2001,2003,1996.0,2017,2000,2005,2004,2007,1999.0,1995.0,2002,-21.042273787696796,0.2566655663939512,57.24877227897965,-46.2288962415827,-9.766263483316228,-1.477367129855478,52.52613020852954,-42.85594847521227,15.007047022104503,-46.65419226167543,246.09771387963391,25.06412192835236,7.16566635582666,-69.63064301287407,475.2826295389626,-17.74019417425435,45.986431955877634
642.0,Romania,562.9174157315865,345.3806211100891,308.54917968902737,183.47647234611213,157.77156009711325,134.29195368103683,113.03765309788287,106.2244722,77.2049694377929,49.62671205,50.27350911311805,25.49113197,32.2432721266523,34.0350859,23.114258475601673,34.16995947,22.88646816276014,29.46202442,31.55990118533373,31.57052739,49.13455754518509,,,,,,,,13.0,,,,,,,,,,,,,,1991,1994,1994.0,1998,2001,1993.0,2017,1991,2003,2004,1996,1998.0,1994.0,1990,,,,,,,,,,,,,,,,,
643.0,Russian Federation,3317.8437419235706,2478.5606777388602,2330.2036029063165,1801.7737635727972,1685.9159187432379,1450.725756,1986.879938,991.1268598,992.1912957,976.8885548,2009.447982,858.8198037,985.5081425,798.9068434,838.7467991,792.5292067,808.3537529,859.4718031,759.2786942,676.394491,736.5922166,,,,,,,,,,,,,,,,,,,,,,1995,1992,1995.0,,2004,1988.0,2019,1977,2011,2011,1997,2003.0,1994.0,1988,,,36.9576523876095,-50.1164191733864,0.1073965345076728,-1.5423175920127157,105.69879461955593,-57.26090889672008,14.751445909164708,-18.934526367954387,4.986808666007732,-5.51031520473077,1.996714577358173,6.323722753387612,-11.657521344925664,-10.916176607237665,8.89979537104184
638.0,Réunion,48.43069118994754,27.544538534944877,24.16055419750046,13.28338152,11.206863476196304,9.409371525398456,7.876294972375035,6.6076338168932125,5.603388059535064,9.853312064,1.246390969,1.362185867,1.301702291,5.775906391,3.020408358,9.247464472,9.820036543,10.47306759,9.161889782,9.702877405,14.176839996944182,,,,,,,,,,14.0,14,,,,,,1427,1427,1427,1427,,,,,,,,,,,,,,,,,,,,,,-87.35053796221672,9.290415357622836,-4.440185254102331,343.7194611190863,-47.70676403782459,206.16603372543048,6.1916655396045694,6.649985915434275,-12.519520157130964,5.904760217295543,
670.0,Saint Vincent and the Grenadines,,,,,,0.001387014,,,,,,,,,,,,,,,,,,,,,,,,,,,,,,,,,,,,,1996,1988,1996.0,,2004,1996.0,2016,,2010,2005,1993,1998.0,1996.0,2003,,,,,,,,,,,,,,,,,
682.0,Saudi Arabia,,,,,,,,,,,,,,,,,,,,17.24028782,27.18935975,,,,,,,,,,,,,,,,,,,,28,,1990,1996,2002.0,1991,2005,1993.0,2016,,2000,2012,1996,1997.0,1994.0,1978,,,,,,,,,,,,,,,,,57.70827049916387
688.0,Serbia,-7938.871888004243,-4545.106723472476,-3953.191183768213,-1874.987335652113,-1427.8009512796998,-1009.5603979974985,-620.2656757608056,-259.91678461432457,71.48627547174692,373.94350449740887,647.4549024477601,915.1752746,1106.100815,1236.05604,1422.788902,1612.889339,1879.406433,1513.32167,1866.811344,1806.495085939765,1790.5481732189655,,,,,,,,,,,,,,,,,,,,,,2000,2006,2002.0,2008,2007,2001.0,2017,1992,2009,2009,2001,2007.0,2001.0,2001,,,,,,,,,20.862182982756917,11.748949393912158,15.107151776063493,13.361113284815325,16.524202098405713,-19.478743744408582,23.35852852751391,,
702.0,Singapore,-39.135809963801876,18.65022182,18.49928345484659,31.0427291,50.7298361,46.96422935,51.07647269,63.61497835,75.48359601,89.55092488,103.7500465,97.29733964,71.69443349,85.52984755,83.57777805,53.21613263,61.02243381,74.41326126,79.91033133,84.72263371,82.59399633,,2930,,29.0,29.0,29.0,29.0,29.0,29.0,29.0,29,29,29,29,29,29,29,29,29,29,29,1996,1986,1996.0,,2006,1989.0,2016,,2005,2005,1994,1999.0,1997.0,2012,63.419382157350334,-7.42286401749286,8.756118000688552,24.548495617738396,18.656954647851418,18.636272797782937,15.855918449783854,-6.219473704043104,-26.314086535901925,19.297752121759608,-2.282325475745564,-36.327413971015474,14.669050143638756,21.944105821301388,7.387218322273552,6.022127927522875,-2.512477819429205
703.0,Slovakia,148.2916802688269,122.18415857286891,117.70130199572304,102.23203489423031,98.9802579205134,95.97469686763361,93.21535173535813,78.20730342,88.43530923285289,98.71945031,84.6401304131723,97.65124315,81.82981527619995,76.87942218,80.00436382193584,68.34377256,79.1637760506128,68.37867241,79.30805196188157,91.16609865,80.43719155603321,,,,,,,,,,,,,,,,,,,,,,1993,1993,1994.0,1995,2002,1993.0,2016,1993,2007,2002,1996,2002.0,1994.0,1993,,,,,,,,,,,,,,,,,
705.0,Slovenia,-42.89816283760592,2.684010859229602,10.35848575644195,36.24985253904015,41.5210610331269,46.31161624623928,50.62151817895938,54.18518351,57.79936220217496,58.09238588,63.054593102657236,75.44634875,66.3872108804062,57.29602654,67.79721553553827,64.71299123,67.28460706793703,75.08096782,64.84938547760248,59.59729149,60.49155076453462,,,,,,,,,,,,,,,,,,,,,,1993,2000,1996.0,1999,2002,1992.0,2016,1991,1999,2004,1995,2001.0,1995.0,1992,,,,,,,,,,,,,,,,,
710.0,South Africa,,,,,,,,,,,,,,,25.23932756,,,,,,913.4703129,,,,,,,,,,,,,,,,,,,,,,1994,1975,1996.0,1991,2002,1990.0,2016,1975,2002,2002,1997,1997.0,1997.0,1997,,,,,,,,,,,,,,,,,
724.0,Spain,107.98338191014773,97.16609067178797,95.14022216908052,87.49538064144144,85.69882838033664,83.94813936755236,82.24331360310316,71.87758035,78.97125181910815,90.06591582,75.8826430284389,79.32121461,72.97748723106633,63.92903302,70.25578442693222,66.45581561,67.71753461610933,63.80184261,65.36273779858311,68.27286932,63.19139397433901,,,,,,,,,,,,,,,,,,,,,,1994,1986,1994.0,1985,2002,1988.0,2017,1982,2004,2004,1997,1996.0,1993.0,1982,,,,,,,,,,,,,,,,,
144.0,Sri Lanka,,,2.209700586,,,,,,,,,,,,,,,,,,,,,,,,,,,,,,,,,,,,,,,,1992,1979,1994.0,1990,2002,1989.0,2016,1990,2006,2005,1994,1998.0,1993.0,1980,,,,,,,,,,,,,,,,,
275.0,State of Palestine,-3.858955670002615,-0.8307616223610239,-0.35227108413528185,1.556309647,1.4044402504514437,1.6286342460516607,1.787724361,1.304436736,1.58683726,1.397292424,2.256477177,3.085421474,3.643976278,1.003238641,1.739156136973179,1.050533649,1.2975062290934147,1.03237251,0.6863252927723806,0.31716068895184435,-0.09438667196081951,,,,31.0,,,32.0,32.0,32.0,32.0,3233,32,32,32,,32,,32,,,,2015,,2015.0,,,2019.0,2016,,2017,2017,2015,2017.0,2015.0,2011,,,,-27.033676753706214,21.64923113603572,-11.944818840465093,61.48925867217039,36.736214549357264,18.10303093780827,-72.46857376495798,,,,,,,
740.0,Suriname,-0.033720768003661306,-0.01687289391225022,-0.014008840798453548,-0.004237700692328872,-0.0022161837529779405,-0.0003631740485161572,0.0013213284211701648,0.0028373236559104953,0.0041848116558753645,0.005363792420837399,0.006374265951080815,0.008638294,0.008048112,0.008154297,0.006584034,0.006386421,0.007381759,0.012904905,0.011714503,0.007842332,0.004592455,,,,,,,,,,,,3435,3435,3435,3435,3435,3435,3435,3435,3435,3435,2011,1980,1996.0,,2006,1997.0,2019,1985,2000,2011,1998,2000.0,1997.0,1997,,,,,,,,,-6.832159220327531,1.3193777621384988,-19.2568776928287,-3.0013970158720342,15.585223711371365,74.821543212126,-9.22441505768543,-33.05450517192236,-41.44018641393913
752.0,Sweden,-367.58402385842055,-99.73481809161603,-54.76924586854875,96.41214660275728,127.03727061394602,154.79430498275906,179.68324970733374,180.7179668,220.85687022842467,291.7723144,250.55813217908144,223.385685,268.78703555837274,269.1922019,275.54358036629856,282.6512196,270.8277666037902,264.9729363,254.6395942689851,241.8901255,226.9790633637458,,,,,,,,,,,,,,,,,,,,,,1991,1974,1994.0,1983,2002,1988.0,2016,1975,2003,2002,1996,1995.0,1993.0,1985,,,,,,,,,,,,,,,,,
760.0,Syrian Arab Republic,,,,,,,0.002641361,,,,,,,,,,,,,,,,,,,,,,,,,,,,,,,,,,,,1992,2003,1996.0,2003,2006,1989.0,2017,1998,2003,2005,,1997.0,1996.0,1975,,,,,,,,,,,,,,,,,
764.0,Thailand,34.7475607850356,29.50586180423852,28.79315301257884,26.20793983,25.96653747,27.7807414,27.8832211,27.81442951,27.72620425,27.83172453,27.93236338,28.96705362838111,29.708745856041787,30.562315085204318,31.527761315810494,32.60508454794763,33.79428478158661,30.172964,40.74830181,38.03314749134006,39.669855730840936,,,,,,,,,,,,,,,,,,,,,,1997,1983,2004.0,,2002,1989.0,2016,1998,2002,2005,2011,2001.0,1994.0,1987,-0.921103915705999,6.986699447687284,0.3688875632383229,-0.2467132106197014,-0.3171924125507671,0.3805796099911525,0.3615976074049007,,,,,,,,35.04905189294628,,
768.0,Togo,,,,,,,,,,,0.316804741,,,,,,0.168543669,,,,,,,,,,,,,,,36,,,,,,,,,,,2004,1978,1996.0,1996,2004,1991.0,2017,1995,2004,2004,1985,1995.0,1995.0,1998,,,,,,,,,,,,,,,,,
780.0,Trinidad and Tobago,15.928097047843039,2.6690142564475536,1.8145885185804218,4.388188305310905,6.529413936194032,9.269769840408117,8.918641924,24.107521,24.57295437,24.22272536,27.14701434,31.84559256,45.22790883318521,52.761306926375255,60.89383529359475,69.62549393461086,91.94852444,90.78579217,90.42635858,110.54343123361468,122.27074124291539,,,,,,,,,,,,,,,,,,,,,,1994,1984,1996.0,2018,1999,1989.0,2018,1993,2009,2002,1986,2000.0,1994.0,2005,,,,170.3048424348873,1.9306562877203477,-1.425262118370194,12.07250190281644,17.307900460629448,,,,,,-1.2645469593791412,-0.3959139215604806,,
788.0,Tunisia,,,,,15.43067788,15.22658517,,,,,,,,,,,,,,,,,,,,,,,,,,,,,,,,,,,,,1995,1974,1993.0,1987,2003,1989.0,2017,1981,2016,2004,1985,1995.0,1993.0,1975,,-1.322642540963984,,,,,,,,,,,,,,,
792.0,Turkey,-24.019592527707573,-18.767524737282656,-17.004700595862232,-7.578702085418627,-4.628526971675456,-1.440881663467735,1.9842338392045349,14.88749319,9.546875427884515,0.157002108,18.059397794422694,14.45602694,27.52180093876086,44.60007915,37.93408486095723,53.48273131,49.296249560953584,44.44462918,61.60829503880814,69.53482363,74.87022129452089,,,,,,,,,,,,,,,,,,,,,,1994,1996,1997.0,,2009,1991.0,,1994,2017,2009,,1998.0,2004.0,1983,,,,,,,,,,,,,,,,,
804.0,Ukraine,66.36782230483368,69.9897591,62.64631490386091,53.50577698,52.54542271,36.03163195,51.21606387,51.26013725,51.43202604,50.86071877,55.73265984,49.82510881,26.74995343,36.24956052,31.47426948,30.16963954,20.39828747,16.39824747,13.07485774,13.8875756,13.60564586,,,,,,,,,,,,,,,,,,,,,,1999,1999,1995.0,1999,2004,1988.0,2016,1991,2002,2007,1999,2002.0,1997.0,1988,-1.7948608995230098,-31.427648514962343,42.1419488883295,0.0860538211446126,0.335326433407076,-1.1108006314114052,9.578985881091588,-10.599800990944404,-46.3123030357914,35.51261169429259,-13.173376370633036,-4.145068214622154,-32.38803054655256,-19.609685400712703,-20.266737260064048,6.215883003557631,-2.030086086444064
826.0,United Kingdom of Great Britain and Northern Ireland,393.75297273974866,281.41644154908136,262.011238980107,194.5974409331102,180.2957444791682,167.0147492478136,154.75445523974486,133.1399532,133.29597089230083,138.9486668,115.92029143660329,117.3589178,102.62741687358357,82.81659089,93.41734720184468,89.97197649,88.29008242231794,85.69996616,87.24562253453769,91.80741713,90.28396753920242,,,,,,,,,,,,,,,,,,,,,,1994,1976,1994.0,1985,2002,1988.0,2016,1976,2004,2005,1997,1996.0,1993.0,1984,,,,,,,,,,,,,,,,,
834.0,United Republic of Tanzania,0.000553819,0.000534032,0.0008412013529461859,0.001419332,0.001564256,0.001428164,0.001370963,0.000470588,0.000517628,0.000553711,0.000607055,0.001222899,0.001153272,0.001261036,0.001151229,0.001161502,0.001359132,0.001226647,0.001139219,0.0011646215467182586,0.0011669411623542736,37.0,,,,,,,37.0,37.0,37.0,37,37,37,37,37,38,39,39,39,,,1993,1979,1996.0,1999,2002,1993.0,2018,2000,2002,2004,1985,1997.0,1996.0,1977,10.21071884520324,-8.70011046785181,-4.005212286544122,-65.67463892169228,9.996004998002508,6.970836198969146,9.633906496349177,101.44780950655212,-5.693601842834105,9.344196338764837,-8.707681620508865,0.8923506965165138,17.015037425678138,-9.74776548561877,-7.1273968794608455,,
860.0,Uzbekistan,196.75361693277955,125.90307694789954,113.63625600468367,70.91326240892522,61.8185865546111,53.3583397178445,45.53252189909108,38.34113309835084,31.784173314692453,25.861642549512908,20.573540802113712,15.919868072494864,11.900624360190704,8.515809666365385,5.765423990087584,3.6494673313573003,2.167939690873027,1.265421043,1.274431536,1.363670804,2.64153933,,,,,,,,,,,,,,,,,,40,40,40,40,1996,1997,1995.0,1998,1999,1993.0,2018,2002,,2019,,1995.0,1993.0,1993,,,,,,,,,,,,,,,0.7120549361687927,7.002280270001106,93.70799185930213
887.0,Yemen,,2.493366308,,,,,,,,,,,,,,,,,,,,,,,,,,,,,,,,,,,,,,,,,1996,1997,1996.0,2006,2004,1996.0,,2008,2006,2004,1987,1997.0,1996.0,1980,,,,,,,,,,,,,,,,,
894.0,Zambia,30.366916608531028,12.657487586257048,10.291569260298274,4.747787555,4.3418150236830115,4.327831655158661,4.705837445,5.475832396186888,6.637816504,8.191789775388315,10.137752204434946,12.475703792879358,15.20564454072155,18.327574448194355,21.84149351529777,25.747401741798967,30.04529912781436,34.73518567334395,39.81706137850415,45.29092624329496,51.15678026736714,,,,,,,,,,,,,,,,,,,,,,1994,1980,1993.0,,2006,1990.0,2016,1991,2011,2006,1983,1996.0,1993.0,1984,,,,,,,,,,,,,,,,,
,,,,,,,,,,,,,,,,,,,,,,,,,,,,,,,,,,,,,,,,,,,,,,,,,,,,,,,,,,,,,,,,,,,,,,,,,,
,,,,,,,,,,,,,,,,,,,,,,,,,,,,,,,,,,,,,,,,,,,,,,,,,,,,,,,,,,,,,,,,,,,,,,,,,,
